2025-06-10 11:28:22.1397 INFO 1081489826-04;Wicomico County Public Schools;Wicomico County Board of Education;0.0;unsupported 
2025-06-10 11:28:22.8739 INFO 1081489826-03;Wicomico County Public Schools;Wicomico County Board of Education;0.0;unsupported 
2025-06-10 11:28:23.5480 INFO 5101503875-03;Charles Schwab;Charles Schwab;0.3;unsupported 
2025-06-10 11:28:23.9020 INFO 4010503125-05;Quarles & Brady, LLP;Quarles & Brady;0.5; 
2025-06-10 11:28:23.9020 INFO 4010503125-05;Quarles & Brady, LLP;Quarles Petroleum;0.5; 
2025-06-10 11:28:23.9020 INFO 4010503125-05;Quarles & Brady, LLP;Quarles Supply;0.5; 
2025-06-10 11:28:23.9400 INFO 4010503125-05;Quarles & Brady, LLP;Quarles Lumber;0.5; 
2025-06-10 11:28:23.9990 INFO 4010503125-05;Quarles & Brady, LLP;Quarles Agency of Georgia;0.5; 
2025-06-10 11:28:24.0052 INFO 4010503125-05;Quarles & Brady, LLP;Quarles Fire Protection;0.5; 
2025-06-10 11:28:24.0772 INFO 4010503125-05;Quarles & Brady, LLP;Quarles Law Firm;0.5; 
2025-06-10 11:28:24.7530 INFO 1083504739-04;Renewal by Anderson;Renewal by Andersen (Franchise);0.9;high 
2025-06-10 11:28:24.7530 INFO 1083504739-04;Renewal by Anderson;Renewal by Andersen (Corporate);0.9;high 
2025-06-10 11:28:24.7530 INFO 1083504739-04;Renewal by Anderson;Renewal By Anderson;0.5; 
2025-06-10 11:28:25.1058 INFO 1055503329-04;McCormick & Co Inc;McCormick & Company;0.0;unsupported 
2025-06-10 11:28:25.1058 INFO 1055503329-04;McCormick & Co Inc;McCormick & Schmicks;0.9;high 
2025-06-10 11:28:25.1058 INFO 1055503329-04;McCormick & Co Inc;McCormick Taylor;0.5; 
2025-06-10 11:28:25.1058 INFO 1055503329-04;McCormick & Co Inc;Mccormick Place Convention Center;0.5; 
2025-06-10 11:28:25.1058 INFO 1055503329-04;McCormick & Co Inc;McCormick, Barstow, Sheppard, Wayte & Carruth;0.5; 
2025-06-10 11:28:25.1058 INFO 1055503329-04;McCormick & Co Inc;Mccormick Paint Works;0.5; 
2025-06-10 11:28:25.1118 INFO 1055503329-04;McCormick & Co Inc;McCormick Equipment;0.5; 
2025-06-10 11:28:25.1118 INFO 1055503329-04;McCormick & Co Inc;McCormick Distilling;0.5; 
2025-06-10 11:28:25.1118 INFO 1055503329-04;McCormick & Co Inc;McCormick Theological Seminary;0.5; 
2025-06-10 11:28:25.1118 INFO 1055503329-04;McCormick & Co Inc;McCormick Trucking;0.5; 
2025-06-10 11:28:25.6907 INFO 1024502694-04;Johns Hopkins University;Johns Hopkins University;0.0;unsupported 
2025-06-10 11:28:25.6907 INFO 1024502694-04;Johns Hopkins University;Johns Hopkins Medicine;0.0;unsupported 
2025-06-10 11:28:26.4038 INFO 1024502694-03;Baltimore City Public Schools;Baltimore City Public Schools;0.0;unsupported 
2025-06-10 11:28:26.4038 INFO 1024502694-03;Baltimore City Public Schools;Baltimore County Public Schools;0.0;unsupported 
2025-06-10 11:28:27.0859 INFO 1022503055-05;City of Richmond;City of Richmond Heights, MO;0.5; 
2025-06-10 11:28:27.7360 INFO 1012504907-02;Internal Revenue Service;Internal Revenue Service;0.9;high 
2025-06-10 11:28:28.2115 INFO 5012414952-01;The Citadel;Citadel Military College of South Carolina;0.5; 
2025-06-10 11:28:28.2115 INFO 5012414952-01;The Citadel;Citadel;0.0;unsupported 
2025-06-10 11:28:28.6289 INFO 1024500233-01;Johns Hopkins University;Johns Hopkins University;0.0;unsupported 
2025-06-10 11:28:28.6289 INFO 1024500233-01;Johns Hopkins University;Johns Hopkins Medicine;0.0;unsupported 
2025-06-10 11:28:28.9635 INFO 1024484072-05;All Roads LLC;All Roads;0.5; 
2025-06-10 11:28:28.9635 INFO 1024484072-05;All Roads LLC;All Roads Transportation;0.5; 
2025-06-10 11:28:28.9635 INFO 1024484072-05;All Roads LLC;All Roads Logistics;0.5; 
2025-06-10 11:28:28.9635 INFO 1024484072-05;All Roads LLC;All Roads Capital;0.5; 
2025-06-10 11:28:28.9635 INFO 1024484072-05;All Roads LLC;All Roads Express Auto Transport;0.5; 
2025-06-10 11:28:28.9635 INFO 1024484072-05;All Roads LLC;All Roadside Towing;0.5; 
2025-06-10 11:28:28.9725 INFO 1024484072-05;All Roads LLC;All Roads Music Festival;0.5; 
2025-06-10 11:28:29.5468 INFO 1024484072-04;University of Maryland Medical Center;University of Maryland Medical System;0.3;low 
2025-06-10 11:28:29.9083 INFO 1047503826-03;PTC Inc;PTC Therapeutics;0.5; 
2025-06-10 11:28:29.9093 INFO 1047503826-03;PTC Inc;Ptc;0.5; 
2025-06-10 11:28:29.9093 INFO 1047503826-03;PTC Inc;PTC;0.5; 
2025-06-10 11:28:29.9093 INFO 1047503826-03;PTC Inc;PTC Group Holdings;0.5; 
2025-06-10 11:28:29.9093 INFO 1047503826-03;PTC Inc;Putco;0.5; 
2025-06-10 11:28:29.9093 INFO 1047503826-03;PTC Inc;Pharmacy Technician Certification Board;0.5; 
2025-06-10 11:28:29.9093 INFO 1047503826-03;PTC Inc;Pittsburgh Technical College;0.5; 
2025-06-10 11:28:29.9093 INFO 1047503826-03;PTC Inc;Physical Therapy Central;0.9;high 
2025-06-10 11:28:29.9093 INFO 1047503826-03;PTC Inc;PT&C|LWG Forensic Consulting Services;0.5; 
2025-06-10 11:28:29.9093 INFO 1047503826-03;PTC Inc;Project Time & Cost;0.5; 
2025-06-10 11:28:30.9567 INFO 1083473390-02;Maryland Judiciary;Maryland Judiciary;0.5; 
2025-06-10 11:28:31.5338 INFO 1014505277-01;Exelon;Exelon;0.9;high 
2025-06-10 11:28:32.0123 INFO 1024505498-02;Charm City Run;Charm City Run;0.5; 
2025-06-10 11:28:32.8859 INFO 1083503407-01;Constellation Energy;Constellation Energy Resources;0.9;high 
2025-06-10 11:28:32.8859 INFO 1083503407-01;Constellation Energy;Constellation Energy Partners;0.5; 
2025-06-10 11:28:32.8859 INFO 1083503407-01;Constellation Energy;Constellation Energy Services Natural Gas;0.5; 
2025-06-10 11:28:33.5014 INFO 1010505698-01;Coates Field Service Inc.;Coates Field Service;0.5; 
2025-06-10 11:28:34.1471 INFO 5101505078-01;Align Technology Inc;Align Technology;0.0;unsupported 
2025-06-10 11:28:34.1471 INFO 5101505078-01;Align Technology Inc;Alien Technology;0.5; 
2025-06-10 11:28:35.3155 INFO 1081504017-03;Bonner Group, Inc.;Boner Group;0.5; 
2025-06-10 11:28:36.9648 INFO 1017503012-04;Cincinnati Children's Hospital Medical Center;Cincinnati Children's Hospital;0.9;high 
2025-06-10 11:28:37.7183 INFO 1017502210-05;Mona Electric Group;Mona Electric Group;0.5; 
2025-06-10 11:28:39.5856 INFO 1010502524-02;Mercy Hospital;Mercy;0.9;high 
2025-06-10 11:28:39.5856 INFO 1010502524-02;Mercy Hospital;University of Pittsburgh Medical Center;0.9;high 
2025-06-10 11:28:39.5856 INFO 1010502524-02;Mercy Hospital;Mercy Hospital & Medical Center;0.5; 
2025-06-10 11:28:39.5856 INFO 1010502524-02;Mercy Hospital;Mercy Hospital;0.5; 
2025-06-10 11:28:39.5856 INFO 1010502524-02;Mercy Hospital;Mercy Hospital;0.5; 
2025-06-10 11:28:39.5856 INFO 1010502524-02;Mercy Hospital;Mercy Hospital of Devils Lake;0.5; 
2025-06-10 11:28:39.5856 INFO 1010502524-02;Mercy Hospital;Mercy Hospital Of Franciscan Sisters, Inc. (Oelwein, IA;0.5; 
2025-06-10 11:28:39.5856 INFO 1010502524-02;Mercy Hospital;Mercy Hospital;0.5; 
2025-06-10 11:28:39.5856 INFO 1010502524-02;Mercy Hospital;Mercy Hospital;0.5; 
2025-06-10 11:28:39.5856 INFO 1010502524-02;Mercy Hospital;Mercy Hospital Of Defiance;0.5; 
2025-06-10 11:28:39.5967 INFO 1010502524-02;Mercy Hospital;Mercy Hospital of Valley City;0.5; 
2025-06-10 11:28:39.5967 INFO 1010502524-02;Mercy Hospital;Mercy Hospital;0.5; 
2025-06-10 11:28:41.9817 INFO 1014505215-01;PepsiCo;PepsiCo;0.9;high 
2025-06-10 11:28:43.8938 INFO 1024505218-02;John Staurulakis LLC;John Staurulakis;0.0;unsupported 
2025-06-10 11:28:44.4635 INFO 1024502227-01;Northrop Grumman;Northrop Grumman;0.0;unsupported 
2025-06-10 11:28:44.4635 INFO 1024502227-01;Northrop Grumman;Northrop Grumman Federal Credit Union;0.5; 
2025-06-10 11:28:45.5582 INFO 1031504956-02;Merck Animal Health;Merck Animal Health;0.0;unsupported 
2025-06-10 11:28:46.3904 INFO 1031504956-01;Merck Animal Health;Merck Animal Health;0.0;unsupported 
2025-06-10 11:28:49.1387 INFO 5101505366-02;Crowder Construction;Crowder Construction;0.5; 
2025-06-10 11:28:49.1387 INFO 5101505366-02;Crowder Construction;Crowder Construction;0.5; 
2025-06-10 11:28:49.8226 INFO 1031500735-02;Paul M. Jones;Paul M Jones Lumber;0.5; 
2025-06-10 11:28:51.0008 INFO 1030503375-03;Comcast;Comcast;0.3;unsupported 
2025-06-10 11:28:51.0008 INFO 1030503375-03;Comcast;Effectv;0.5; 
2025-06-10 11:28:51.0048 INFO 1030503375-03;Comcast;Coma Cast;0.5; 
2025-06-10 11:28:52.2834 INFO 1030467285-03;Queen Annes County Public Schools;Queen Anne’s County Public Schools;0.5; 
2025-06-10 11:28:52.2904 INFO 1030467285-03;Queen Annes County Public Schools;Anne Arundel County Public Schools;0.9;high 
2025-06-10 11:28:52.8520 INFO 1024502239-04;Stand Together;Stand Together Foundation;0.5; 
2025-06-10 11:28:52.8520 INFO 1024502239-04;Stand Together;Stand Together And Recover Centers;0.5; 
2025-06-10 11:28:53.6240 INFO 1024502239-03;Janney Montgomery Scott;Janney Montgomery Scott;0.0;unsupported 
2025-06-10 11:28:53.6240 INFO 1024502239-03;Janney Montgomery Scott;Janney Montgomery Scott;0.5; 
2025-06-10 11:28:53.6240 INFO 1024502239-03;Janney Montgomery Scott;Janney Montgomery Scott;0.5; 
2025-06-10 11:28:53.6280 INFO 1024502239-03;Janney Montgomery Scott;Janney Montgomery Scott;0.5; 
2025-06-10 11:28:55.9510 INFO 1014492915-06;Uniformed Services University;Uniformed Services University of the Health Sciences (USUHS);0.5; 
2025-06-10 11:28:57.0395 INFO 1009504744-02;Northrop Grumman Corp;Northrop Grumman;0.0;unsupported 
2025-06-10 11:28:57.0395 INFO 1009504744-02;Northrop Grumman Corp;Northrop Grumman Federal Credit Union;0.5; 
2025-06-10 11:28:57.6391 INFO 1009503466-05;Broadmead, Inc;Broadmead;0.5; 
2025-06-10 11:28:57.6391 INFO 1009503466-05;Broadmead, Inc;Broadmeadow United Methodist;0.5; 
2025-06-10 11:28:57.6391 INFO 1009503466-05;Broadmead, Inc;Broadmead Nursery;0.5; 
2025-06-10 11:28:57.6441 INFO 1009503466-05;Broadmead, Inc;Broadmead Apartments;0.5; 
2025-06-10 11:28:57.6441 INFO 1009503466-05;Broadmead, Inc;Broadmeadow Investment;0.5; 
2025-06-10 11:28:58.3148 INFO 1047493105-02;TD Bank;TD Bank;0.3;unsupported 
2025-06-10 11:28:58.8956 INFO 1014503528-01;General Dynamics IT;General Dynamics Information Technology;0.9;high 
2025-06-10 11:28:59.8352 INFO 1010479953-01;Iron Mountain;Iron Mountain;0.0;unsupported 
2025-06-10 11:28:59.8352 INFO 1010479953-01;Iron Mountain;Iron Mountain Films;0.5; 
2025-06-10 11:29:00.5264 INFO 1022504770-01;Social Security Administration;Social Security Administration;0.3;low 
2025-06-10 11:29:03.5717 INFO 1014448415-01;College of Southern Maryland;College of Southern Maryland;0.5; 
2025-06-10 11:29:04.1436 INFO 5101497189-05;Cornerstone Building Brands;Cornerstone Building Brands;0.9;high 
2025-06-10 11:29:06.1231 INFO 1010492947-02;Johns Hopkins University;Johns Hopkins University;0.0;unsupported 
2025-06-10 11:29:06.1231 INFO 1010492947-02;Johns Hopkins University;Johns Hopkins Medicine;0.0;unsupported 
2025-06-10 11:29:06.8188 INFO 1010504463-03;Bank of America Corporation;Bank of America;0.3;low 
2025-06-10 11:29:07.9596 INFO 1010505430-02;Pooltek;Pooltek;0.5; 
2025-06-10 11:29:07.9596 INFO 1010505430-02;Pooltek;Pooltek Pool Services;0.5; 
2025-06-10 11:29:07.9596 INFO 1010505430-02;Pooltek;Paolotek;0.5; 
2025-06-10 11:29:08.4284 INFO 1024499989-05;Jet Blue;JetBlue Airways;0.9;high 
2025-06-10 11:29:11.0689 INFO 1024499989-04;A/C Power Incorporated;Ag-Power;0.5; 
2025-06-10 11:29:11.0689 INFO 1024499989-04;A/C Power Incorporated;A C Power;0.5; 
2025-06-10 11:29:11.0689 INFO 1024499989-04;A/C Power Incorporated;ACO Power;0.5; 
2025-06-10 11:29:11.0689 INFO 1024499989-04;A/C Power Incorporated;AC Power & Comfort;0.5; 
2025-06-10 11:29:11.7389 INFO 7010500617-03;Trader Interactive;Trader Interactive;0.5; 
2025-06-10 11:29:12.3395 INFO 4022501027-02;Henrico County Virginia;Henrico County Public Schools;0.9;high 
2025-06-10 11:29:12.9760 INFO 1031498757-10;Wicomico County Public Schools;Wicomico County Board of Education;0.0;unsupported 
2025-06-10 11:29:13.5897 INFO 1030502372-06;MH Media Strategies;Mh Media Strategies;0.5; 
2025-06-10 11:29:14.3649 INFO 1024493579-06;Breakthru Beverage;Ben Arnold-Sunbelt Beverage Company of South Carolina;0.9;high 
2025-06-10 11:29:15.0607 INFO 1017500342-06;Classic Collision;Classic Collision;0.9;high 
2025-06-10 11:29:15.0607 INFO 1017500342-06;Classic Collision;Classic Collision Center;0.5; 
2025-06-10 11:29:15.0607 INFO 1017500342-06;Classic Collision;Classic Collision & Restoration;0.5; 
2025-06-10 11:29:15.0607 INFO 1017500342-06;Classic Collision;Classic Collision;0.5; 
2025-06-10 11:29:15.4107 INFO 1012504565-02;GBMC;Gbmc Health Care;0.9;high 
2025-06-10 11:29:15.4107 INFO 1012504565-02;GBMC;GBMC & Associates;0.5; 
2025-06-10 11:29:15.4107 INFO 1012504565-02;GBMC;GBM Manufacturing;0.5; 
2025-06-10 11:29:15.4107 INFO 1012504565-02;GBMC;Gracie Barra McAllen;0.5; 
2025-06-10 11:29:15.4107 INFO 1012504565-02;GBMC;Gunning Business Machines;0.5; 
2025-06-10 11:29:15.4107 INFO 1012504565-02;GBMC;Senior Wealth Management;0.5; 
2025-06-10 11:29:15.7693 INFO 1010502577-02;Ochin;OCHIN;0.5; 
2025-06-10 11:29:15.7693 INFO 1010502577-02;Ochin;Oshyn;0.5; 
2025-06-10 11:29:16.3962 INFO 1017504094-01;Defense Finance & ACTG Serv;Defense Finance & Accounting Services;0.9;high 
2025-06-10 11:29:17.0538 INFO 5101492112-05;Lowes Companies Inc;Lewis Companies;0.5; 
2025-06-10 11:29:18.1635 INFO 1083504611-02;Adrian L. Merton;Adrian L Merton;0.5; 
2025-06-10 11:29:19.2871 INFO 1083504611-01;American Mechanical Services;American Mechanical Services;0.5; 
2025-06-10 11:29:20.7834 INFO 1024502239-02;Stand Together;Stand Together Foundation;0.5; 
2025-06-10 11:29:20.7834 INFO 1024502239-02;Stand Together;Stand Together And Recover Centers;0.5; 
2025-06-10 11:29:21.4042 INFO 1024502239-01;Janney Montgomery Scott;Janney Montgomery Scott;0.0;unsupported 
2025-06-10 11:29:21.4042 INFO 1024502239-01;Janney Montgomery Scott;Janney Montgomery Scott;0.5; 
2025-06-10 11:29:21.4042 INFO 1024502239-01;Janney Montgomery Scott;Janney Montgomery Scott;0.5; 
2025-06-10 11:29:21.4042 INFO 1024502239-01;Janney Montgomery Scott;Janney Montgomery Scott;0.5; 
2025-06-10 11:29:22.0345 INFO 1024505130-03;Immigration and Customs Enforcement;U.S. Immigration & Customs Enforcement;0.9;high 
2025-06-10 11:29:23.2552 INFO 7030493862-01;City of Newton;City of Newton Falls;0.5; 
2025-06-10 11:29:23.2552 INFO 7030493862-01;City of Newton;City of Newton, Iowa;0.5; 
2025-06-10 11:29:23.2552 INFO 7030493862-01;City of Newton;City of New Town;0.5; 
2025-06-10 11:29:23.2552 INFO 7030493862-01;City of Newton;City Of Newton;0.0;unsupported 
2025-06-10 11:29:24.7540 INFO 1010505421-01;Excel Mechanical;Excel Mechanical;0.5; 
2025-06-10 11:29:24.7540 INFO 1010505421-01;Excel Mechanical;Excel Mechanical;0.5; 
2025-06-10 11:29:24.7540 INFO 1010505421-01;Excel Mechanical;Excel Mechanical Systems;0.5; 
2025-06-10 11:29:24.7540 INFO 1010505421-01;Excel Mechanical;Excel Mechanical Services;0.5; 
2025-06-10 11:29:24.7540 INFO 1010505421-01;Excel Mechanical;Excel Mechanical;0.5; 
2025-06-10 11:29:24.7540 INFO 1010505421-01;Excel Mechanical;Excel Mechanical;0.5; 
2025-06-10 11:29:25.4174 INFO 7010488294-02;Boston Medical Center;Boston Medical Center;0.9;high 
2025-06-10 11:29:26.2609 INFO 1081500993-01;LINK Strategic Partners;LINK Strategic Partners;0.5; 
2025-06-10 11:29:26.9515 INFO 5012504558-04;Remote Technology Services;Remote Technology Services;0.9;high 
2025-06-10 11:29:27.5239 INFO 5012504558-03;Remote Technology Services;Remote Technology Services;0.9;high 
2025-06-10 11:29:27.9366 INFO 5012498276-03;Summit Church;Summit Church;0.5; 
2025-06-10 11:29:27.9366 INFO 5012498276-03;Summit Church;Summit Church Kernersville, NC;0.5; 
2025-06-10 11:29:27.9366 INFO 5012498276-03;Summit Church;Summit Church;0.5; 
2025-06-10 11:29:27.9366 INFO 5012498276-03;Summit Church;Summit Church;0.5; 
2025-06-10 11:29:27.9426 INFO 5012498276-03;Summit Church;Summit Church of Christ;0.5; 
2025-06-10 11:29:27.9426 INFO 5012498276-03;Summit Church;Summit Church of Castle Rock;0.5; 
2025-06-10 11:29:27.9426 INFO 5012498276-03;Summit Church;Summit Church;0.5; 
2025-06-10 11:29:27.9426 INFO 5012498276-03;Summit Church;Summit Church West Olive;0.5; 
2025-06-10 11:29:27.9426 INFO 5012498276-03;Summit Church;Summit Church of Homestead;0.5; 
2025-06-10 11:29:27.9426 INFO 5012498276-03;Summit Church;Summit Church;0.5; 
2025-06-10 11:29:28.5330 INFO 4022500170-02;Arc 3 Gases;Arc3 Gases;0.5; 
2025-06-10 11:29:29.1303 INFO 1050500813-04;Brandenburg Electric;Brandenburg Electric;0.5; 
2025-06-10 11:29:29.7103 INFO 1024503899-07;Peraton;Peraton;0.9;high 
2025-06-10 11:29:29.7103 INFO 1024503899-07;Peraton;Priton;0.5; 
2025-06-10 11:29:29.7103 INFO 1024503899-07;Peraton;Proton;0.5; 
2025-06-10 11:29:29.7103 INFO 1024503899-07;Peraton;Proton;0.5; 
2025-06-10 11:29:30.3348 INFO 1024497847-02;Lumina Solar Inc;Lumina Solar;0.5; 
2025-06-10 11:29:30.7016 INFO 1012489724-02;MVA;Move;0.5; 
2025-06-10 11:29:30.7016 INFO 1012489724-02;MVA;Moore & Van Allen;0.5; 
2025-06-10 11:29:30.7016 INFO 1012489724-02;MVA;Mgh;0.5; 
2025-06-10 11:29:30.7076 INFO 1012489724-02;MVA;Maryland Motor Vehicle Administration;0.5; 
2025-06-10 11:29:30.7076 INFO 1012489724-02;MVA;Miva;0.5; 
2025-06-10 11:29:30.7076 INFO 1012489724-02;MVA;M&F;0.5; 
2025-06-10 11:29:30.7076 INFO 1012489724-02;MVA;MEV;0.5; 
2025-06-10 11:29:30.7076 INFO 1012489724-02;MVA;MFE;0.5; 
2025-06-10 11:29:30.7076 INFO 1012489724-02;MVA;MVAP Medical Supplies;0.5; 
2025-06-10 11:29:30.7076 INFO 1012489724-02;MVA;MHF;0.5; 
2025-06-10 11:29:31.3797 INFO 1010503068-02;University of Maryland St. Joseph's Medical Center;University of Maryland St. Joseph Medical Center;0.5; 
2025-06-10 11:29:31.9583 INFO 1010497180-06;Department of State;Department of State;0.9;high 
2025-06-10 11:29:32.8163 INFO 1009488532-04;Government of the District of Columbia;District of Columbia;0.9;high 
2025-06-10 11:29:32.8183 INFO 1009488532-04;Government of the District of Columbia;Metropolitan Police Department of the District of Columbia;0.9;high 
2025-06-10 11:29:33.2562 INFO 1008502145-03;Montgomery County;Montgomery County Public Schools;0.0;unsupported 
2025-06-10 11:29:33.2562 INFO 1008502145-03;Montgomery County;Montgomery County Government;0.0;unsupported 
2025-06-10 11:29:33.2562 INFO 1008502145-03;Montgomery County;Montgomery County Community College;0.5; 
2025-06-10 11:29:33.2562 INFO 1008502145-03;Montgomery County;Montgomery County, PA;0.5; 
2025-06-10 11:29:33.2562 INFO 1008502145-03;Montgomery County;The Arc New York;0.5; 
2025-06-10 11:29:33.2562 INFO 1008502145-03;Montgomery County;Montgomery County School District;0.5; 
2025-06-10 11:29:33.2562 INFO 1008502145-03;Montgomery County;Montgomery County Intermediate Unit;0.5; 
2025-06-10 11:29:33.2562 INFO 1008502145-03;Montgomery County;Montgomery County Revenue Authority;0.5; 
2025-06-10 11:29:33.2562 INFO 1008502145-03;Montgomery County;Montgomery County Schools, NC;0.5; 
2025-06-10 11:29:33.2704 INFO 1008502145-03;Montgomery County;Montgomery County Board of Education;0.5; 
2025-06-10 11:29:33.2704 INFO 1008502145-03;Montgomery County;Montgomery County Animal Resource Center;0.5; 
2025-06-10 11:29:33.9068 INFO 1008438377-02;Northrop Grumman;Northrop Grumman;0.0;unsupported 
2025-06-10 11:29:33.9068 INFO 1008438377-02;Northrop Grumman;Northrop Grumman Federal Credit Union;0.5; 
2025-06-10 11:29:34.2504 INFO 1009480214-01;Tek Systems;TEKsystems;0.9;high 
2025-06-10 11:29:34.2504 INFO 1009480214-01;Tek Systems;TEC Systems;0.5; 
2025-06-10 11:29:34.2504 INFO 1009480214-01;Tek Systems;T/Q Systems;0.5; 
2025-06-10 11:29:34.2553 INFO 1009480214-01;Tek Systems;DK Systems;0.5; 
2025-06-10 11:29:34.2553 INFO 1009480214-01;Tek Systems;T K Systems;0.5; 
2025-06-10 11:29:34.2553 INFO 1009480214-01;Tek Systems;Deck Systems;0.5; 
2025-06-10 11:29:34.2553 INFO 1009480214-01;Tek Systems;D K Systems;0.5; 
2025-06-10 11:29:34.2553 INFO 1009480214-01;Tek Systems;DK Systems;0.5; 
2025-06-10 11:29:34.2553 INFO 1009480214-01;Tek Systems;Hytek Systems;0.5; 
2025-06-10 11:29:34.2553 INFO 1009480214-01;Tek Systems;Tgw Systems;0.5; 
2025-06-10 11:29:35.1059 INFO 1012503415-02;Beth El Congregation;Beth El Congregation;0.5; 
2025-06-10 11:29:35.1059 INFO 1012503415-02;Beth El Congregation;Beth El Congregation;0.5; 
2025-06-10 11:29:35.1059 INFO 1012503415-02;Beth El Congregation;Beth El Congregation;0.5; 
2025-06-10 11:29:35.1059 INFO 1012503415-02;Beth El Congregation;Beth El Congregation;0.5; 
2025-06-10 11:29:35.1059 INFO 1012503415-02;Beth El Congregation;Beth El Congregation;0.5; 
2025-06-10 11:29:35.1142 INFO 1012503415-02;Beth El Congregation;Beth El Congregation;0.5; 
2025-06-10 11:29:35.6961 INFO 1009505242-01;MacKenzie Management;MacKenzie Management;0.5; 
2025-06-10 11:29:36.2732 INFO 1024505326-04;Northrop Grumman;Northrop Grumman;0.0;unsupported 
2025-06-10 11:29:36.2732 INFO 1024505326-04;Northrop Grumman;Northrop Grumman Federal Credit Union;0.5; 
2025-06-10 11:29:36.9816 INFO 1083505370-02;W.M.Schlosser Co Inc;W. M. Schlosser;0.5; 
2025-06-10 11:29:37.5168 INFO 1083505370-01;W.M.Schlosser Co inc;W. M. Schlosser;0.5; 
2025-06-10 11:29:38.6788 INFO 1024504691-02;Johns Hopkins University;Johns Hopkins University;0.0;unsupported 
2025-06-10 11:29:38.6788 INFO 1024504691-02;Johns Hopkins University;Johns Hopkins Medicine;0.0;unsupported 
2025-06-10 11:29:39.2309 INFO 1024502398-04;Prince George's County Government;Prince George's County;0.0;unsupported 
2025-06-10 11:29:39.7657 INFO 1024500843-04;Johns Hopkins University;Johns Hopkins University;0.0;unsupported 
2025-06-10 11:29:39.7657 INFO 1024500843-04;Johns Hopkins University;Johns Hopkins Medicine;0.0;unsupported 
2025-06-10 11:29:40.3363 INFO 1024502398-03;Prince George's County Government;Prince George's County;0.0;unsupported 
2025-06-10 11:29:40.8924 INFO 1024500843-03;Johns Hopkins University;Johns Hopkins University;0.0;unsupported 
2025-06-10 11:29:40.8954 INFO 1024500843-03;Johns Hopkins University;Johns Hopkins Medicine;0.0;unsupported 
2025-06-10 11:29:41.5143 INFO 1024504691-01;Johns Hopkins University;Johns Hopkins University;0.0;unsupported 
2025-06-10 11:29:41.5143 INFO 1024504691-01;Johns Hopkins University;Johns Hopkins Medicine;0.0;unsupported 
2025-06-10 11:29:42.4193 INFO 4015500758-08;Palantir Technologies Inc.;Palantir Technologies;0.9;high 
2025-06-10 11:29:43.2435 INFO 1055503540-02;Fresenius Medical Care;Fresenius Medical Care;0.9;high 
2025-06-10 11:29:43.9092 INFO 1050499484-02;State of MD;State of Maryland;0.9;high 
2025-06-10 11:29:43.9112 INFO 1050499484-02;State of MD;State of Maryland;0.9;high 
2025-06-10 11:29:44.5947 INFO 1030502270-04;Divine Mercy Academy;Divine Mercy Academy;0.5; 
2025-06-10 11:29:45.7447 INFO 1024501060-02;Walmart;Walmart;0.9;high 
2025-06-10 11:29:46.2158 INFO 1024499553-05;Progressive;Progressive (Corporate);0.0;unsupported 
2025-06-10 11:29:46.2158 INFO 1024499553-05;Progressive;Progressive (Independent);0.0;unsupported 
2025-06-10 11:29:46.2158 INFO 1024499553-05;Progressive;Progressive Leasing;0.3;low 
2025-06-10 11:29:46.2238 INFO 1024499553-05;Progressive;Progressive Environmental Services;0.5; 
2025-06-10 11:29:46.2238 INFO 1024499553-05;Progressive;Progressive Services;0.5; 
2025-06-10 11:29:46.2238 INFO 1024499553-05;Progressive;American Future Systems;0.5; 
2025-06-10 11:29:46.2238 INFO 1024499553-05;Progressive;Progressive Architecture Engineering Planning;0.5; 
2025-06-10 11:29:46.2238 INFO 1024499553-05;Progressive;Progressive Bancorp;0.5; 
2025-06-10 11:29:46.2238 INFO 1024499553-05;Progressive;Progressive Impressions International;0.5; 
2025-06-10 11:29:46.2238 INFO 1024499553-05;Progressive;Progressive Housing;0.5; 
2025-06-10 11:29:46.2398 INFO 1024499553-05;Progressive;Progressive Change Campaign Committee;0.5; 
2025-06-10 11:29:46.8794 INFO 1010504034-03;Smithsonian Institution;Smithsonian Institution;0.9;high 
2025-06-10 11:29:47.5767 INFO 1009504498-02;Baltimore City Public Schools;Baltimore City Public Schools;0.0;unsupported 
2025-06-10 11:29:47.5767 INFO 1009504498-02;Baltimore City Public Schools;Baltimore County Public Schools;0.0;unsupported 
2025-06-10 11:29:48.2507 INFO 1010503622-01;Marine Corps;U.S. Marine Corps;0.9;high 
2025-06-10 11:29:48.2507 INFO 1010503622-01;Marine Corps;Marine Corps Community Services;0.0;unsupported 
2025-06-10 11:29:48.2547 INFO 1010503622-01;Marine Corps;U.S. Marine Corps;0.9;high 
2025-06-10 11:29:49.4216 INFO 1024504055-01;Howard Community College;Howard Community College;0.5; 
2025-06-10 11:29:50.4935 INFO 1024502694-02;Baltimore City Public Schools;Baltimore City Public Schools;0.0;unsupported 
2025-06-10 11:29:50.4935 INFO 1024502694-02;Baltimore City Public Schools;Baltimore County Public Schools;0.0;unsupported 
2025-06-10 11:29:51.0034 INFO 1024502694-01;Johns Hopkins University;Johns Hopkins University;0.0;unsupported 
2025-06-10 11:29:51.0054 INFO 1024502694-01;Johns Hopkins University;Johns Hopkins Medicine;0.0;unsupported 
2025-06-10 11:29:53.5139 INFO 1010504034-02;Smithsonian Institution;Smithsonian Institution;0.9;high 
2025-06-10 11:29:54.0970 INFO 5101504075-03;First Citizens Bank;First Citizens Bank;0.9;high 
2025-06-10 11:29:54.0990 INFO 5101504075-03;First Citizens Bank;Citizens Bank;0.9;high 
2025-06-10 11:29:54.6739 INFO 5101504075-02;Johnston County Public Schools;Johnston County Public Schools;0.5; 
2025-06-10 11:29:54.9626 INFO 5101504075-01;S&ME;Self-employed;0.5; 
2025-06-10 11:29:54.9626 INFO 5101504075-01;S&ME;Four Seasons Hotels and Resorts;0.5; 
2025-06-10 11:29:54.9626 INFO 5101504075-01;S&ME;State of California;0.9;high 
2025-06-10 11:29:54.9626 INFO 5101504075-01;S&ME;State Farm Insurance;0.0;unsupported 
2025-06-10 11:29:54.9626 INFO 5101504075-01;S&ME;State of New York;0.3;low 
2025-06-10 11:29:54.9736 INFO 5101504075-01;S&ME;State of Florida;0.3;low 
2025-06-10 11:29:54.9736 INFO 5101504075-01;S&ME;State of Texas;0.3;low 
2025-06-10 11:29:54.9736 INFO 5101504075-01;S&ME;Starbucks;0.9;high 
2025-06-10 11:29:54.9736 INFO 5101504075-01;S&ME;State of Pennsylvania;0.9;high 
2025-06-10 11:29:54.9736 INFO 5101504075-01;S&ME;Synchrony Financial;0.9;high 
2025-06-10 11:29:54.9736 INFO 5101504075-01;S&ME;Sherwin-Williams;0.9;high 
2025-06-10 11:29:54.9736 INFO 5101504075-01;S&ME;JBS Foods;0.9;high 
2025-06-10 11:29:54.9736 INFO 5101504075-01;S&ME;Foundever;0.9;high 
2025-06-10 11:29:54.9903 INFO 5101504075-01;S&ME;Sanofi;0.3;low 
2025-06-10 11:29:54.9903 INFO 5101504075-01;S&ME;Truist;0.9;high 
2025-06-10 11:29:54.9903 INFO 5101504075-01;S&ME;County of San Bernardino;0.3;low 
2025-06-10 11:29:54.9903 INFO 5101504075-01;S&ME;Sotheby's International Realty Affiliates;0.5; 
2025-06-10 11:29:55.6548 INFO 1081496754-01;King & Spalding LLP;United States Postal Service;0.9;high 
2025-06-10 11:29:55.6548 INFO 1081496754-01;King & Spalding LLP;City Market;0.9;high 
2025-06-10 11:29:55.6548 INFO 1081496754-01;King & Spalding LLP;King County;0.3;low 
2025-06-10 11:29:55.6548 INFO 1081496754-01;King & Spalding LLP;Kingston Technology;0.5; 
2025-06-10 11:29:55.6628 INFO 1081496754-01;King & Spalding LLP;King & Spalding;0.0;unsupported 
2025-06-10 11:29:55.6628 INFO 1081496754-01;King & Spalding LLP;Kingman Regional Medical Center;0.0;unsupported 
2025-06-10 11:29:55.6628 INFO 1081496754-01;King & Spalding LLP;Kingston HealthCare;0.5; 
2025-06-10 11:29:55.6628 INFO 1081496754-01;King & Spalding LLP;Kingsbrook Jewish Medical Center;0.5; 
2025-06-10 11:29:55.6628 INFO 1081496754-01;King & Spalding LLP;Kingsley Montgomery School;0.5; 
2025-06-10 11:29:55.6628 INFO 1081496754-01;King & Spalding LLP;King’s College;0.5; 
2025-06-10 11:29:55.6628 INFO 1081496754-01;King & Spalding LLP;King's Daughters Medical Center;0.5; 
2025-06-10 11:29:55.6776 INFO 1081496754-01;King & Spalding LLP;EvergreenHealth;0.0;unsupported 
2025-06-10 11:29:55.6776 INFO 1081496754-01;King & Spalding LLP;Kings Ford;0.5; 
2025-06-10 11:29:55.6776 INFO 1081496754-01;King & Spalding LLP;KCDA Purchasing;0.5; 
2025-06-10 11:29:56.0055 INFO 1008502145-02;Montgomery County;Montgomery County Public Schools;0.0;unsupported 
2025-06-10 11:29:56.0055 INFO 1008502145-02;Montgomery County;Montgomery County Government;0.0;unsupported 
2025-06-10 11:29:56.0055 INFO 1008502145-02;Montgomery County;Montgomery County Community College;0.5; 
2025-06-10 11:29:56.0055 INFO 1008502145-02;Montgomery County;Montgomery County, PA;0.5; 
2025-06-10 11:29:56.0055 INFO 1008502145-02;Montgomery County;The Arc New York;0.5; 
2025-06-10 11:29:56.0055 INFO 1008502145-02;Montgomery County;Montgomery County School District;0.5; 
2025-06-10 11:29:56.0055 INFO 1008502145-02;Montgomery County;Montgomery County Intermediate Unit;0.5; 
2025-06-10 11:29:56.0055 INFO 1008502145-02;Montgomery County;Montgomery County Revenue Authority;0.5; 
2025-06-10 11:29:56.0215 INFO 1008502145-02;Montgomery County;Montgomery County Schools, NC;0.5; 
2025-06-10 11:29:56.0215 INFO 1008502145-02;Montgomery County;Montgomery County Board of Education;0.5; 
2025-06-10 11:29:56.0215 INFO 1008502145-02;Montgomery County;Montgomery County Animal Resource Center;0.5; 
2025-06-10 11:29:56.6496 INFO 1010454471-04;St. John's College;St. John's College High School;0.5; 
2025-06-10 11:29:56.6496 INFO 1010454471-04;St. John's College;Saint John’s College;0.5; 
2025-06-10 11:29:57.4048 INFO 7040504444-04;4M Building Solutions;4M Building Solutions;0.5; 
2025-06-10 11:29:57.4048 INFO 7040504444-04;4M Building Solutions;M6 Building Solutions;0.5; 
2025-06-10 11:29:58.0048 INFO 4010503647-05;Hogan Lovells US LLP;Hogan Lovells US;0.0;unsupported 
2025-06-10 11:29:58.0048 INFO 4010503647-05;Hogan Lovells US LLP;Hogan Lovells;0.0;unsupported 
2025-06-10 11:29:58.9218 INFO 4010503104-03;McKesson;McKesson;0.9;high 
2025-06-10 11:30:00.4216 INFO 1024500843-02;Johns Hopkins University;Johns Hopkins University;0.0;unsupported 
2025-06-10 11:30:00.4216 INFO 1024500843-02;Johns Hopkins University;Johns Hopkins Medicine;0.0;unsupported 
2025-06-10 11:30:00.8560 INFO 1014502607-04;AMC;AMC Entertainment Holdings;0.3;low 
2025-06-10 11:30:00.8560 INFO 1014502607-04;AMC;Amcor;0.9;high 
2025-06-10 11:30:00.8560 INFO 1014502607-04;AMC;AMC Networks;0.5; 
2025-06-10 11:30:00.8560 INFO 1014502607-04;AMC;AMCOL International;0.5; 
2025-06-10 11:30:00.8670 INFO 1014502607-04;AMC;Apartment Management Consultants;0.9;high 
2025-06-10 11:30:00.8670 INFO 1014502607-04;AMC;American Mortgage Consultants;0.5; 
2025-06-10 11:30:00.8670 INFO 1014502607-04;AMC;AMECO;0.5; 
2025-06-10 11:30:00.8670 INFO 1014502607-04;AMC;AM Conservation Group;0.5; 
2025-06-10 11:30:00.8670 INFO 1014502607-04;AMC;American Consolidated Media;0.5; 
2025-06-10 11:30:00.8830 INFO 1014502607-04;AMC;AMC;0.9;high 
2025-06-10 11:30:01.9130 INFO 1014496833-02;SAP America Inc;SSP America;0.5; 
2025-06-10 11:30:01.9130 INFO 1014496833-02;SAP America Inc;SSP America;0.9;high 
2025-06-10 11:30:01.9130 INFO 1014496833-02;SAP America Inc;CEP America;0.5; 
2025-06-10 11:30:02.5550 INFO 1010503019-02;Military;Department of Defense;0.9;high 
2025-06-10 11:30:02.5550 INFO 1010503019-02;Military;Military Retirees;0.9;high 
2025-06-10 11:30:02.5550 INFO 1010503019-02;Military;Military Sealift Command;0.9;high 
2025-06-10 11:30:02.5550 INFO 1010503019-02;Military;Military Deli & Bakery Services;0.5; 
2025-06-10 11:30:02.5550 INFO 1010503019-02;Military;Military Network;0.5; 
2025-06-10 11:30:02.5690 INFO 1010503019-02;Military;Military Advantage;0.5; 
2025-06-10 11:30:02.5690 INFO 1010503019-02;Military;Military Officers Association of America;0.5; 
2025-06-10 11:30:02.5690 INFO 1010503019-02;Military;Military Personnel Services;0.5; 
2025-06-10 11:30:02.5690 INFO 1010503019-02;Military;Military Sales & Service;0.5; 
2025-06-10 11:30:02.5690 INFO 1010503019-02;Military;Military Benefit Association;0.5; 
2025-06-10 11:30:02.5690 INFO 1010503019-02;Military;Military Produce Group;0.5; 
2025-06-10 11:30:03.1339 INFO 1009504827-04;Compass, Inc;Compass Group;0.9;high 
2025-06-10 11:30:03.1339 INFO 1009504827-04;Compass, Inc;Compassus;0.9;high 
2025-06-10 11:30:03.1339 INFO 1009504827-04;Compass, Inc;Compass Minerals International;0.5; 
2025-06-10 11:30:03.1339 INFO 1009504827-04;Compass, Inc;Compassion International;0.5; 
2025-06-10 11:30:03.1339 INFO 1009504827-04;Compass, Inc;Compass;0.3;low 
2025-06-10 11:30:03.1458 INFO 1009504827-04;Compass, Inc;Compass Health Network;0.3;low 
2025-06-10 11:30:03.1458 INFO 1009504827-04;Compass, Inc;The Compass Group;0.5; 
2025-06-10 11:30:03.1458 INFO 1009504827-04;Compass, Inc;Compass Lexecon;0.5; 
2025-06-10 11:30:03.1458 INFO 1009504827-04;Compass, Inc;Compass Airlines;0.5; 
2025-06-10 11:30:03.1458 INFO 1009504827-04;Compass, Inc;Compass Health;0.5; 
2025-06-10 11:30:04.1121 INFO 1009504827-03;Compass, Inc;Compass Group;0.9;high 
2025-06-10 11:30:04.1151 INFO 1009504827-03;Compass, Inc;Compassus;0.9;high 
2025-06-10 11:30:04.1151 INFO 1009504827-03;Compass, Inc;Compass Minerals International;0.5; 
2025-06-10 11:30:04.1151 INFO 1009504827-03;Compass, Inc;Compassion International;0.5; 
2025-06-10 11:30:04.1151 INFO 1009504827-03;Compass, Inc;Compass;0.3;low 
2025-06-10 11:30:04.1151 INFO 1009504827-03;Compass, Inc;Compass Health Network;0.3;low 
2025-06-10 11:30:04.1151 INFO 1009504827-03;Compass, Inc;The Compass Group;0.5; 
2025-06-10 11:30:04.1318 INFO 1009504827-03;Compass, Inc;Compass Lexecon;0.5; 
2025-06-10 11:30:04.1318 INFO 1009504827-03;Compass, Inc;Compass Airlines;0.5; 
2025-06-10 11:30:04.1318 INFO 1009504827-03;Compass, Inc;Compass Health;0.5; 
2025-06-10 11:30:05.3391 INFO 1004501697-04;Lakeside Title Company;Lakeside Title;0.5; 
2025-06-10 11:30:07.3355 INFO 1024500843-01;Johns Hopkins University;Johns Hopkins University;0.0;unsupported 
2025-06-10 11:30:07.3355 INFO 1024500843-01;Johns Hopkins University;Johns Hopkins Medicine;0.0;unsupported 
2025-06-10 11:30:08.2421 INFO 1014484413-01;Anne Arundel County Public Schools;Anne Arundel County Public Schools;0.9;high 
2025-06-10 11:30:08.2421 INFO 1014484413-01;Anne Arundel County Public Schools;Anne Arundel County;0.9;high 
2025-06-10 11:30:08.9183 INFO 5101505366-01;Crowder Construction;Crowder Construction;0.5; 
2025-06-10 11:30:08.9183 INFO 5101505366-01;Crowder Construction;Crowder Construction;0.5; 
2025-06-10 11:30:10.0489 INFO 5101505331-01;USIC LLC;Usic;0.9;high 
2025-06-10 11:30:10.0519 INFO 5101505331-01;USIC LLC;USG;0.5; 
2025-06-10 11:30:10.0519 INFO 5101505331-01;USIC LLC;USI Consulting Group;0.5; 
2025-06-10 11:30:10.0519 INFO 5101505331-01;USIC LLC;USI Consultants;0.5; 
2025-06-10 11:30:10.0519 INFO 5101505331-01;USIC LLC;Underground Specialists;0.5; 
2025-06-10 11:30:10.0679 INFO 5101505331-01;USIC LLC;Interagency Council on the Homeless;0.5; 
2025-06-10 11:30:10.0679 INFO 5101505331-01;USIC LLC;US/ICOMOS;0.5; 
2025-06-10 11:30:10.0679 INFO 5101505331-01;USIC LLC;USI Commercial;0.5; 
2025-06-10 11:30:10.0679 INFO 5101505331-01;USIC LLC;United States Industry Coalition;0.5; 
2025-06-10 11:30:10.0679 INFO 5101505331-01;USIC LLC;U.S. International Council on Disabilities (USICD);0.5; 
2025-06-10 11:30:12.5524 INFO 1083503911-02;Ship Point Machine Co.;Ship Point Machine;0.5; 
2025-06-10 11:30:13.3823 INFO 1081504085-04;GARG Consulitng Services;Garg Consulting Services;0.5; 
2025-06-10 11:30:14.1877 INFO 1081503925-04;Marriott International;Marriott;0.9;high 
2025-06-10 11:30:14.1877 INFO 1081503925-04;Marriott International;Merritt International;0.5; 
2025-06-10 11:30:15.0335 INFO 1030499819-03;University of MD Medical Systems;University of Maryland Medical System;0.3;low 
2025-06-10 11:30:16.2349 INFO 1024501814-08;Hillsborough County Public Schools;Hillsborough County Public Schools;0.9;high 
2025-06-10 11:30:16.2349 INFO 1024501814-08;Hillsborough County Public Schools;Hillsborough County;0.5; 
2025-06-10 11:30:17.6714 INFO 1014501438-02;W.L. Gary Company, Inc.;W.L. Gary;0.5; 
2025-06-10 11:30:18.3279 INFO 1010503313-04;The Y in Central Maryland;Y in Central Maryland;0.5; 
2025-06-10 11:30:18.9526 INFO 1010503313-03;The Y in Central Maryland;Y in Central Maryland;0.5; 
2025-06-10 11:30:19.9623 INFO 1081496741-02;St.John's Episcopal;St. John's Episcopal School;0.5; 
2025-06-10 11:30:19.9623 INFO 1081496741-02;St.John's Episcopal;St John's Episcopal Church;0.5; 
2025-06-10 11:30:19.9623 INFO 1081496741-02;St.John's Episcopal;St. John's Episcopal Parish Day School;0.5; 
2025-06-10 11:30:19.9623 INFO 1081496741-02;St.John's Episcopal;St. John's Episcopal School, Olney, MD;0.5; 
2025-06-10 11:30:19.9623 INFO 1081496741-02;St.John's Episcopal;St. John's Episcopal Church & School;0.5; 
2025-06-10 11:30:19.9742 INFO 1081496741-02;St.John's Episcopal;St. John's Episcopal Church;0.5; 
2025-06-10 11:30:19.9742 INFO 1081496741-02;St.John's Episcopal;St. John's Episcopal Church;0.5; 
2025-06-10 11:30:19.9742 INFO 1081496741-02;St.John's Episcopal;St. John's Episcopal Church, Mason City, Iowa;0.5; 
2025-06-10 11:30:19.9742 INFO 1081496741-02;St.John's Episcopal;St. John's Episcopal Church;0.5; 
2025-06-10 11:30:20.6870 INFO 5012503768-01;Atrium Health;Advocate Health Care;0.9;high 
2025-06-10 11:30:20.6870 INFO 5012503768-01;Atrium Health;Atrius Health;0.5; 
2025-06-10 11:30:21.0532 INFO 1047505150-01;SHIFT5;Shift4;0.5; 
2025-06-10 11:30:21.0532 INFO 1047505150-01;SHIFT5;Shift;0.5; 
2025-06-10 11:30:21.0532 INFO 1047505150-01;SHIFT5;Shyft6;0.5; 
2025-06-10 11:30:21.0532 INFO 1047505150-01;SHIFT5;Shyft;0.5; 
2025-06-10 11:30:21.0532 INFO 1047505150-01;SHIFT5;Shift5;0.5; 
2025-06-10 11:30:21.0532 INFO 1047505150-01;SHIFT5;Shift;0.5; 
2025-06-10 11:30:21.0682 INFO 1047505150-01;SHIFT5;Shift1;0.5; 
2025-06-10 11:30:21.0682 INFO 1047505150-01;SHIFT5;SHIFT;0.5; 
2025-06-10 11:30:21.0682 INFO 1047505150-01;SHIFT5;SHYFT;0.5; 
2025-06-10 11:30:21.0682 INFO 1047505150-01;SHIFT5;Shift;0.5; 
2025-06-10 11:30:21.6918 INFO 1009499533-02;Overhead Door Company of Baltimore;Overhead Door Company of Baltimore;0.5; 
2025-06-10 11:30:22.5919 INFO 1010479436-08;University of Maryland Baltimore;University of Maryland Baltimore;0.3;low 
2025-06-10 11:30:22.5919 INFO 1010479436-08;University of Maryland Baltimore;University of Maryland Baltimore County;0.0;unsupported 
2025-06-10 11:30:22.5919 INFO 1010479436-08;University of Maryland Baltimore;University of Maryland School of Medicine;0.5; 
2025-06-10 11:30:23.7728 INFO 1014495858-01;Bank of America;Bank of America;0.3;low 
2025-06-10 11:30:24.3320 INFO 1012504907-01;Internal Revenue Service;Internal Revenue Service;0.9;high 
2025-06-10 11:30:24.9187 INFO 1008494315-01;Northrop Grumman;Northrop Grumman;0.0;unsupported 
2025-06-10 11:30:24.9187 INFO 1008494315-01;Northrop Grumman;Northrop Grumman Federal Credit Union;0.5; 
2025-06-10 11:30:26.4340 INFO 1017490805-03;MedStar Health;MedStar Health;0.9;high 
2025-06-10 11:30:26.4340 INFO 1017490805-03;MedStar Health;Medstar Health Solutions;0.5; 
2025-06-10 11:30:26.4340 INFO 1017490805-03;MedStar Health;MedStar Health Visiting Nurse Association;0.5; 
2025-06-10 11:30:26.4340 INFO 1017490805-03;MedStar Health;MedStar Washington Hospital Center;0.9;high 
2025-06-10 11:30:27.0904 INFO 1008504370-02;National Ins of Health;National Institutes of Health;0.9;high 
2025-06-10 11:30:28.0003 INFO 1010502052-03;USDA;U.S. Department of Agriculture;0.9;high 
2025-06-10 11:30:28.0003 INFO 1010502052-03;USDA;USDA Agricultural Research Service;0.9;high 
2025-06-10 11:30:28.0003 INFO 1010502052-03;USDA;Animal and Plant Health Inspection Service (APHIS);0.9;high 
2025-06-10 11:30:28.0073 INFO 1010502052-03;USDA;UST;0.5; 
2025-06-10 11:30:28.0073 INFO 1010502052-03;USDA;UST;0.5; 
2025-06-10 11:30:28.0073 INFO 1010502052-03;USDA;US Data Management;0.5; 
2025-06-10 11:30:28.0073 INFO 1010502052-03;USDA;USIT;0.5; 
2025-06-10 11:30:28.0073 INFO 1010502052-03;USDA;Usdan Summer Camp for the Arts;0.5; 
2025-06-10 11:30:28.0073 INFO 1010502052-03;USDA;US Data;0.5; 
2025-06-10 11:30:28.0223 INFO 1010502052-03;USDA;USAT;0.5; 
2025-06-10 11:30:28.0223 INFO 1010502052-03;USDA;USD;0.5; 
2025-06-10 11:30:28.3476 INFO 1010502052-02;USDA;U.S. Department of Agriculture;0.9;high 
2025-06-10 11:30:28.3506 INFO 1010502052-02;USDA;USDA Agricultural Research Service;0.9;high 
2025-06-10 11:30:28.3506 INFO 1010502052-02;USDA;Animal and Plant Health Inspection Service (APHIS);0.9;high 
2025-06-10 11:30:28.3506 INFO 1010502052-02;USDA;UST;0.5; 
2025-06-10 11:30:28.3506 INFO 1010502052-02;USDA;UST;0.5; 
2025-06-10 11:30:28.3506 INFO 1010502052-02;USDA;US Data Management;0.5; 
2025-06-10 11:30:28.3506 INFO 1010502052-02;USDA;USIT;0.5; 
2025-06-10 11:30:28.3506 INFO 1010502052-02;USDA;Usdan Summer Camp for the Arts;0.5; 
2025-06-10 11:30:28.3666 INFO 1010502052-02;USDA;US Data;0.5; 
2025-06-10 11:30:28.3666 INFO 1010502052-02;USDA;USAT;0.5; 
2025-06-10 11:30:28.3666 INFO 1010502052-02;USDA;USD;0.5; 
2025-06-10 11:30:28.9391 INFO 1010503900-03;Rhode River Marina Inc.;Rhode River Marina;0.5; 
2025-06-10 11:30:30.1845 INFO 1014492915-03;Uniformed Services University;Uniformed Services University of the Health Sciences (USUHS);0.5; 
2025-06-10 11:30:30.5959 INFO 1010502524-01;Mercy Hospital;Mercy;0.9;high 
2025-06-10 11:30:30.5959 INFO 1010502524-01;Mercy Hospital;University of Pittsburgh Medical Center;0.9;high 
2025-06-10 11:30:30.6019 INFO 1010502524-01;Mercy Hospital;Mercy Hospital & Medical Center;0.5; 
2025-06-10 11:30:30.6019 INFO 1010502524-01;Mercy Hospital;Mercy Hospital;0.5; 
2025-06-10 11:30:30.6019 INFO 1010502524-01;Mercy Hospital;Mercy Hospital;0.5; 
2025-06-10 11:30:30.6019 INFO 1010502524-01;Mercy Hospital;Mercy Hospital of Devils Lake;0.5; 
2025-06-10 11:30:30.6019 INFO 1010502524-01;Mercy Hospital;Mercy Hospital Of Franciscan Sisters, Inc. (Oelwein, IA;0.5; 
2025-06-10 11:30:30.6019 INFO 1010502524-01;Mercy Hospital;Mercy Hospital;0.5; 
2025-06-10 11:30:30.6149 INFO 1010502524-01;Mercy Hospital;Mercy Hospital;0.5; 
2025-06-10 11:30:30.6149 INFO 1010502524-01;Mercy Hospital;Mercy Hospital Of Defiance;0.5; 
2025-06-10 11:30:30.6149 INFO 1010502524-01;Mercy Hospital;Mercy Hospital of Valley City;0.5; 
2025-06-10 11:30:30.6149 INFO 1010502524-01;Mercy Hospital;Mercy Hospital;0.5; 
2025-06-10 11:30:31.2778 INFO 4010501489-07;Deloitte LLP;Deloitte;0.9;high 
2025-06-10 11:30:31.9895 INFO 1083503554-06;Greentec Auto;Greentec Auto;0.5; 
2025-06-10 11:30:32.6385 INFO 1083503554-05;Howard County Health Department;Howard County Health Department;0.5; 
2025-06-10 11:30:33.6255 INFO 1024502103-04;Leap LLC;LPA;0.5; 
2025-06-10 11:30:33.6255 INFO 1024502103-04;Leap LLC;LeapFrog Enterprises;0.5; 
2025-06-10 11:30:33.6305 INFO 1024502103-04;Leap LLC;Loop;0.5; 
2025-06-10 11:30:33.6305 INFO 1024502103-04;Leap LLC;Leapfrog Technology;0.5; 
2025-06-10 11:30:33.6305 INFO 1024502103-04;Leap LLC;LEAP Academy University Charter School;0.5; 
2025-06-10 11:30:33.6305 INFO 1024502103-04;Leap LLC;Leppo;0.5; 
2025-06-10 11:30:33.6305 INFO 1024502103-04;Leap LLC;Leapfrog Services;0.5; 
2025-06-10 11:30:33.6305 INFO 1024502103-04;Leap LLC;LeapFrog Systems;0.5; 
2025-06-10 11:30:33.6305 INFO 1024502103-04;Leap LLC;Lizardos Engineering Associates;0.5; 
2025-06-10 11:30:33.6305 INFO 1024502103-04;Leap LLC;LEAP Legal Software US;0.5; 
2025-06-10 11:30:35.4249 INFO 1010503480-03;API Source;APISource;0.5; 
2025-06-10 11:30:35.4279 INFO 1010503480-03;API Source;AP Source;0.5; 
2025-06-10 11:30:35.4279 INFO 1010503480-03;API Source;APIA Source;0.5; 
2025-06-10 11:30:36.0108 INFO 1009503413-04;Coast Guard;U.S. Coast Guard;0.9;high 
2025-06-10 11:30:36.0108 INFO 1009503413-04;Coast Guard;Coast Guard Aviation Association (Ancient Order Of The Pterodactyl);0.5; 
2025-06-10 11:30:36.5541 INFO 1009503413-03;Coast Guard;U.S. Coast Guard;0.9;high 
2025-06-10 11:30:36.5541 INFO 1009503413-03;Coast Guard;Coast Guard Aviation Association (Ancient Order Of The Pterodactyl);0.5; 
2025-06-10 11:30:37.7935 INFO 1017504365-02;Tri County Aire, Inc.;Tri-County Aire;0.5; 
2025-06-10 11:30:37.7935 INFO 1017504365-02;Tri County Aire, Inc.;Tri-County Aire;0.5; 
2025-06-10 11:30:37.7935 INFO 1017504365-02;Tri County Aire, Inc.;Tri County Air;0.5; 
2025-06-10 11:30:38.4302 INFO 1009503376-01;Anne Arundel Health System;Anne Arundel Health System;0.5; 
2025-06-10 11:30:38.4302 INFO 1009503376-01;Anne Arundel Health System;Anne Arundel Medical Center;0.9;high 
2025-06-10 11:30:39.0361 INFO 7040502416-01;Organic Dyes and Pigments LLC;Organic Dyes & Pigments;0.5; 
2025-06-10 11:30:39.6719 INFO 1047503086-02;National Office Systems, Inc.;National Office Systems;0.5; 
2025-06-10 11:30:39.6719 INFO 1047503086-02;National Office Systems, Inc.;National Office Systems;0.5; 
2025-06-10 11:30:40.3295 INFO 1047503086-01;Oasis Systems, LLC;Oasis Systems;0.9;high 
2025-06-10 11:30:41.0570 INFO 1012503940-01;Johns Hopkins University;Johns Hopkins University;0.0;unsupported 
2025-06-10 11:30:41.0570 INFO 1012503940-01;Johns Hopkins University;Johns Hopkins Medicine;0.0;unsupported 
2025-06-10 11:30:41.7068 INFO 4010504758-02;US Department of State;Department of State;0.9;high 
2025-06-10 11:30:42.2686 INFO 4010504758-01;US Department of State;Department of State;0.9;high 
2025-06-10 11:30:43.0835 INFO 1009499574-08;Quest Diagnostics;Quest Diagnostics;0.9;high 
2025-06-10 11:30:44.5247 INFO 1010503313-02;The Y in Central Maryland;Y in Central Maryland;0.5; 
2025-06-10 11:30:45.2388 INFO 1083504739-01;Renewal by Anderson;Renewal by Andersen (Franchise);0.9;high 
2025-06-10 11:30:45.2408 INFO 1083504739-01;Renewal by Anderson;Renewal by Andersen (Corporate);0.9;high 
2025-06-10 11:30:45.2408 INFO 1083504739-01;Renewal by Anderson;Renewal By Anderson;0.5; 
2025-06-10 11:30:45.6418 INFO 1055500816-02;NSA;State of New York;0.3;low 
2025-06-10 11:30:45.6418 INFO 1055500816-02;NSA;nci;0.5; 
2025-06-10 11:30:45.6418 INFO 1055500816-02;NSA;National Security Agency;0.5; 
2025-06-10 11:30:45.6489 INFO 1055500816-02;NSA;NorthStar Asset Management Group;0.5; 
2025-06-10 11:30:45.6489 INFO 1055500816-02;NSA;Northstar Aerospace;0.5; 
2025-06-10 11:30:45.6489 INFO 1055500816-02;NSA;NAS;0.5; 
2025-06-10 11:30:45.6489 INFO 1055500816-02;NSA;NSA Industries;0.5; 
2025-06-10 11:30:45.6489 INFO 1055500816-02;NSA;NSABP Foundation;0.5; 
2025-06-10 11:30:45.6489 INFO 1055500816-02;NSA;NSU;0.5; 
2025-06-10 11:30:45.6628 INFO 1055500816-02;NSA;NS Wash Systems;0.5; 
2025-06-10 11:30:45.6628 INFO 1055500816-02;NSA;Nansemond-Suffolk Academy;0.5; 
2025-06-10 11:30:47.1419 INFO 1014500431-01;Medical Services of America;Medical Services of America;0.5; 
2025-06-10 11:30:47.1419 INFO 1014500431-01;Medical Services of America;Medical Services of America;0.5; 
2025-06-10 11:30:47.7582 INFO 1081503306-02;DCPS MPD;District of Columbia Public Schools (DCPS);0.9;high 
2025-06-10 11:30:47.7582 INFO 1081503306-02;DCPS MPD;Daviess County Public Schools;0.5; 
2025-06-10 11:30:49.5472 INFO 1024502621-05;Resurrection St. Paul School;Resurrection-St Paul School;0.5; 
2025-06-10 11:30:50.8982 INFO 1010498938-02;Cube Root Corporation;Cube Root;0.5; 
2025-06-10 11:30:51.3138 INFO 1024493579-04;Lonza;Lonza Group;0.9;high 
2025-06-10 11:30:51.3138 INFO 1024493579-04;Lonza;Lensa;0.5; 
2025-06-10 11:30:51.3185 INFO 1024493579-04;Lonza;Lenze;0.5; 
2025-06-10 11:30:51.3185 INFO 1024493579-04;Lonza;Lenz;0.5; 
2025-06-10 11:30:51.3185 INFO 1024493579-04;Lonza;Linz and;0.5; 
2025-06-10 11:30:51.3185 INFO 1024493579-04;Lonza;Lionzo;0.5; 
2025-06-10 11:30:51.3185 INFO 1024493579-04;Lonza;Loanz;0.5; 
2025-06-10 11:30:51.3185 INFO 1024493579-04;Lonza;LANZA;0.5; 
2025-06-10 11:30:51.3185 INFO 1024493579-04;Lonza;Loanzy;0.5; 
2025-06-10 11:30:51.9406 INFO 1008438377-01;Northrop Grumman;Northrop Grumman;0.0;unsupported 
2025-06-10 11:30:51.9437 INFO 1008438377-01;Northrop Grumman;Northrop Grumman Federal Credit Union;0.5; 
2025-06-10 11:30:52.3394 INFO 1031503052-01;Grace Baptist Church;Grace Baptist Church;0.5; 
2025-06-10 11:30:52.3394 INFO 1031503052-01;Grace Baptist Church;Grace Baptist Church Cedarville;0.5; 
2025-06-10 11:30:52.3394 INFO 1031503052-01;Grace Baptist Church;Grace Baptist Church of Germantown;0.5; 
2025-06-10 11:30:52.3394 INFO 1031503052-01;Grace Baptist Church;Grace Baptist Church Middletown, Ohio;0.5; 
2025-06-10 11:30:52.3394 INFO 1031503052-01;Grace Baptist Church;Grace Baptist Church;0.5; 
2025-06-10 11:30:52.3514 INFO 1031503052-01;Grace Baptist Church;Grace Baptist Church Of Kankakee;0.5; 
2025-06-10 11:30:52.3514 INFO 1031503052-01;Grace Baptist Church;Greece Baptist Church;0.5; 
2025-06-10 11:30:52.3514 INFO 1031503052-01;Grace Baptist Church;Grace Baptist Church;0.5; 
2025-06-10 11:30:52.3514 INFO 1031503052-01;Grace Baptist Church;Grace Baptist Church;0.5; 
2025-06-10 11:30:52.3514 INFO 1031503052-01;Grace Baptist Church;Grace Baptist Church;0.5; 
2025-06-10 11:30:53.8149 INFO 1014456568-02;Acer Exhibits & Events;Acer Exhibits & Events;0.5; 
2025-06-10 11:30:54.2259 INFO 4010502304-03;Amazon;Amazon;0.9;high 
2025-06-10 11:30:54.2259 INFO 4010502304-03;Amazon;Amazon Web Services;0.3;low 
2025-06-10 11:30:54.2259 INFO 4010502304-03;Amazon;Amazon Warehouse;0.9;high 
2025-06-10 11:30:54.2259 INFO 4010502304-03;Amazon;Amazon MGM Studios;0.5; 
2025-06-10 11:30:54.2259 INFO 4010502304-03;Amazon;Amazon Hose & Rubber;0.5; 
2025-06-10 11:30:54.2259 INFO 4010502304-03;Amazon;Amazon Logistics;0.0;unsupported 
2025-06-10 11:30:54.2259 INFO 4010502304-03;Amazon;AmaSyn;0.5; 
2025-06-10 11:30:54.2419 INFO 4010502304-03;Amazon;Amazon Flex;0.0;unsupported 
2025-06-10 11:30:54.7917 INFO 1009497564-05;City of Baltimore;City of Baltimore;0.9;high 
2025-06-10 11:30:54.7917 INFO 1009497564-05;City of Baltimore;Baltimore Development;0.5; 
2025-06-10 11:30:55.5198 INFO 1031504409-01;State of Delaware;State of Delaware;0.9;high 
2025-06-10 11:30:56.1639 INFO 1009499533-01;Overhead Door Company of Baltimore;Overhead Door Company of Baltimore;0.5; 
2025-06-10 11:30:56.9030 INFO 1014501999-02;University of Maryland Medical System;University of Maryland Medical System;0.3;low 
2025-06-10 11:30:56.9030 INFO 1014501999-02;University of Maryland Medical System;University of Maryland School of Medicine;0.5; 
2025-06-10 11:30:58.3994 INFO 1009504744-01;Northrop Grumman Corp;Northrop Grumman;0.0;unsupported 
2025-06-10 11:30:58.3994 INFO 1009504744-01;Northrop Grumman Corp;Northrop Grumman Federal Credit Union;0.5; 
2025-06-10 11:30:59.0216 INFO 1070504152-01;Chesapeake College;Chesapeake College;0.5; 
2025-06-10 11:31:00.9394 INFO 1081503685-03;The Catholic University of America;Catholic University of America;0.0;unsupported 
2025-06-10 11:31:01.5824 INFO 1024504431-01;Columbia medical practice;Columbia Medical Practice;0.5; 
2025-06-10 11:31:02.4635 INFO 1024503395-01;Coakley Williams Construction LLC;Coakley & Williams Construction;0.5; 
2025-06-10 11:31:06.0999 INFO 1081502741-02;Palantir Technologies;Palantir Technologies;0.9;high 
2025-06-10 11:31:07.2757 INFO 1081495784-03;Nationwide Mutual Insurance Co;Nationwide;0.9;high 
2025-06-10 11:31:07.6550 INFO 1081482764-04;American University;American University;0.0;unsupported 
2025-06-10 11:31:07.6550 INFO 1081482764-04;American University;American University Washington College of Law;0.5; 
2025-06-10 11:31:07.6550 INFO 1081482764-04;American University;American University of Beirut;0.5; 
2025-06-10 11:31:07.6550 INFO 1081482764-04;American University;American University of Antigua;0.5; 
2025-06-10 11:31:07.6660 INFO 1081482764-04;American University;American University of Health Sciences;0.5; 
2025-06-10 11:31:07.6660 INFO 1081482764-04;American University;American University Eagle;0.5; 
2025-06-10 11:31:07.6660 INFO 1081482764-04;American University;American University in Cairo;0.5; 
2025-06-10 11:31:07.6660 INFO 1081482764-04;American University;American University Journal of Gender, Social Policy & the Law;0.5; 
2025-06-10 11:31:07.6660 INFO 1081482764-04;American University;American University of Rome;0.5; 
2025-06-10 11:31:07.6810 INFO 1081482764-04;American University;American University of Armenia;0.5; 
2025-06-10 11:31:08.3077 INFO 1075502181-04;RELI Group Inc;RELI Group;0.9;high 
2025-06-10 11:31:08.3077 INFO 1075502181-04;RELI Group Inc;Rule Group;0.5; 
2025-06-10 11:31:08.3077 INFO 1075502181-04;RELI Group Inc;ROL Group;0.5; 
2025-06-10 11:31:08.3077 INFO 1075502181-04;RELI Group Inc;Reily Group;0.5; 
2025-06-10 11:31:08.3077 INFO 1075502181-04;RELI Group Inc;Rwl Group;0.5; 
2025-06-10 11:31:08.8339 INFO 1075502181-03;Internal Revenue Service;Internal Revenue Service;0.9;high 
2025-06-10 11:31:10.2283 INFO 1024485828-05;Anne Arundel County Public Schools;Anne Arundel County Public Schools;0.9;high 
2025-06-10 11:31:10.2283 INFO 1024485828-05;Anne Arundel County Public Schools;Anne Arundel County;0.9;high 
2025-06-10 11:31:10.7994 INFO 1010499356-04;Brass Tap;Brass Tap Franchise;0.5; 
2025-06-10 11:31:11.4127 INFO 1010499356-03;Kennedy Krieger Institute;Kennedy Krieger Institute;0.0;unsupported 
2025-06-10 11:31:12.2186 INFO 4010501489-05;Deloitte LLP;Deloitte;0.9;high 
2025-06-10 11:31:12.7612 INFO 1009503282-03;Trans Union LLC;TransUnion;0.3;low 
2025-06-10 11:31:12.7612 INFO 1009503282-03;Trans Union LLC;Trans Union Transport;0.5; 
2025-06-10 11:31:12.7612 INFO 1009503282-03;Trans Union LLC;Trans Union America;0.5; 
2025-06-10 11:31:12.7612 INFO 1009503282-03;Trans Union LLC;Trans Union Truck Driving School;0.5; 
2025-06-10 11:31:14.1171 INFO 1081502850-01;Capital One;Capital One;0.9;high 
2025-06-10 11:31:14.1171 INFO 1081502850-01;Capital One;Capital Inn;0.5; 
2025-06-10 11:31:14.7266 INFO 1014503725-03;Giant Food;Giant Food;0.9;high 
2025-06-10 11:31:14.7266 INFO 1014503725-03;Giant Food;Giant Void;0.5; 
2025-06-10 11:31:14.7266 INFO 1014503725-03;Giant Food;GIANT;0.9;high 
2025-06-10 11:31:16.4997 INFO 1081491200-02;Forrester Research Inc;Forrester Research;0.0;unsupported 
2025-06-10 11:31:17.2400 INFO 1081491200-01;U.S. Department of Homeland Security;Department of Homeland Security;0.9;high 
2025-06-10 11:31:17.7529 INFO 1008502145-01;Montgomery County;Montgomery County Public Schools;0.0;unsupported 
2025-06-10 11:31:17.7569 INFO 1008502145-01;Montgomery County;Montgomery County Government;0.0;unsupported 
2025-06-10 11:31:17.7569 INFO 1008502145-01;Montgomery County;Montgomery County Community College;0.5; 
2025-06-10 11:31:17.7569 INFO 1008502145-01;Montgomery County;Montgomery County, PA;0.5; 
2025-06-10 11:31:17.7569 INFO 1008502145-01;Montgomery County;The Arc New York;0.5; 
2025-06-10 11:31:17.7569 INFO 1008502145-01;Montgomery County;Montgomery County School District;0.5; 
2025-06-10 11:31:17.7569 INFO 1008502145-01;Montgomery County;Montgomery County Intermediate Unit;0.5; 
2025-06-10 11:31:17.7569 INFO 1008502145-01;Montgomery County;Montgomery County Revenue Authority;0.5; 
2025-06-10 11:31:17.7739 INFO 1008502145-01;Montgomery County;Montgomery County Schools, NC;0.5; 
2025-06-10 11:31:17.7739 INFO 1008502145-01;Montgomery County;Montgomery County Board of Education;0.5; 
2025-06-10 11:31:17.7739 INFO 1008502145-01;Montgomery County;Montgomery County Animal Resource Center;0.5; 
2025-06-10 11:31:18.0201 INFO 1008501471-01;Amazon Inc;Amazon;0.9;high 
2025-06-10 11:31:18.0231 INFO 1008501471-01;Amazon Inc;Amazon Web Services;0.3;low 
2025-06-10 11:31:18.0231 INFO 1008501471-01;Amazon Inc;Amazon Warehouse;0.9;high 
2025-06-10 11:31:18.0231 INFO 1008501471-01;Amazon Inc;Amazon MGM Studios;0.5; 
2025-06-10 11:31:18.0231 INFO 1008501471-01;Amazon Inc;Amazon Hose & Rubber;0.5; 
2025-06-10 11:31:18.0231 INFO 1008501471-01;Amazon Inc;Amazon Logistics;0.0;unsupported 
2025-06-10 11:31:18.0231 INFO 1008501471-01;Amazon Inc;AmaSyn;0.5; 
2025-06-10 11:31:18.0231 INFO 1008501471-01;Amazon Inc;Amazon Flex;0.0;unsupported 
2025-06-10 11:31:19.5235 INFO 1071487436-02;US Department of Homeland Security;Department of Homeland Security;0.9;high 
2025-06-10 11:31:20.3481 INFO 1081493121-07;Carnegie Endowment for International Peace;Carnegie Endowment for International Peace;0.5; 
2025-06-10 11:31:21.1772 INFO 1014504259-01;Morgan Stanley Smith Barney LLC;Morgan Stanley;0.0;unsupported 
2025-06-10 11:31:21.8366 INFO 1030500821-02;.Caroline County Public Schools;Caroline County Public Schools;0.5; 
2025-06-10 11:31:22.3372 INFO 1030500821-01;USPS;United States Postal Service;0.9;high 
2025-06-10 11:31:22.3372 INFO 1030500821-01;USPS;U.S. Protection Service;0.5; 
2025-06-10 11:31:22.3372 INFO 1030500821-01;USPS;Uspass;0.5; 
2025-06-10 11:31:22.3372 INFO 1030500821-01;USPS;USPS Surgical Institute;0.5; 
2025-06-10 11:31:24.6485 INFO 1075502181-02;RELI Group Inc;RELI Group;0.9;high 
2025-06-10 11:31:24.6485 INFO 1075502181-02;RELI Group Inc;Rule Group;0.5; 
2025-06-10 11:31:24.6485 INFO 1075502181-02;RELI Group Inc;ROL Group;0.5; 
2025-06-10 11:31:24.6485 INFO 1075502181-02;RELI Group Inc;Reily Group;0.5; 
2025-06-10 11:31:24.6485 INFO 1075502181-02;RELI Group Inc;Rwl Group;0.5; 
2025-06-10 11:31:25.3680 INFO 1075502181-01;Internal Revenue Service;Internal Revenue Service;0.9;high 
2025-06-10 11:31:26.0534 INFO 5101502946-04;Novant Health;Novant Health;0.3;low 
2025-06-10 11:31:26.8267 INFO 5101500125-02;NC Administrative Office of the Courts;North Carolina Administrative Office of the Courts;0.5; 
2025-06-10 11:31:27.6888 INFO 5012497735-03;Shelly Leeke Law Firm LLC;Shelly Leeke Law Firm;0.5; 
2025-06-10 11:31:28.1967 INFO 4010502039-04;University of Maryland;University of Maryland Medical System;0.3;low 
2025-06-10 11:31:28.1967 INFO 4010502039-04;University of Maryland;University of Maryland;0.9;high 
2025-06-10 11:31:28.1967 INFO 4010502039-04;University of Maryland;University of Maryland Baltimore;0.3;low 
2025-06-10 11:31:28.1967 INFO 4010502039-04;University of Maryland;University of Maryland School of Medicine;0.5; 
2025-06-10 11:31:28.1967 INFO 4010502039-04;University of Maryland;University of Maryland Global Campus;0.9;high 
2025-06-10 11:31:28.1967 INFO 4010502039-04;University of Maryland;University of Maryland Baltimore County;0.0;unsupported 
2025-06-10 11:31:28.2107 INFO 4010502039-04;University of Maryland;University of Maryland Eastern Shore;0.5; 
2025-06-10 11:31:28.2107 INFO 4010502039-04;University of Maryland;University of Maryland Upper Chesapeake Health System;0.5; 
2025-06-10 11:31:28.2107 INFO 4010502039-04;University of Maryland;University of Maryland Robert H. Smith School of Business;0.5; 
2025-06-10 11:31:28.2107 INFO 4010502039-04;University of Maryland;University of Maryland Center for Cosmetic Surgery & Wellness;0.5; 
2025-06-10 11:31:29.0606 INFO 1083468018-08;Office of Navel Intelligence;Office of Naval Intelligence;0.5; 
2025-06-10 11:31:29.9825 INFO 1030488126-04;State of DE;State of Delaware;0.9;high 
2025-06-10 11:31:29.9825 INFO 1030488126-04;State of DE;State of Devotion;0.5; 
2025-06-10 11:31:30.8502 INFO 1030488126-03;Alexander RV;Alexander RV Center;0.5; 
2025-06-10 11:31:31.8747 INFO 1024500355-02;Baltimore City Schools;Baltimore City Public Schools;0.0;unsupported 
2025-06-10 11:31:31.8747 INFO 1024500355-02;Baltimore City Schools;Baltimore County Public Schools;0.0;unsupported 
2025-06-10 11:31:32.6197 INFO 1018502114-02;US Capital Police;U.S. Capitol Police;0.5; 
2025-06-10 11:31:32.6197 INFO 1018502114-02;US Capital Police;United States Capitol Police;0.9;high 
2025-06-10 11:31:33.5327 INFO 1018484122-02;Iridium Communications;Iridium Communications;0.5; 
2025-06-10 11:31:35.1024 INFO 1012491807-03;MedStar Harbor Hospital;MedStar Health;0.9;high 
2025-06-10 11:31:35.8368 INFO 1010501131-04;Movement Strategy Center;Movement Strategy Center;0.5; 
2025-06-10 11:31:36.3662 INFO 1010501131-03;MDOT SHA;MdotM;0.5; 
2025-06-10 11:31:36.3692 INFO 1010501131-03;MDOT SHA;MdotLabs;0.5; 
2025-06-10 11:31:36.3692 INFO 1010501131-03;MDOT SHA;D'Ottavio Farms;0.5; 
2025-06-10 11:31:36.3692 INFO 1010501131-03;MDOT SHA;Modit;0.5; 
2025-06-10 11:31:36.3692 INFO 1010501131-03;MDOT SHA;M-Dot Network;0.5; 
2025-06-10 11:31:36.3692 INFO 1010501131-03;MDOT SHA;M. Marketing Solutions;0.5; 
2025-06-10 11:31:36.3692 INFO 1010501131-03;MDOT SHA;MDT;0.5; 
2025-06-10 11:31:36.3822 INFO 1010501131-03;MDOT SHA;Mdout;0.5; 
2025-06-10 11:31:39.1430 INFO 1010498111-02;Towson University;Towson University;0.0;unsupported 
2025-06-10 11:31:39.9922 INFO 1010476127-05;Merritt Management;Merit Management;0.5; 
2025-06-10 11:31:40.7936 INFO 1030502270-01;Divine Mercy Academy;Divine Mercy Academy;0.5; 
2025-06-10 11:31:41.7490 INFO 1009504498-01;Baltimore City Public Schools;Baltimore City Public Schools;0.0;unsupported 
2025-06-10 11:31:41.7490 INFO 1009504498-01;Baltimore City Public Schools;Baltimore County Public Schools;0.0;unsupported 
2025-06-10 11:31:42.5867 INFO 1024500996-02;Northrop Grumman;Northrop Grumman;0.0;unsupported 
2025-06-10 11:31:42.5867 INFO 1024500996-02;Northrop Grumman;Northrop Grumman Federal Credit Union;0.5; 
2025-06-10 11:31:43.4212 INFO 1017494726-01;Bookkeeping by Blanche LLC;Bookkeeping By Blanche;0.5; 
2025-06-10 11:31:44.3051 INFO 1024500996-01;Northrop Grumman;Northrop Grumman;0.0;unsupported 
2025-06-10 11:31:44.3051 INFO 1024500996-01;Northrop Grumman;Northrop Grumman Federal Credit Union;0.5; 
2025-06-10 11:31:46.1415 INFO 1024503630-02;Healthcare Management Solutions LLC;Healthcare Management Solutions;0.5; 
2025-06-10 11:31:46.8106 INFO 1024503630-01;Monongalia County Board of Education;Monongalia County Schools;0.5; 
2025-06-10 11:31:47.2787 INFO 1014502607-01;AMC;AMC Entertainment Holdings;0.3;low 
2025-06-10 11:31:47.2787 INFO 1014502607-01;AMC;Amcor;0.9;high 
2025-06-10 11:31:47.2787 INFO 1014502607-01;AMC;AMC Networks;0.5; 
2025-06-10 11:31:47.2887 INFO 1014502607-01;AMC;AMCOL International;0.5; 
2025-06-10 11:31:47.2887 INFO 1014502607-01;AMC;Apartment Management Consultants;0.9;high 
2025-06-10 11:31:47.2887 INFO 1014502607-01;AMC;American Mortgage Consultants;0.5; 
2025-06-10 11:31:47.2887 INFO 1014502607-01;AMC;AMECO;0.5; 
2025-06-10 11:31:47.2887 INFO 1014502607-01;AMC;AM Conservation Group;0.5; 
2025-06-10 11:31:47.2887 INFO 1014502607-01;AMC;American Consolidated Media;0.5; 
2025-06-10 11:31:47.3067 INFO 1014502607-01;AMC;AMC;0.9;high 
2025-06-10 11:31:47.8158 INFO 1055503329-03;McCormick & Co Inc;McCormick & Company;0.0;unsupported 
2025-06-10 11:31:47.8158 INFO 1055503329-03;McCormick & Co Inc;McCormick & Schmicks;0.9;high 
2025-06-10 11:31:47.8218 INFO 1055503329-03;McCormick & Co Inc;McCormick Taylor;0.5; 
2025-06-10 11:31:47.8218 INFO 1055503329-03;McCormick & Co Inc;Mccormick Place Convention Center;0.5; 
2025-06-10 11:31:47.8218 INFO 1055503329-03;McCormick & Co Inc;McCormick, Barstow, Sheppard, Wayte & Carruth;0.5; 
2025-06-10 11:31:47.8218 INFO 1055503329-03;McCormick & Co Inc;Mccormick Paint Works;0.5; 
2025-06-10 11:31:47.8218 INFO 1055503329-03;McCormick & Co Inc;McCormick Equipment;0.5; 
2025-06-10 11:31:47.8358 INFO 1055503329-03;McCormick & Co Inc;McCormick Distilling;0.5; 
2025-06-10 11:31:47.8358 INFO 1055503329-03;McCormick & Co Inc;McCormick Theological Seminary;0.5; 
2025-06-10 11:31:47.8358 INFO 1055503329-03;McCormick & Co Inc;McCormick Trucking;0.5; 
2025-06-10 11:31:48.6580 INFO 1024501815-02;Johnson Controls;Johnson Controls;0.3;low 
2025-06-10 11:31:49.7183 INFO 1024501815-01;Army and Airforce Exchange Services;Army & Air Force Exchange Service;0.0;unsupported 
2025-06-10 11:31:50.5237 INFO 4015500758-03;Palantir Technologies Inc.;Palantir Technologies;0.9;high 
2025-06-10 11:31:51.0969 INFO 1009504800-01;Pro-Air;Pro-Air;0.5; 
2025-06-10 11:31:51.0969 INFO 1009504800-01;Pro-Air;ProAir;0.5; 
2025-06-10 11:31:51.1020 INFO 1009504800-01;Pro-Air;Pro-Air Mechanical;0.5; 
2025-06-10 11:31:51.1020 INFO 1009504800-01;Pro-Air;Pro-Air Services;0.5; 
2025-06-10 11:31:51.1020 INFO 1009504800-01;Pro-Air;Pro Aire Cargo & Consulting;0.5; 
2025-06-10 11:31:51.1020 INFO 1009504800-01;Pro-Air;Pro-Aire;0.5; 
2025-06-10 11:31:51.1020 INFO 1009504800-01;Pro-Air;Pro Air;0.5; 
2025-06-10 11:31:51.1020 INFO 1009504800-01;Pro-Air;Pro Air;0.5; 
2025-06-10 11:31:52.6680 INFO 4010501489-03;Deloitte;Deloitte;0.9;high 
2025-06-10 11:31:54.5311 INFO 7030490504-04;Vinfen Corporation;Vinfen;0.0;unsupported 
2025-06-10 11:31:55.3874 INFO 4010496200-04;38North Security, LLC;38North Security;0.5; 
2025-06-10 11:31:56.2597 INFO 4010496200-03;Jones Lang LaSalle Americas, Inc;Jones Lang LaSalle;0.9;high 
2025-06-10 11:31:57.1181 INFO 1083494645-11;Camson Construction, Inc;Camson Construction;0.5; 
2025-06-10 11:31:58.5225 INFO 1055503291-06;University of Maryland;University of Maryland Medical System;0.3;low 
2025-06-10 11:31:58.5245 INFO 1055503291-06;University of Maryland;University of Maryland;0.9;high 
2025-06-10 11:31:58.5245 INFO 1055503291-06;University of Maryland;University of Maryland Baltimore;0.3;low 
2025-06-10 11:31:58.5245 INFO 1055503291-06;University of Maryland;University of Maryland School of Medicine;0.5; 
2025-06-10 11:31:58.5245 INFO 1055503291-06;University of Maryland;University of Maryland Global Campus;0.9;high 
2025-06-10 11:31:58.5245 INFO 1055503291-06;University of Maryland;University of Maryland Baltimore County;0.0;unsupported 
2025-06-10 11:31:58.5245 INFO 1055503291-06;University of Maryland;University of Maryland Eastern Shore;0.5; 
2025-06-10 11:31:58.5245 INFO 1055503291-06;University of Maryland;University of Maryland Upper Chesapeake Health System;0.5; 
2025-06-10 11:31:58.5405 INFO 1055503291-06;University of Maryland;University of Maryland Robert H. Smith School of Business;0.5; 
2025-06-10 11:31:58.5405 INFO 1055503291-06;University of Maryland;University of Maryland Center for Cosmetic Surgery & Wellness;0.5; 
2025-06-10 11:31:59.3000 INFO 1024504797-04;U.S. Holocaust Memorial Museum;Holocaust Memorial Museum;0.5; 
2025-06-10 11:32:00.0242 INFO 1024504797-03;Johns Hopkins Hospital;Johns Hopkins Medicine;0.0;unsupported 
2025-06-10 11:32:00.0242 INFO 1024504797-03;Johns Hopkins Hospital;Johns Hopkins University;0.0;unsupported 
2025-06-10 11:32:00.8572 INFO 1024502846-02;Goodell DeVries LLP;Goodell;0.5; 
2025-06-10 11:32:02.6876 INFO 1024501319-07;University of Maryland Medical System;University of Maryland Medical System;0.3;low 
2025-06-10 11:32:02.6876 INFO 1024501319-07;University of Maryland Medical System;University of Maryland School of Medicine;0.5; 
2025-06-10 11:32:03.4389 INFO 1024501319-06;Whiting Turner;Whiting-Turner Contracting;0.5; 
2025-06-10 11:32:04.4058 INFO 1014503779-02;Reli Group Inc;RELI Group;0.9;high 
2025-06-10 11:32:04.4058 INFO 1014503779-02;Reli Group Inc;Rule Group;0.5; 
2025-06-10 11:32:04.4058 INFO 1014503779-02;Reli Group Inc;ROL Group;0.5; 
2025-06-10 11:32:04.4138 INFO 1014503779-02;Reli Group Inc;Reily Group;0.5; 
2025-06-10 11:32:04.4138 INFO 1014503779-02;Reli Group Inc;Rwl Group;0.5; 
2025-06-10 11:32:05.2672 INFO 1014501376-04;Vox Media;Vox Media;0.5; 
2025-06-10 11:32:05.2672 INFO 1014501376-04;Vox Media;Voxmedia;0.5; 
2025-06-10 11:32:05.2672 INFO 1014501376-04;Vox Media;Voxi Media;0.5; 
2025-06-10 11:32:05.2737 INFO 1014501376-04;Vox Media;Voxxmedia;0.5; 
2025-06-10 11:32:06.1047 INFO 1014501376-03;The George Washington University;George Washington University School of Medicine & Health Sciences;0.5; 
2025-06-10 11:32:06.1047 INFO 1014501376-03;The George Washington University;George Washington University;0.9;high 
2025-06-10 11:32:07.7151 INFO 1014498956-03;District of Columbia Govt;District of Columbia;0.9;high 
2025-06-10 11:32:07.7151 INFO 1014498956-03;District of Columbia Govt;Metropolitan Police Department of the District of Columbia;0.9;high 
2025-06-10 11:32:08.6286 INFO 1014498478-02;Mission BBQ;Mission BBQ;0.0;unsupported 
2025-06-10 11:32:09.4628 INFO 1014494221-02;Univ. of MD Medical Center;University of Maryland Medical System;0.3;low 
2025-06-10 11:32:10.3060 INFO 1010502622-04;Whiting Turner;Whiting-Turner Contracting;0.5; 
2025-06-10 11:32:11.2014 INFO 1010482793-07;Carroll Hospital Center;Carroll Hospital Center My Care Now;0.5; 
2025-06-10 11:32:11.2014 INFO 1010482793-07;Carroll Hospital Center;Carroll Hospital;0.5; 
2025-06-10 11:32:12.2141 INFO 1009499566-02;Giant Foods;Giant Food;0.9;high 
2025-06-10 11:32:12.2141 INFO 1009499566-02;Giant Foods;GIANT;0.9;high 
2025-06-10 11:32:13.1359 INFO 1009498980-07;Baltimore City Public Schools;Baltimore City Public Schools;0.0;unsupported 
2025-06-10 11:32:13.1359 INFO 1009498980-07;Baltimore City Public Schools;Baltimore County Public Schools;0.0;unsupported 
2025-06-10 11:32:16.5676 INFO 1014504688-01;Costquest Associates;CostQuest Associates;0.5; 
2025-06-10 11:32:17.3818 INFO 1010504034-01;Smithsonian Institution;Smithsonian Institution;0.9;high 
2025-06-10 11:32:18.9325 INFO 7010503406-01;Siemens Healthcare Diagnostics;Siemens Healthcare;0.0;unsupported 
2025-06-10 11:32:19.5190 INFO 1017502210-03;Mona Electric Group;Mona Electric Group;0.5; 
2025-06-10 11:32:20.6768 INFO 1017474839-01;The Doctors Company;Doctors Clinic;0.5; 
2025-06-10 11:32:21.7731 INFO 1081495784-02;Nationwide Mutual Insurance Co;Nationwide;0.9;high 
2025-06-10 11:32:22.1096 INFO 1009504827-02;Compass, Inc;Compass Group;0.9;high 
2025-06-10 11:32:22.1096 INFO 1009504827-02;Compass, Inc;Compassus;0.9;high 
2025-06-10 11:32:22.1096 INFO 1009504827-02;Compass, Inc;Compass Minerals International;0.5; 
2025-06-10 11:32:22.1096 INFO 1009504827-02;Compass, Inc;Compassion International;0.5; 
2025-06-10 11:32:22.1181 INFO 1009504827-02;Compass, Inc;Compass;0.3;low 
2025-06-10 11:32:22.1181 INFO 1009504827-02;Compass, Inc;Compass Health Network;0.3;low 
2025-06-10 11:32:22.1181 INFO 1009504827-02;Compass, Inc;The Compass Group;0.5; 
2025-06-10 11:32:22.1181 INFO 1009504827-02;Compass, Inc;Compass Lexecon;0.5; 
2025-06-10 11:32:22.1181 INFO 1009504827-02;Compass, Inc;Compass Airlines;0.5; 
2025-06-10 11:32:22.1181 INFO 1009504827-02;Compass, Inc;Compass Health;0.5; 
2025-06-10 11:32:22.4312 INFO 1004504711-01;R&R Fabrication;Regal Cinemas;0.3;low 
2025-06-10 11:32:22.4312 INFO 1004504711-01;R&R Fabrication;National Railway Labor Conference;0.5; 
2025-06-10 11:32:22.4312 INFO 1004504711-01;R&R Fabrication;Coca-Cola;0.9;high 
2025-06-10 11:32:22.4312 INFO 1004504711-01;R&R Fabrication;Rite Aid;0.0;unsupported 
2025-06-10 11:32:22.4312 INFO 1004504711-01;R&R Fabrication;Ross Stores;0.9;high 
2025-06-10 11:32:22.4312 INFO 1004504711-01;R&R Fabrication;Reliance Steel & Aluminum;0.3;low 
2025-06-10 11:32:22.4312 INFO 1004504711-01;R&R Fabrication;Raytheon Technologies;0.9;high 
2025-06-10 11:32:22.4472 INFO 1004504711-01;R&R Fabrication;Republic Services;0.9;high 
2025-06-10 11:32:22.4472 INFO 1004504711-01;R&R Fabrication;Ryder Transportation;0.9;high 
2025-06-10 11:32:22.4472 INFO 1004504711-01;R&R Fabrication;Raymond James Financial;0.3;low 
2025-06-10 11:32:22.4472 INFO 1004504711-01;R&R Fabrication;Marriott;0.9;high 
2025-06-10 11:32:22.4472 INFO 1004504711-01;R&R Fabrication;Rochester Regional Health System;0.9;high 
2025-06-10 11:32:22.4472 INFO 1004504711-01;R&R Fabrication;Tower Health;0.9;high 
2025-06-10 11:32:22.4622 INFO 1004504711-01;R&R Fabrication;Rinker Materials;0.9;high 
2025-06-10 11:32:22.4622 INFO 1004504711-01;R&R Fabrication;Rogers Memorial Hospital;0.9;high 
2025-06-10 11:32:23.1362 INFO 1012503704-01;Johns Hopkins;Johns Hopkins University;0.0;unsupported 
2025-06-10 11:32:23.1362 INFO 1012503704-01;Johns Hopkins;Johns Hopkins Medicine;0.0;unsupported 
2025-06-10 11:32:23.1362 INFO 1012503704-01;Johns Hopkins;Johns Hopkins Federal Credit Union;0.5; 
2025-06-10 11:32:23.4814 INFO 1009504827-01;Compass, Inc;Compass Group;0.9;high 
2025-06-10 11:32:23.4814 INFO 1009504827-01;Compass, Inc;Compassus;0.9;high 
2025-06-10 11:32:23.4814 INFO 1009504827-01;Compass, Inc;Compass Minerals International;0.5; 
2025-06-10 11:32:23.4814 INFO 1009504827-01;Compass, Inc;Compassion International;0.5; 
2025-06-10 11:32:23.4814 INFO 1009504827-01;Compass, Inc;Compass;0.3;low 
2025-06-10 11:32:23.4941 INFO 1009504827-01;Compass, Inc;Compass Health Network;0.3;low 
2025-06-10 11:32:23.4941 INFO 1009504827-01;Compass, Inc;The Compass Group;0.5; 
2025-06-10 11:32:23.4941 INFO 1009504827-01;Compass, Inc;Compass Lexecon;0.5; 
2025-06-10 11:32:23.4941 INFO 1009504827-01;Compass, Inc;Compass Airlines;0.5; 
2025-06-10 11:32:23.4941 INFO 1009504827-01;Compass, Inc;Compass Health;0.5; 
2025-06-10 11:32:24.1246 INFO 1055503540-01;Fresenius Medical Care;Fresenius Medical Care;0.9;high 
2025-06-10 11:32:24.7078 INFO 1004501697-03;Lakeside Title Company;Lakeside Title;0.5; 
2025-06-10 11:32:27.2400 INFO 1024501594-02;James Davies;James Davis Land;0.5; 
2025-06-10 11:32:27.2430 INFO 1024501594-02;James Davies;James Davis;0.5; 
2025-06-10 11:32:27.6093 INFO 1012503789-02;GEICO;Geico;0.3;unsupported 
2025-06-10 11:32:27.6093 INFO 1012503789-02;GEICO;GECU;0.5; 
2025-06-10 11:32:27.6093 INFO 1012503789-02;GEICO;GEI Consultants;0.5; 
2025-06-10 11:32:27.6093 INFO 1012503789-02;GEICO;Gecu;0.0;unsupported 
2025-06-10 11:32:27.6193 INFO 1012503789-02;GEICO;GECO;0.5; 
2025-06-10 11:32:27.6193 INFO 1012503789-02;GEICO;GEC;0.5; 
2025-06-10 11:32:27.6193 INFO 1012503789-02;GEICO;GIC Services;0.5; 
2025-06-10 11:32:27.6193 INFO 1012503789-02;GEICO;GEC2;0.5; 
2025-06-10 11:32:27.6193 INFO 1012503789-02;GEICO;GEC;0.5; 
2025-06-10 11:32:27.6193 INFO 1012503789-02;GEICO;Gekko;0.5; 
2025-06-10 11:32:28.2628 INFO 1012503605-02;State of Maryland;State of Maryland;0.9;high 
2025-06-10 11:32:28.2628 INFO 1012503605-02;State of Maryland;State of Maryland;0.9;high 
2025-06-10 11:32:28.5918 INFO 1010502551-04;UMMS;University of Maryland Medical System;0.3;low 
2025-06-10 11:32:28.5918 INFO 1010502551-04;UMMS;UMOS;0.5; 
2025-06-10 11:32:28.5918 INFO 1010502551-04;UMMS;Umuse;0.5; 
2025-06-10 11:32:28.5918 INFO 1010502551-04;UMMS;Uhmms;0.5; 
2025-06-10 11:32:28.6018 INFO 1010502551-04;UMMS;Uma’s;0.5; 
2025-06-10 11:32:29.2399 INFO 1010499468-05;Harbour School;Harbor School;0.5; 
2025-06-10 11:32:29.2429 INFO 1010499468-05;Harbour School;Harbor School;0.5; 
2025-06-10 11:32:29.8533 INFO 1008503422-04;Walden Security;Walden Security;0.0;unsupported 
2025-06-10 11:32:30.6599 INFO 4010495251-02;Leapoint, Inc;Lapointe;0.5; 
2025-06-10 11:32:31.2165 INFO 4010503104-02;McKesson;McKesson;0.9;high 
2025-06-10 11:32:32.0052 INFO 1047504663-01;National Association of Realtors;National Association of Realtors;0.5; 
2025-06-10 11:32:32.6777 INFO 1047503826-02;Sound Exchange;SoundExchange;0.5; 
2025-06-10 11:32:32.6777 INFO 1047503826-02;Sound Exchange;Sound Exchange;0.5; 
2025-06-10 11:32:32.6827 INFO 1047503826-02;Sound Exchange;Sound Exchange;0.5; 
2025-06-10 11:32:33.0995 INFO 1047503826-01;PTC Inc;PTC Therapeutics;0.5; 
2025-06-10 11:32:33.1035 INFO 1047503826-01;PTC Inc;Ptc;0.5; 
2025-06-10 11:32:33.1035 INFO 1047503826-01;PTC Inc;PTC;0.5; 
2025-06-10 11:32:33.1035 INFO 1047503826-01;PTC Inc;PTC Group Holdings;0.5; 
2025-06-10 11:32:33.1035 INFO 1047503826-01;PTC Inc;Putco;0.5; 
2025-06-10 11:32:33.1035 INFO 1047503826-01;PTC Inc;Pharmacy Technician Certification Board;0.5; 
2025-06-10 11:32:33.1035 INFO 1047503826-01;PTC Inc;Pittsburgh Technical College;0.5; 
2025-06-10 11:32:33.1175 INFO 1047503826-01;PTC Inc;Physical Therapy Central;0.9;high 
2025-06-10 11:32:33.1175 INFO 1047503826-01;PTC Inc;PT&C|LWG Forensic Consulting Services;0.5; 
2025-06-10 11:32:33.1175 INFO 1047503826-01;PTC Inc;Project Time & Cost;0.5; 
2025-06-10 11:32:33.6791 INFO 1024504797-02;U.S. Holocaust Memorial Museum;Holocaust Memorial Museum;0.5; 
2025-06-10 11:32:34.2106 INFO 1024504797-01;Johns Hopkins Hospital;Johns Hopkins Medicine;0.0;unsupported 
2025-06-10 11:32:34.2126 INFO 1024504797-01;Johns Hopkins Hospital;Johns Hopkins University;0.0;unsupported 
2025-06-10 11:32:34.8454 INFO 1081501177-06;Macrogenics;MacroGenics;0.5; 
2025-06-10 11:32:35.4506 INFO 5012504558-02;Remote Technology Services;Remote Technology Services;0.9;high 
2025-06-10 11:32:36.0564 INFO 5012504558-01;Remote Technology Services;Remote Technology Services;0.9;high 
2025-06-10 11:32:36.4954 INFO 5101503868-01;Mann ENT;Manna;0.5; 
2025-06-10 11:32:36.4954 INFO 5101503868-01;Mann ENT;Moen;0.5; 
2025-06-10 11:32:36.4954 INFO 5101503868-01;Mann ENT;Mannington Mills;0.5; 
2025-06-10 11:32:36.4954 INFO 5101503868-01;Mann ENT;Mann + Hummel;0.5; 
2025-06-10 11:32:36.5111 INFO 5101503868-01;Mann ENT;MBNA;0.5; 
2025-06-10 11:32:36.5111 INFO 5101503868-01;Mann ENT;Mannatech;0.5; 
2025-06-10 11:32:36.5111 INFO 5101503868-01;Mann ENT;MINE;0.5; 
2025-06-10 11:32:36.5111 INFO 5101503868-01;Mann ENT;Mannington Commercial;0.5; 
2025-06-10 11:32:36.5241 INFO 5101503868-01;Mann ENT;Manning & Napier;0.5; 
2025-06-10 11:32:36.5241 INFO 5101503868-01;Mann ENT;Mann Financial;0.5; 
2025-06-10 11:32:37.1524 INFO 1083502839-02;L3HARRIS TECHNOLOGIES INC;L3 Harris;0.0;unsupported 
2025-06-10 11:32:37.7419 INFO 5101500656-02;Broadcom;Broadcom;0.3;low 
2025-06-10 11:32:38.3247 INFO 5101502345-04;Moore County School;Moore County Schools (TN);0.5; 
2025-06-10 11:32:38.8671 INFO 1083494645-09;Camson Construction, Inc;Camson Construction;0.5; 
2025-06-10 11:32:39.4707 INFO 1010504463-02;Bank of America;Bank of America;0.3;low 
2025-06-10 11:32:40.8257 INFO 5101499267-02;United States Federal Courts;U.S. Courts;0.0;unsupported 
2025-06-10 11:32:41.3746 INFO 5101497975-03;Wolfspeed, Inc.;Wolfspeed;0.9;high 
2025-06-10 11:32:41.8192 INFO 1024503496-02;Medstar;MedStar Washington Hospital Center;0.9;high 
2025-06-10 11:32:41.8222 INFO 1024503496-02;Medstar;MedStar Health;0.9;high 
2025-06-10 11:32:41.8222 INFO 1024503496-02;Medstar;Good Samaritan Hospital of Maryland;0.5; 
2025-06-10 11:32:41.8222 INFO 1024503496-02;Medstar;MedStar Georgetown University Hospital;0.9;high 
2025-06-10 11:32:41.8222 INFO 1024503496-02;Medstar;MedStar Union Memorial Hospital;0.5; 
2025-06-10 11:32:41.8222 INFO 1024503496-02;Medstar;MedStar Harbor Hospital;0.9;high 
2025-06-10 11:32:41.8222 INFO 1024503496-02;Medstar;MedStar National Rehabilitation Network;0.9;high 
2025-06-10 11:32:41.8372 INFO 1024503496-02;Medstar;MedStar Mobile Healthcare;0.5; 
2025-06-10 11:32:41.8372 INFO 1024503496-02;Medstar;Medstar;0.5; 
2025-06-10 11:32:41.8372 INFO 1024503496-02;Medstar;MetaStar;0.5; 
2025-06-10 11:32:42.4806 INFO 1024499621-02;Department of veterans affairs;Department of Veterans Affairs;0.9;high 
2025-06-10 11:32:45.1880 INFO 1024498273-05;Johns Hopkins Hospital;Johns Hopkins Medicine;0.0;unsupported 
2025-06-10 11:32:45.1880 INFO 1024498273-05;Johns Hopkins Hospital;Johns Hopkins University;0.0;unsupported 
2025-06-10 11:32:45.8390 INFO 1017503122-02;United States Marine Corps;U.S. Marine Corps;0.9;high 
2025-06-10 11:32:45.8390 INFO 1017503122-02;United States Marine Corps;U.S. Marine Corps;0.9;high 
2025-06-10 11:32:45.8390 INFO 1017503122-02;United States Marine Corps;United States Marine Corps Forces Central Command;0.5; 
2025-06-10 11:32:46.1918 INFO 1014502441-02;Pepco;Pepco Holdings;0.5; 
2025-06-10 11:32:46.1918 INFO 1014502441-02;Pepco;Professional Electric Products;0.5; 
2025-06-10 11:32:46.1978 INFO 1014502441-02;Pepco;Pepco Sales;0.5; 
2025-06-10 11:32:46.1978 INFO 1014502441-02;Pepco;Perma Pom;0.5; 
2025-06-10 11:32:46.1978 INFO 1014502441-02;Pepco;Pepco Manufacturing;0.5; 
2025-06-10 11:32:46.1978 INFO 1014502441-02;Pepco;Plainville Electrical Products;0.5; 
2025-06-10 11:32:46.1978 INFO 1014502441-02;Pepco;PEPCO Controls;0.5; 
2025-06-10 11:32:46.2118 INFO 1014502441-02;Pepco;Papco;0.5; 
2025-06-10 11:32:46.2118 INFO 1014502441-02;Pepco;Pepcom;0.5; 
2025-06-10 11:32:46.2118 INFO 1014502441-02;Pepco;Powerline Electrical Products;0.5; 
2025-06-10 11:32:46.8101 INFO 1009502303-03;Johns Hopkins University;Johns Hopkins University;0.0;unsupported 
2025-06-10 11:32:46.8101 INFO 1009502303-03;Johns Hopkins University;Johns Hopkins Medicine;0.0;unsupported 
2025-06-10 11:32:47.6154 INFO 1009500315-05;Children's National Medical Center;Children's National Health System;0.0;unsupported 
2025-06-10 11:32:48.2840 INFO 1009499574-07;Keswick Multicare Center Inc;Keswick Multi-Care Center;0.5; 
2025-06-10 11:32:49.2267 INFO 1009499574-06;Quest Diagnostics;Quest Diagnostics;0.9;high 
2025-06-10 11:32:49.8409 INFO 1009496429-04;Bowhead;UIC Technical Services;0.0;unsupported 
2025-06-10 11:32:49.8409 INFO 1009496429-04;Bowhead;Bowhead Manufacturing;0.5; 
2025-06-10 11:32:49.8409 INFO 1009496429-04;Bowhead;Bowhead Transport;0.5; 
2025-06-10 11:32:50.4406 INFO 1008497004-04;Newport News Shipbuilding/Hunting Ingalls;Newport News Shipbuilding, A Division of Huntington Ingalls Industries;0.0;unsupported 
2025-06-10 11:32:51.2588 INFO 1024501814-03;Hillsborough County Public Schools;Hillsborough County Public Schools;0.9;high 
2025-06-10 11:32:51.2588 INFO 1024501814-03;Hillsborough County Public Schools;Hillsborough County;0.5; 
2025-06-10 11:32:53.9078 INFO 1017500342-03;Classic Collision;Classic Collision;0.9;high 
2025-06-10 11:32:53.9078 INFO 1017500342-03;Classic Collision;Classic Collision Center;0.5; 
2025-06-10 11:32:53.9078 INFO 1017500342-03;Classic Collision;Classic Collision & Restoration;0.5; 
2025-06-10 11:32:53.9158 INFO 1017500342-03;Classic Collision;Classic Collision;0.5; 
2025-06-10 11:32:54.5789 INFO 1022503055-01;City of Richmond;City of Richmond Heights, MO;0.5; 
2025-06-10 11:32:55.1623 INFO 1012491807-02;MedStar Harbor Hospital;MedStar Health;0.9;high 
2025-06-10 11:32:56.3052 INFO 1081503925-01;Marriott International;Marriott;0.9;high 
2025-06-10 11:32:56.3083 INFO 1081503925-01;Marriott International;Merritt International;0.5; 
2025-06-10 11:32:56.8619 INFO 1009499574-04;Quest Diagnostics;Quest Diagnostics;0.9;high 
2025-06-10 11:32:57.4795 INFO 1004435336-04;Carter Machinery;Carter Machinery;0.9;high 
2025-06-10 11:32:58.1096 INFO 1031495115-01;Defense Finance and ACTG Service;Defense Finance & Accounting Services;0.9;high 
2025-06-10 11:32:58.7321 INFO 4022501027-01;Henrico County Virginia;Henrico County Public Schools;0.9;high 
2025-06-10 11:32:59.2696 INFO 4022500170-01;Arc 3 Gases;Arc3 Gases;0.5; 
2025-06-10 11:33:00.5926 INFO 1081502657-01;VA;Valero Energy;0.0;unsupported 
2025-06-10 11:33:00.5926 INFO 1081502657-01;VA;Department of Veterans Affairs;0.9;high 
2025-06-10 11:33:00.5926 INFO 1081502657-01;VA;Valspar;0.5; 
2025-06-10 11:33:00.5926 INFO 1081502657-01;VA;Vanguard;0.0;unsupported 
2025-06-10 11:33:00.6026 INFO 1081502657-01;VA;Variety Wholesalers;0.0;unsupported 
2025-06-10 11:33:00.6026 INFO 1081502657-01;VA;Vanderbilt Hillel;0.5; 
2025-06-10 11:33:00.6026 INFO 1081502657-01;VA;Veterans Benefits Administration (VBA);0.9;high 
2025-06-10 11:33:00.6026 INFO 1081502657-01;VA;Vanderbilt University Medical Center;0.9;high 
2025-06-10 11:33:00.6026 INFO 1081502657-01;VA;Virginia Department of Corrections;0.9;high 
2025-06-10 11:33:00.6026 INFO 1081502657-01;VA;Varian Medical Systems;0.3;low 
2025-06-10 11:33:00.6026 INFO 1081502657-01;VA;Valvoline;0.9;high 
2025-06-10 11:33:00.6196 INFO 1081502657-01;VA;Vail Resorts;0.0;unsupported 
2025-06-10 11:33:00.6196 INFO 1081502657-01;VA;Vaco;0.9;high 
2025-06-10 11:33:01.6834 INFO 1081502657-01;Aditi Consulting;Aditi Consulting;0.0;unsupported 
2025-06-10 11:33:01.6834 INFO 1081502657-01;Aditi Consulting;Aditi Consulting;0.5; 
2025-06-10 11:33:02.0447 INFO 1081496741-01;St.John's Episcopal;St. John's Episcopal School;0.5; 
2025-06-10 11:33:02.0447 INFO 1081496741-01;St.John's Episcopal;St John's Episcopal Church;0.5; 
2025-06-10 11:33:02.0447 INFO 1081496741-01;St.John's Episcopal;St. John's Episcopal Parish Day School;0.5; 
2025-06-10 11:33:02.0447 INFO 1081496741-01;St.John's Episcopal;St. John's Episcopal School, Olney, MD;0.5; 
2025-06-10 11:33:02.0447 INFO 1081496741-01;St.John's Episcopal;St. John's Episcopal Church & School;0.5; 
2025-06-10 11:33:02.0574 INFO 1081496741-01;St.John's Episcopal;St. John's Episcopal Church;0.5; 
2025-06-10 11:33:02.0574 INFO 1081496741-01;St.John's Episcopal;St. John's Episcopal Church;0.5; 
2025-06-10 11:33:02.0574 INFO 1081496741-01;St.John's Episcopal;St. John's Episcopal Church, Mason City, Iowa;0.5; 
2025-06-10 11:33:02.0574 INFO 1081496741-01;St.John's Episcopal;St. John's Episcopal Church;0.5; 
2025-06-10 11:33:03.2041 INFO 1010483712-02;Baltimore City Public Schools;Baltimore City Public Schools;0.0;unsupported 
2025-06-10 11:33:03.2041 INFO 1010483712-02;Baltimore City Public Schools;Baltimore County Public Schools;0.0;unsupported 
2025-06-10 11:33:03.7583 INFO 1010483712-02;Baltimore City Public Schools;Baltimore City Public Schools;0.0;unsupported 
2025-06-10 11:33:03.7603 INFO 1010483712-02;Baltimore City Public Schools;Baltimore County Public Schools;0.0;unsupported 
2025-06-10 11:33:04.3769 INFO 1010483712-02;Baltimore City Public Schools;Baltimore City Public Schools;0.0;unsupported 
2025-06-10 11:33:04.3769 INFO 1010483712-02;Baltimore City Public Schools;Baltimore County Public Schools;0.0;unsupported 
2025-06-10 11:33:05.0087 INFO 5101502202-04;Red Hat Inc;Red Hat;0.0;unsupported 
2025-06-10 11:33:05.0087 INFO 5101502202-04;Red Hat Inc;Redhot;0.5; 
2025-06-10 11:33:05.0087 INFO 5101502202-04;Red Hat Inc;Red Hot;0.5; 
2025-06-10 11:33:05.0087 INFO 5101502202-04;Red Hat Inc;RediHeat;0.5; 
2025-06-10 11:33:05.0087 INFO 5101502202-04;Red Hat Inc;Red Hot;0.5; 
2025-06-10 11:33:06.3498 INFO 1081500625-05;Princeton University;Princeton University;0.0;unsupported 
2025-06-10 11:33:07.0640 INFO 1046503075-03;National Archives and Records Administration;National Archives and Records Administration (NARA);0.9;high 
2025-06-10 11:33:07.6995 INFO 1024502121-05;Enterprise Mobility;Enterprise Mobility;0.0;unsupported 
2025-06-10 11:33:07.6995 INFO 1024502121-05;Enterprise Mobility;Enterprise Mobility;0.5; 
2025-06-10 11:33:08.3045 INFO 1024488502-06;Carahsoft Technologies;Carahsoft;0.9;high 
2025-06-10 11:33:08.9002 INFO 1024488502-05;Tri-County Pump Service;Tri-County Pump Service;0.5; 
2025-06-10 11:33:09.5890 INFO 1012502313-02;The Hartford;The Hartford Financial Services Group;0.9;high 
2025-06-10 11:33:09.5890 INFO 1012502313-02;The Hartford;City of Hartford;0.5; 
2025-06-10 11:33:09.5890 INFO 1012502313-02;The Hartford;University of Hartford;0.0;unsupported 
2025-06-10 11:33:12.1744 INFO 1009501430-02;Dr. Pepper Seven Up Inc;Dr Pepper/Seven Up;0.0;unsupported 
2025-06-10 11:33:12.8819 INFO 1008502888-02;Franklin Square Hospital;Franklin Square Hospital Center;0.5; 
2025-06-10 11:33:13.5297 INFO 1008498516-02;Northrop Grumman;Northrop Grumman;0.0;unsupported 
2025-06-10 11:33:13.5297 INFO 1008498516-02;Northrop Grumman;Northrop Grumman Federal Credit Union;0.5; 
2025-06-10 11:33:14.3247 INFO 1008497099-03;Black & Decker US Inc;BlackRock;0.0;unsupported 
2025-06-10 11:33:14.3247 INFO 1008497099-03;Black & Decker US Inc;Stanley Black & Decker;0.9;high 
2025-06-10 11:33:14.3247 INFO 1008497099-03;Black & Decker US Inc;Black & Veatch Corporation;0.3;low 
2025-06-10 11:33:14.3247 INFO 1008497099-03;Black & Decker US Inc;Black Knight Financial Services;0.5; 
2025-06-10 11:33:14.3247 INFO 1008497099-03;Black & Decker US Inc;Block;0.5; 
2025-06-10 11:33:14.3247 INFO 1008497099-03;Black & Decker US Inc;Blackstone Group;0.5; 
2025-06-10 11:33:14.3388 INFO 1008497099-03;Black & Decker US Inc;Blackhawk Network Holdings;0.9;high 
2025-06-10 11:33:14.3388 INFO 1008497099-03;Black & Decker US Inc;Black Hills;0.0;unsupported 
2025-06-10 11:33:14.3388 INFO 1008497099-03;Black & Decker US Inc;Blackhawk Mining;0.5; 
2025-06-10 11:33:14.3388 INFO 1008497099-03;Black & Decker US Inc;Black Hills Energy;0.0;unsupported 
2025-06-10 11:33:14.3388 INFO 1008497099-03;Black & Decker US Inc;Blackbaud;0.0;unsupported 
2025-06-10 11:33:14.3388 INFO 1008497099-03;Black & Decker US Inc;Black Bear Diners;0.3;low 
2025-06-10 11:33:14.3388 INFO 1008497099-03;Black & Decker US Inc;PSG Dover;0.5; 
2025-06-10 11:33:14.3538 INFO 1008497099-03;Black & Decker US Inc;Black Tie Moving;0.5; 
2025-06-10 11:33:15.3497 INFO 1050499484-01;State of MD;State of Maryland;0.9;high 
2025-06-10 11:33:15.3497 INFO 1050499484-01;State of MD;State of Maryland;0.9;high 
2025-06-10 11:33:15.9201 INFO 1083488687-13;District of Columbia Govt;District of Columbia;0.9;high 
2025-06-10 11:33:15.9201 INFO 1083488687-13;District of Columbia Govt;Metropolitan Police Department of the District of Columbia;0.9;high 
2025-06-10 11:33:16.2749 INFO 1024503496-01;Medstar;MedStar Washington Hospital Center;0.9;high 
2025-06-10 11:33:16.2749 INFO 1024503496-01;Medstar;MedStar Health;0.9;high 
2025-06-10 11:33:16.2749 INFO 1024503496-01;Medstar;Good Samaritan Hospital of Maryland;0.5; 
2025-06-10 11:33:16.2749 INFO 1024503496-01;Medstar;MedStar Georgetown University Hospital;0.9;high 
2025-06-10 11:33:16.2749 INFO 1024503496-01;Medstar;MedStar Union Memorial Hospital;0.5; 
2025-06-10 11:33:16.2749 INFO 1024503496-01;Medstar;MedStar Harbor Hospital;0.9;high 
2025-06-10 11:33:16.2749 INFO 1024503496-01;Medstar;MedStar National Rehabilitation Network;0.9;high 
2025-06-10 11:33:16.2749 INFO 1024503496-01;Medstar;MedStar Mobile Healthcare;0.5; 
2025-06-10 11:33:16.2929 INFO 1024503496-01;Medstar;Medstar;0.5; 
2025-06-10 11:33:16.2929 INFO 1024503496-01;Medstar;MetaStar;0.5; 
2025-06-10 11:33:17.4401 INFO 1010497180-04;Department of State;Department of State;0.9;high 
2025-06-10 11:33:18.6928 INFO 7040503240-01;Mandarin Oriental Hotel;Mandarin Oriental;0.5; 
2025-06-10 11:33:19.3466 INFO 1024485828-04;Anne Arundel County Public Schools;Anne Arundel County Public Schools;0.9;high 
2025-06-10 11:33:19.3466 INFO 1024485828-04;Anne Arundel County Public Schools;Anne Arundel County;0.9;high 
2025-06-10 11:33:20.4224 INFO 7040494573-05;LifeSpan;Lifespan;0.0;unsupported 
2025-06-10 11:33:20.4224 INFO 7040494573-05;LifeSpan;Life Span a Community Service;0.5; 
2025-06-10 11:33:20.4224 INFO 7040494573-05;LifeSpan;Lifespan;0.5; 
2025-06-10 11:33:20.4224 INFO 7040494573-05;LifeSpan;Lifespan of Minnesota;0.5; 
2025-06-10 11:33:20.4324 INFO 7040494573-05;LifeSpan;LifeSpan Home Health;0.5; 
2025-06-10 11:33:20.4324 INFO 7040494573-05;LifeSpan;LifeSpan Fitness;0.5; 
2025-06-10 11:33:20.4324 INFO 7040494573-05;LifeSpan;Lifespan School Solutions;0.5; 
2025-06-10 11:33:20.4324 INFO 7040494573-05;LifeSpan;LifeSpan;0.5; 
2025-06-10 11:33:20.4324 INFO 7040494573-05;LifeSpan;Lifespan Health;0.5; 
2025-06-10 11:33:20.4324 INFO 7040494573-05;LifeSpan;Lifespan Physical Therapy;0.5; 
2025-06-10 11:33:21.6856 INFO 5012501302-02;Articularis Healthcare Group Inc;Articularis Healthcare Group;0.5; 
2025-06-10 11:33:22.0299 INFO 4010501365-02;INOVA;Inova Health System;0.9;high 
2025-06-10 11:33:22.0299 INFO 4010501365-02;INOVA;Inovalon;0.5; 
2025-06-10 11:33:22.0299 INFO 4010501365-02;INOVA;Inova Diagnostics;0.5; 
2025-06-10 11:33:22.0409 INFO 4010501365-02;INOVA;Inovar;0.5; 
2025-06-10 11:33:22.0409 INFO 4010501365-02;INOVA;Inuvo;0.5; 
2025-06-10 11:33:22.0409 INFO 4010501365-02;INOVA;Inovar Packaging;0.5; 
2025-06-10 11:33:22.0409 INFO 4010501365-02;INOVA;Inova Payroll;0.0;unsupported 
2025-06-10 11:33:22.0409 INFO 4010501365-02;INOVA;INOVA Federal;0.5; 
2025-06-10 11:33:22.0559 INFO 4010501365-02;INOVA;Innovu;0.5; 
2025-06-10 11:33:22.0559 INFO 4010501365-02;INOVA;Inovateus Solar;0.5; 
2025-06-10 11:33:23.4056 INFO 1050501678-02;City of hagerstown;City Of Hagerstown;0.5; 
2025-06-10 11:33:24.0133 INFO 1046503739-02;Johns Hopkins University;Johns Hopkins University;0.0;unsupported 
2025-06-10 11:33:24.0133 INFO 1046503739-02;Johns Hopkins University;Johns Hopkins Medicine;0.0;unsupported 
2025-06-10 11:33:24.6146 INFO 1046502974-04;Nardi Construction Inc.;NARDI Construction;0.5; 
2025-06-10 11:33:25.2125 INFO 1046493996-02;CliftonLarsonAllen LLP;CliftonLarsonAllen;0.0;unsupported 
2025-06-10 11:33:27.8472 INFO 1030495271-05;Hydrasearch Company LLC;Hydrasearch;0.5; 
2025-06-10 11:33:29.2864 INFO 1024473415-03;McCormick & Co., Inc.;McCormick & Company;0.0;unsupported 
2025-06-10 11:33:29.2864 INFO 1024473415-03;McCormick & Co., Inc.;McCormick & Schmicks;0.9;high 
2025-06-10 11:33:29.2914 INFO 1024473415-03;McCormick & Co., Inc.;McCormick Taylor;0.5; 
2025-06-10 11:33:29.2914 INFO 1024473415-03;McCormick & Co., Inc.;Mccormick Place Convention Center;0.5; 
2025-06-10 11:33:29.2914 INFO 1024473415-03;McCormick & Co., Inc.;McCormick, Barstow, Sheppard, Wayte & Carruth;0.5; 
2025-06-10 11:33:29.2914 INFO 1024473415-03;McCormick & Co., Inc.;Mccormick Paint Works;0.5; 
2025-06-10 11:33:29.2914 INFO 1024473415-03;McCormick & Co., Inc.;McCormick Equipment;0.5; 
2025-06-10 11:33:29.2914 INFO 1024473415-03;McCormick & Co., Inc.;McCormick Distilling;0.5; 
2025-06-10 11:33:29.2914 INFO 1024473415-03;McCormick & Co., Inc.;McCormick Theological Seminary;0.5; 
2025-06-10 11:33:29.3074 INFO 1024473415-03;McCormick & Co., Inc.;McCormick Trucking;0.5; 
2025-06-10 11:33:30.0324 INFO 1014501953-04;Catholic Charities;Catholic Charities USA (Agency);0.3;low 
2025-06-10 11:33:30.0324 INFO 1014501953-04;Catholic Charities;Catholic Charities USA;0.3;low 
2025-06-10 11:33:30.0324 INFO 1014501953-04;Catholic Charities;Catholic Charities Disabilities Services;0.5; 
2025-06-10 11:33:30.0403 INFO 1014501953-04;Catholic Charities;Catholic Charities of Corpus Christi;0.5; 
2025-06-10 11:33:30.0403 INFO 1014501953-04;Catholic Charities;Associated Catholic Charities;0.5; 
2025-06-10 11:33:31.2500 INFO 1012480207-04;State of Maryland University of Maryland;University of Maryland;0.9;high 
2025-06-10 11:33:31.9868 INFO 1012480207-03;University of Maryland Medical System;University of Maryland Medical System;0.3;low 
2025-06-10 11:33:31.9868 INFO 1012480207-03;University of Maryland Medical System;University of Maryland School of Medicine;0.5; 
2025-06-10 11:33:32.7219 INFO 1010502849-04;Johns Hopkins University APL;Johns Hopkins University;0.0;unsupported 
2025-06-10 11:33:33.1504 INFO 1010501998-07;GHD Inc;PHT;0.5; 
2025-06-10 11:33:33.1504 INFO 1010501998-07;GHD Inc;VHT Studios;0.5; 
2025-06-10 11:33:33.1504 INFO 1010501998-07;GHD Inc;G & H Diversified Manufacturing;0.5; 
2025-06-10 11:33:33.1504 INFO 1010501998-07;GHD Inc;GHT Limited;0.5; 
2025-06-10 11:33:33.1504 INFO 1010501998-07;GHD Inc;Global Help Desk Services;0.5; 
2025-06-10 11:33:33.1504 INFO 1010501998-07;GHD Inc;WFD;0.5; 
2025-06-10 11:33:33.1504 INFO 1010501998-07;GHD Inc;G & H Distributing;0.5; 
2025-06-10 11:33:33.1704 INFO 1010501998-07;GHD Inc;FED;0.5; 
2025-06-10 11:33:33.1704 INFO 1010501998-07;GHD Inc;GHD Partners;0.5; 
2025-06-10 11:33:33.1704 INFO 1010501998-07;GHD Inc;GHD Professional, North America;0.5; 
2025-06-10 11:33:36.3428 INFO 1009503591-02;DC Government;District of Columbia;0.9;high 
2025-06-10 11:33:37.0302 INFO 1009500653-02;Transportation Security Administration;Transportation Security Administration;0.9;high 
2025-06-10 11:33:38.2567 INFO 1083501292-01;Chesapeake Bay Foundation;Chesapeake Bay Foundation;0.5; 
2025-06-10 11:33:39.4740 INFO 1030503419-01;Chesapeake College;Chesapeake College;0.5; 
2025-06-10 11:33:45.1550 INFO 1071487436-01;US Department of Homeland Security;Department of Homeland Security;0.9;high 
2025-06-10 11:33:46.1724 INFO 1047503171-04;Meta Platforms, Inc.;Meta;0.0;unsupported 
2025-06-10 11:33:46.7162 INFO 1081504017-02;Bonner Group, Inc.;Boner Group;0.5; 
2025-06-10 11:33:47.2844 INFO 1010503068-01;University of Maryland St. Joseph's Medical Center;University of Maryland St. Joseph Medical Center;0.5; 
2025-06-10 11:33:47.9303 INFO 1024500368-02;Exelon;Exelon;0.9;high 
2025-06-10 11:33:49.6129 INFO 1081502603-05;Merck Sharp & Dohme LLC;Merck Sharp & Dohme FCU;0.5; 
2025-06-10 11:33:49.6129 INFO 1081502603-05;Merck Sharp & Dohme LLC;Merck;0.9;high 
2025-06-10 11:33:50.1413 INFO 1047503171-03;Meta Platforms, Inc.;Meta;0.0;unsupported 
2025-06-10 11:33:50.7206 INFO 1024503614-03;Pandesa Corp;Pandesa;0.5; 
2025-06-10 11:33:50.7206 INFO 1024503614-03;Pandesa Corp;Pan De;0.5; 
2025-06-10 11:33:51.4690 INFO 1014501980-02;Johns Hopkins University;Johns Hopkins University;0.0;unsupported 
2025-06-10 11:33:51.4690 INFO 1014501980-02;Johns Hopkins University;Johns Hopkins Medicine;0.0;unsupported 
2025-06-10 11:33:52.1331 INFO 1012500073-04;Tom White & Association LLC.;Tom White the Printer;0.5; 
2025-06-10 11:33:52.1361 INFO 1012500073-04;Tom White & Association LLC.;D.M. White;0.5; 
2025-06-10 11:33:52.1361 INFO 1012500073-04;Tom White & Association LLC.;Tom White;0.5; 
2025-06-10 11:33:52.1361 INFO 1012500073-04;Tom White & Association LLC.;Tom White Golf;0.5; 
2025-06-10 11:33:52.4931 INFO 1010502458-02;USCG;U.S. Coast Guard;0.9;high 
2025-06-10 11:33:52.4951 INFO 1010502458-02;USCG;United States Coast Guard Academy;0.5; 
2025-06-10 11:33:52.4951 INFO 1010502458-02;USCG;Unique Stone Concepts;0.5; 
2025-06-10 11:33:52.4951 INFO 1010502458-02;USCG;US Coast Guard Yard Credit Union;0.5; 
2025-06-10 11:33:52.4951 INFO 1010502458-02;USCG;United Service Contract Group;0.5; 
2025-06-10 11:33:52.4951 INFO 1010502458-02;USCG;USGC;0.5; 
2025-06-10 11:33:52.4951 INFO 1010502458-02;USCG;Hideaway Club;0.5; 
2025-06-10 11:33:52.5121 INFO 1010502458-02;USCG;USCC;0.5; 
2025-06-10 11:33:52.5121 INFO 1010502458-02;USCG;Us Ocg;0.5; 
2025-06-10 11:33:52.8441 INFO 4010503125-04;Quarles & Brady, LLP;Quarles & Brady;0.5; 
2025-06-10 11:33:52.8441 INFO 4010503125-04;Quarles & Brady, LLP;Quarles Petroleum;0.5; 
2025-06-10 11:33:52.8441 INFO 4010503125-04;Quarles & Brady, LLP;Quarles Supply;0.5; 
2025-06-10 11:33:52.8441 INFO 4010503125-04;Quarles & Brady, LLP;Quarles Lumber;0.5; 
2025-06-10 11:33:52.8441 INFO 4010503125-04;Quarles & Brady, LLP;Quarles Agency of Georgia;0.5; 
2025-06-10 11:33:52.8551 INFO 4010503125-04;Quarles & Brady, LLP;Quarles Fire Protection;0.5; 
2025-06-10 11:33:52.8551 INFO 4010503125-04;Quarles & Brady, LLP;Quarles Law Firm;0.5; 
2025-06-10 11:33:54.1184 INFO 1017504365-01;Tri County Aire, Inc.;Tri-County Aire;0.5; 
2025-06-10 11:33:54.1214 INFO 1017504365-01;Tri County Aire, Inc.;Tri-County Aire;0.5; 
2025-06-10 11:33:54.1214 INFO 1017504365-01;Tri County Aire, Inc.;Tri County Air;0.5; 
2025-06-10 11:33:55.6337 INFO 7040504444-01;4M Building Solutions;4M Building Solutions;0.5; 
2025-06-10 11:33:55.6357 INFO 7040504444-01;4M Building Solutions;M6 Building Solutions;0.5; 
2025-06-10 11:33:56.2246 INFO 1010501503-03;Avalere Health;Avalere Health;0.3;low 
2025-06-10 11:33:56.8508 INFO 1031503298-01;Ferroglobe USA Silicon Inc;Ferroglobe;0.5; 
2025-06-10 11:33:57.4241 INFO 5101503096-02;EmergeOrtho;EmergeOrtho;0.5; 
2025-06-10 11:33:57.9499 INFO 5101503096-01;Siemens Healthineers;Siemens Healthcare;0.0;unsupported 
2025-06-10 11:33:59.1839 INFO 1010483712-01;Baltimore City Public Schools;Baltimore City Public Schools;0.0;unsupported 
2025-06-10 11:33:59.1839 INFO 1010483712-01;Baltimore City Public Schools;Baltimore County Public Schools;0.0;unsupported 
2025-06-10 11:34:00.6370 INFO 1012502700-03;Baltimore County Police Department;Baltimore City Police Department;0.9;high 
2025-06-10 11:34:02.1513 INFO 1009503413-02;Coast Guard;U.S. Coast Guard;0.9;high 
2025-06-10 11:34:02.1513 INFO 1009503413-02;Coast Guard;Coast Guard Aviation Association (Ancient Order Of The Pterodactyl);0.5; 
2025-06-10 11:34:02.7164 INFO 1009503413-01;Coast Guard;U.S. Coast Guard;0.9;high 
2025-06-10 11:34:02.7164 INFO 1009503413-01;Coast Guard;Coast Guard Aviation Association (Ancient Order Of The Pterodactyl);0.5; 
2025-06-10 11:34:03.3969 INFO 4010500833-03;International Trade Administration;International Trade Administration;0.5; 
2025-06-10 11:34:04.1369 INFO 1009496429-01;Bowhead;UIC Technical Services;0.0;unsupported 
2025-06-10 11:34:04.1369 INFO 1009496429-01;Bowhead;Bowhead Manufacturing;0.5; 
2025-06-10 11:34:04.1369 INFO 1009496429-01;Bowhead;Bowhead Transport;0.5; 
2025-06-10 11:34:04.6893 INFO 1024503899-01;Peraton;Peraton;0.9;high 
2025-06-10 11:34:04.6893 INFO 1024503899-01;Peraton;Priton;0.5; 
2025-06-10 11:34:04.6893 INFO 1024503899-01;Peraton;Proton;0.5; 
2025-06-10 11:34:04.6893 INFO 1024503899-01;Peraton;Proton;0.5; 
2025-06-10 11:34:05.2518 INFO 1012502313-01;The Hartford;The Hartford Financial Services Group;0.9;high 
2025-06-10 11:34:05.2518 INFO 1012502313-01;The Hartford;City of Hartford;0.5; 
2025-06-10 11:34:05.2518 INFO 1012502313-01;The Hartford;University of Hartford;0.0;unsupported 
2025-06-10 11:34:05.8294 INFO 1012502700-01;Baltimore County Police Department;Baltimore City Police Department;0.9;high 
2025-06-10 11:34:07.8140 INFO 1014502441-01;Pepco;Pepco Holdings;0.5; 
2025-06-10 11:34:07.8140 INFO 1014502441-01;Pepco;Professional Electric Products;0.5; 
2025-06-10 11:34:07.8140 INFO 1014502441-01;Pepco;Pepco Sales;0.5; 
2025-06-10 11:34:07.8140 INFO 1014502441-01;Pepco;Perma Pom;0.5; 
2025-06-10 11:34:07.8240 INFO 1014502441-01;Pepco;Pepco Manufacturing;0.5; 
2025-06-10 11:34:07.8240 INFO 1014502441-01;Pepco;Plainville Electrical Products;0.5; 
2025-06-10 11:34:07.8240 INFO 1014502441-01;Pepco;PEPCO Controls;0.5; 
2025-06-10 11:34:07.8240 INFO 1014502441-01;Pepco;Papco;0.5; 
2025-06-10 11:34:07.8240 INFO 1014502441-01;Pepco;Pepcom;0.5; 
2025-06-10 11:34:07.8240 INFO 1014502441-01;Pepco;Powerline Electrical Products;0.5; 
2025-06-10 11:34:08.3749 INFO 1010499468-03;Harbour School;Harbor School;0.5; 
2025-06-10 11:34:08.3749 INFO 1010499468-03;Harbour School;Harbor School;0.5; 
2025-06-10 11:34:08.9105 INFO 1012501068-02;Johns Hopkins Bayview Medical Center;Johns Hopkins Medicine;0.0;unsupported 
2025-06-10 11:34:09.5285 INFO 1012501068-01;Johns Hopkins Bayview Medical Center;Johns Hopkins Medicine;0.0;unsupported 
2025-06-10 11:34:10.1005 INFO 1010482793-02;Carroll Hospital Center;Carroll Hospital Center My Care Now;0.5; 
2025-06-10 11:34:10.1005 INFO 1010482793-02;Carroll Hospital Center;Carroll Hospital;0.5; 
2025-06-10 11:34:10.4779 INFO 1010503019-01;Military;Department of Defense;0.9;high 
2025-06-10 11:34:10.4809 INFO 1010503019-01;Military;Military Retirees;0.9;high 
2025-06-10 11:34:10.4809 INFO 1010503019-01;Military;Military Sealift Command;0.9;high 
2025-06-10 11:34:10.4809 INFO 1010503019-01;Military;Military Deli & Bakery Services;0.5; 
2025-06-10 11:34:10.4809 INFO 1010503019-01;Military;Military Network;0.5; 
2025-06-10 11:34:10.4809 INFO 1010503019-01;Military;Military Advantage;0.5; 
2025-06-10 11:34:10.4957 INFO 1010503019-01;Military;Military Officers Association of America;0.5; 
2025-06-10 11:34:10.4957 INFO 1010503019-01;Military;Military Personnel Services;0.5; 
2025-06-10 11:34:10.4957 INFO 1010503019-01;Military;Military Sales & Service;0.5; 
2025-06-10 11:34:10.4957 INFO 1010503019-01;Military;Military Benefit Association;0.5; 
2025-06-10 11:34:10.4957 INFO 1010503019-01;Military;Military Produce Group;0.5; 
2025-06-10 11:34:11.1232 INFO 1081499560-01;Thompson, Hughes & Trolinger PLLC;Thompson Hughes & Trollinger;0.5; 
2025-06-10 11:34:11.4736 INFO 1024478872-03;Freestate;Freestate Electrical Construction;0.5; 
2025-06-10 11:34:11.4736 INFO 1024478872-03;Freestate;FreeState Electric Cooperative;0.5; 
2025-06-10 11:34:11.4806 INFO 1024478872-03;Freestate;Free State Reporting;0.5; 
2025-06-10 11:34:11.4806 INFO 1024478872-03;Freestate;FreeState Healthcare | Vigilias Telehealth;0.5; 
2025-06-10 11:34:11.4806 INFO 1024478872-03;Freestate;Free State Brewing;0.5; 
2025-06-10 11:34:11.4806 INFO 1024478872-03;Freestate;FreeState Justice;0.5; 
2025-06-10 11:34:11.4806 INFO 1024478872-03;Freestate;Freestate Business Concepts;0.5; 
2025-06-10 11:34:11.4958 INFO 1024478872-03;Freestate;Freestate Gun Range;0.5; 
2025-06-10 11:34:11.4958 INFO 1024478872-03;Freestate;Free State Glass;0.5; 
2025-06-10 11:34:11.4958 INFO 1024478872-03;Freestate;Freestate Gymnastics;0.5; 
2025-06-10 11:34:14.7974 INFO 1012480207-02;State of Maryland University of Maryland;University of Maryland;0.9;high 
2025-06-10 11:34:15.5410 INFO 1012480207-01;University of Maryland Medical System;University of Maryland Medical System;0.3;low 
2025-06-10 11:34:15.5430 INFO 1012480207-01;University of Maryland Medical System;University of Maryland School of Medicine;0.5; 
2025-06-10 11:34:16.9228 INFO 5101502827-02;Pike Engineering LLC;Pike Engineering;0.3;low 
2025-06-10 11:34:17.5196 INFO 5101502057-05;Fidelty Investments;Fidelity Investments;0.3;unsupported 
2025-06-10 11:34:18.5137 INFO 1024501040-02;Johns Hopkins University;Johns Hopkins University;0.0;unsupported 
2025-06-10 11:34:18.5137 INFO 1024501040-02;Johns Hopkins University;Johns Hopkins Medicine;0.0;unsupported 
2025-06-10 11:34:19.2423 INFO 1010502777-03;United States Postal Service;United States Postal Service;0.9;high 
2025-06-10 11:34:19.7943 INFO 1009503708-02;Morningstar Corporation;Morningstar;0.0;unsupported 
2025-06-10 11:34:19.7943 INFO 1009503708-02;Morningstar Corporation;MorningStar Senior Living;0.3;low 
2025-06-10 11:34:19.7943 INFO 1009503708-02;Morningstar Corporation;Morning Star Packing;0.5; 
2025-06-10 11:34:19.7943 INFO 1009503708-02;Morningstar Corporation;Morningstar Senior Solutions;0.5; 
2025-06-10 11:34:19.7943 INFO 1009503708-02;Morningstar Corporation;MorningStar Partners;0.5; 
2025-06-10 11:34:19.7943 INFO 1009503708-02;Morningstar Corporation;Morningstar;0.5; 
2025-06-10 11:34:19.8085 INFO 1009503708-02;Morningstar Corporation;Morningstar Properties;0.5; 
2025-06-10 11:34:19.8085 INFO 1009503708-02;Morningstar Corporation;Morningstar Children and Family Services;0.5; 
2025-06-10 11:34:19.8085 INFO 1009503708-02;Morningstar Corporation;Morning Star Church;0.5; 
2025-06-10 11:34:19.8085 INFO 1009503708-02;Morningstar Corporation;Morningstar Living;0.5; 
2025-06-10 11:34:21.0111 INFO 1030503375-01;Comcast;Comcast;0.3;unsupported 
2025-06-10 11:34:21.0111 INFO 1030503375-01;Comcast;Effectv;0.5; 
2025-06-10 11:34:21.0111 INFO 1030503375-01;Comcast;Coma Cast;0.5; 
2025-06-10 11:34:21.6166 INFO 1047503171-02;Meta Platforms, Inc.;Meta;0.0;unsupported 
2025-06-10 11:34:22.3159 INFO 1014498478-01;Mission BBQ;Mission BBQ;0.0;unsupported 
2025-06-10 11:34:22.9417 INFO 5101503875-01;Charles Schwab;Charles Schwab;0.3;unsupported 
2025-06-10 11:34:25.2801 INFO 1081503685-01;The Catholic University of America;Catholic University of America;0.0;unsupported 
2025-06-10 11:34:25.9144 INFO 1014501438-01;W.L. Gary Company, Inc.;W.L. Gary;0.5; 
2025-06-10 11:34:28.5348 INFO 5101504237-01;GFL Environmental;GFL Environmental USA;0.9;high 
2025-06-10 11:34:29.2347 INFO 1014501376-02;Vox Media;Vox Media;0.5; 
2025-06-10 11:34:29.2347 INFO 1014501376-02;Vox Media;Voxmedia;0.5; 
2025-06-10 11:34:29.2347 INFO 1014501376-02;Vox Media;Voxi Media;0.5; 
2025-06-10 11:34:29.2347 INFO 1014501376-02;Vox Media;Voxxmedia;0.5; 
2025-06-10 11:34:29.9892 INFO 1014501376-01;The George Washington University;George Washington University School of Medicine & Health Sciences;0.5; 
2025-06-10 11:34:29.9892 INFO 1014501376-01;The George Washington University;George Washington University;0.9;high 
2025-06-10 11:34:31.5231 INFO 5101498376-02;Weekley Homes LLC;Weekley Homes;0.0;unsupported 
2025-06-10 11:34:32.0770 INFO 4022497272-04;Ritual Salon Spa;Ritual Salon;0.5; 
2025-06-10 11:34:32.6407 INFO 1081501445-02;Boston Consulting Group;Boston Consulting Group;0.3;low 
2025-06-10 11:34:33.7208 INFO 1024503017-03;Firaxis Games;Firaxis Games;0.5; 
2025-06-10 11:34:34.0671 INFO 1012501912-02;Bayer Corporation;Bayer;0.0;unsupported 
2025-06-10 11:34:34.0671 INFO 1012501912-02;Bayer Corporation;Boyer;0.5; 
2025-06-10 11:34:34.0741 INFO 1012501912-02;Bayer Corporation;Boyer Electric;0.5; 
2025-06-10 11:34:34.0741 INFO 1012501912-02;Bayer Corporation;Beyer Projects;0.5; 
2025-06-10 11:34:34.0741 INFO 1012501912-02;Bayer Corporation;Bayer Hvac;0.5; 
2025-06-10 11:34:34.0741 INFO 1012501912-02;Bayer Corporation;Bayir;0.5; 
2025-06-10 11:34:34.9728 INFO 1010499715-02;Amazon Web Services;Amazon Web Services;0.3;low 
2025-06-10 11:34:35.6046 INFO 1009503466-02;Broadmead, Inc;Broadmead;0.5; 
2025-06-10 11:34:35.6046 INFO 1009503466-02;Broadmead, Inc;Broadmeadow United Methodist;0.5; 
2025-06-10 11:34:35.6046 INFO 1009503466-02;Broadmead, Inc;Broadmead Nursery;0.5; 
2025-06-10 11:34:35.6046 INFO 1009503466-02;Broadmead, Inc;Broadmead Apartments;0.5; 
2025-06-10 11:34:35.6046 INFO 1009503466-02;Broadmead, Inc;Broadmeadow Investment;0.5; 
2025-06-10 11:34:36.9578 INFO 1047503171-01;Meta Platforms, Inc.;Meta;0.0;unsupported 
2025-06-10 11:34:37.7721 INFO 1010503480-01;API Source;APISource;0.5; 
2025-06-10 11:34:37.7721 INFO 1010503480-01;API Source;AP Source;0.5; 
2025-06-10 11:34:37.7769 INFO 1010503480-01;API Source;APIA Source;0.5; 
2025-06-10 11:34:38.1986 INFO 1081500243-02;Cooley LLP;Cooley;0.0;unsupported 
2025-06-10 11:34:38.1986 INFO 1081500243-02;Cooley LLP;Cooley Dickinson Health Care;0.5; 
2025-06-10 11:34:38.1986 INFO 1081500243-02;Cooley LLP;Cooley Dickinson Hospital;0.5; 
2025-06-10 11:34:38.1986 INFO 1081500243-02;Cooley LLP;Thomas M Cooley Law School;0.5; 
2025-06-10 11:34:38.1986 INFO 1081500243-02;Cooley LLP;Cooley;0.5; 
2025-06-10 11:34:38.1986 INFO 1081500243-02;Cooley LLP;Cooley Medical;0.5; 
2025-06-10 11:34:38.1986 INFO 1081500243-02;Cooley LLP;Cohley;0.5; 
2025-06-10 11:34:38.2146 INFO 1081500243-02;Cooley LLP;Cawley;0.5; 
2025-06-10 11:34:38.2146 INFO 1081500243-02;Cooley LLP;Cooley Transport;0.5; 
2025-06-10 11:34:38.2146 INFO 1081500243-02;Cooley LLP;Cooley Construction;0.5; 
2025-06-10 11:34:39.4082 INFO 1055500893-08;Kennedy Krieger Childrens Hospital;Kennedy Krieger Institute;0.0;unsupported 
2025-06-10 11:34:39.9930 INFO 1046502251-02;Verizon;Verizon;0.3;low 
2025-06-10 11:34:39.9960 INFO 1046502251-02;Verizon;Verseon;0.5; 
2025-06-10 11:34:40.5712 INFO 1024502650-04;University of Maryland Medical System - St. Joseph;University of Maryland Medical System;0.3;low 
2025-06-10 11:34:40.9393 INFO 1024502632-04;McCormick & Company, INC;McCormick & Company;0.0;unsupported 
2025-06-10 11:34:40.9393 INFO 1024502632-04;McCormick & Company, INC;McCormick & Schmicks;0.9;high 
2025-06-10 11:34:40.9393 INFO 1024502632-04;McCormick & Company, INC;McCormick Taylor;0.5; 
2025-06-10 11:34:40.9483 INFO 1024502632-04;McCormick & Company, INC;Mccormick Place Convention Center;0.5; 
2025-06-10 11:34:40.9483 INFO 1024502632-04;McCormick & Company, INC;McCormick, Barstow, Sheppard, Wayte & Carruth;0.5; 
2025-06-10 11:34:40.9483 INFO 1024502632-04;McCormick & Company, INC;Mccormick Paint Works;0.5; 
2025-06-10 11:34:40.9483 INFO 1024502632-04;McCormick & Company, INC;McCormick Equipment;0.5; 
2025-06-10 11:34:40.9483 INFO 1024502632-04;McCormick & Company, INC;McCormick Distilling;0.5; 
2025-06-10 11:34:40.9483 INFO 1024502632-04;McCormick & Company, INC;McCormick Theological Seminary;0.5; 
2025-06-10 11:34:40.9663 INFO 1024502632-04;McCormick & Company, INC;McCormick Trucking;0.5; 
2025-06-10 11:34:41.5938 INFO 1024501724-02;Johns Hopkins University Applied Physics Lab;Johns Hopkins University;0.0;unsupported 
2025-06-10 11:34:42.2198 INFO 4010503647-01;Hogan Lovells US LLP;Hogan Lovells US;0.0;unsupported 
2025-06-10 11:34:42.2198 INFO 4010503647-01;Hogan Lovells US LLP;Hogan Lovells;0.0;unsupported 
2025-06-10 11:34:42.8888 INFO 1010502849-01;Johns Hopkins University APL;Johns Hopkins University;0.0;unsupported 
2025-06-10 11:34:43.2432 INFO 1012503789-01;GEICO;Geico;0.3;unsupported 
2025-06-10 11:34:43.2452 INFO 1012503789-01;GEICO;GECU;0.5; 
2025-06-10 11:34:43.2452 INFO 1012503789-01;GEICO;GEI Consultants;0.5; 
2025-06-10 11:34:43.2452 INFO 1012503789-01;GEICO;Gecu;0.0;unsupported 
2025-06-10 11:34:43.2452 INFO 1012503789-01;GEICO;GECO;0.5; 
2025-06-10 11:34:43.2452 INFO 1012503789-01;GEICO;GEC;0.5; 
2025-06-10 11:34:43.2452 INFO 1012503789-01;GEICO;GIC Services;0.5; 
2025-06-10 11:34:43.2452 INFO 1012503789-01;GEICO;GEC2;0.5; 
2025-06-10 11:34:43.2606 INFO 1012503789-01;GEICO;GEC;0.5; 
2025-06-10 11:34:43.2606 INFO 1012503789-01;GEICO;Gekko;0.5; 
2025-06-10 11:34:43.8388 INFO 1014503779-01;Reli Group Inc;RELI Group;0.9;high 
2025-06-10 11:34:43.8388 INFO 1014503779-01;Reli Group Inc;Rule Group;0.5; 
2025-06-10 11:34:43.8388 INFO 1014503779-01;Reli Group Inc;ROL Group;0.5; 
2025-06-10 11:34:43.8388 INFO 1014503779-01;Reli Group Inc;Reily Group;0.5; 
2025-06-10 11:34:43.8388 INFO 1014503779-01;Reli Group Inc;Rwl Group;0.5; 
2025-06-10 11:34:44.5292 INFO 1014494221-01;Univ. of MD Medical Center;University of Maryland Medical System;0.3;low 
2025-06-10 11:34:45.1229 INFO 1083503554-03;Howard County Health Department;Howard County Health Department;0.5; 
2025-06-10 11:34:47.0483 INFO 1008497004-03;Newport News Shipbuilding/Hunting Ingalls;Newport News Shipbuilding, A Division of Huntington Ingalls Industries;0.0;unsupported 
2025-06-10 11:34:48.2644 INFO 1081504085-02;GARG Consulitng Services;Garg Consulting Services;0.5; 
2025-06-10 11:34:48.9004 INFO 1024500551-01;University of Maryland Medical System;University of Maryland Medical System;0.3;low 
2025-06-10 11:34:48.9024 INFO 1024500551-01;University of Maryland Medical System;University of Maryland School of Medicine;0.5; 
2025-06-10 11:34:49.6981 INFO 1050500813-01;Brandenburg Electric;Brandenburg Electric;0.5; 
2025-06-10 11:34:50.2760 INFO 1010498938-01;Cube Root Corporation;Cube Root;0.5; 
2025-06-10 11:34:50.8411 INFO 1024501060-01;Walmart;Walmart;0.9;high 
2025-06-10 11:34:53.9487 INFO 5101500568-02;United Health Care;UnitedHealth Group;0.9;high 
2025-06-10 11:34:53.9487 INFO 5101500568-02;United Health Care;United Health Services;0.9;high 
2025-06-10 11:34:54.2856 INFO 1083500810-07;Anne Arundel County;Anne Arundel County;0.9;high 
2025-06-10 11:34:54.2856 INFO 1083500810-07;Anne Arundel County;Anne Arundel County Public Schools;0.9;high 
2025-06-10 11:34:54.2856 INFO 1083500810-07;Anne Arundel County;Anne Arundel County Public Library;0.5; 
2025-06-10 11:34:54.2926 INFO 1083500810-07;Anne Arundel County;Anne Arundel County Community Action Agency;0.5; 
2025-06-10 11:34:54.2926 INFO 1083500810-07;Anne Arundel County;Anne Arundel County Food Bank;0.5; 
2025-06-10 11:34:54.2926 INFO 1083500810-07;Anne Arundel County;Anne Arundel County Schools;0.5; 
2025-06-10 11:34:54.2926 INFO 1083500810-07;Anne Arundel County;Anne Arundel County Breaking News & Events;0.5; 
2025-06-10 11:34:54.2926 INFO 1083500810-07;Anne Arundel County;Anne Arundel County Watershed Stewards Academy;0.5; 
2025-06-10 11:34:54.6750 INFO 1081499912-08;Terra Tech, Inc.;Terra Tech;0.5; 
2025-06-10 11:34:54.6750 INFO 1081499912-08;Terra Tech, Inc.;Terra Technical;0.5; 
2025-06-10 11:34:54.6750 INFO 1081499912-08;Terra Tech, Inc.;TeraTech;0.5; 
2025-06-10 11:34:54.6750 INFO 1081499912-08;Terra Tech, Inc.;Terra Tech;0.5; 
2025-06-10 11:34:54.6840 INFO 1081499912-08;Terra Tech, Inc.;Terra Tech Engineering Services;0.5; 
2025-06-10 11:34:54.6840 INFO 1081499912-08;Terra Tech, Inc.;Terra Technologies Solutions;0.5; 
2025-06-10 11:34:54.6840 INFO 1081499912-08;Terra Tech, Inc.;Terra Technologies;0.5; 
2025-06-10 11:34:55.0274 INFO 1075499208-02;WBNG;Bnc;0.5; 
2025-06-10 11:34:55.0274 INFO 1075499208-02;WBNG;WBENC;0.5; 
2025-06-10 11:34:55.0274 INFO 1075499208-02;WBNG;WBN Worldwide Broker Network;0.5; 
2025-06-10 11:34:55.0274 INFO 1075499208-02;WBNG;Bang (company;0.5; 
2025-06-10 11:34:55.0274 INFO 1075499208-02;WBNG;BANG;0.5; 
2025-06-10 11:34:55.0274 INFO 1075499208-02;WBNG;bang!denver;0.5; 
2025-06-10 11:34:55.0444 INFO 1075499208-02;WBNG;Bang;0.5; 
2025-06-10 11:34:56.3306 INFO 1024502487-02;The Whiting-Turner Contracting Company;Whiting-Turner Contracting;0.5; 
2025-06-10 11:34:56.9738 INFO 1024501644-08;Department of Transporation;Department of Transportation;0.3;low 
2025-06-10 11:34:59.0103 INFO 1010502837-02;Walgreen Co.;Walgreens;0.9;high 
2025-06-10 11:35:01.7241 INFO 1004501636-02;Dominion Energy;Dominion Energy;0.0;unsupported 
2025-06-10 11:35:01.7241 INFO 1004501636-02;Dominion Energy;Dominion Energy Credit Union;0.5; 
2025-06-10 11:35:03.4231 INFO 5012473933-01;Town of Mount Pleasant;Town of Mount Pleasant;0.9;high 
2025-06-10 11:35:04.5276 INFO 1081479086-01;Medstar;MedStar Washington Hospital Center;0.9;high 
2025-06-10 11:35:04.5276 INFO 1081479086-01;Medstar;MedStar Health;0.9;high 
2025-06-10 11:35:04.5276 INFO 1081479086-01;Medstar;Good Samaritan Hospital of Maryland;0.5; 
2025-06-10 11:35:04.5276 INFO 1081479086-01;Medstar;MedStar Georgetown University Hospital;0.9;high 
2025-06-10 11:35:04.5276 INFO 1081479086-01;Medstar;MedStar Union Memorial Hospital;0.5; 
2025-06-10 11:35:04.5276 INFO 1081479086-01;Medstar;MedStar Harbor Hospital;0.9;high 
2025-06-10 11:35:04.5445 INFO 1081479086-01;Medstar;MedStar National Rehabilitation Network;0.9;high 
2025-06-10 11:35:04.5445 INFO 1081479086-01;Medstar;MedStar Mobile Healthcare;0.5; 
2025-06-10 11:35:04.5445 INFO 1081479086-01;Medstar;Medstar;0.5; 
2025-06-10 11:35:04.5445 INFO 1081479086-01;Medstar;MetaStar;0.5; 
2025-06-10 11:35:05.1407 INFO 1030467285-01;Queen Annes County Public Schools;Queen Anne’s County Public Schools;0.5; 
2025-06-10 11:35:05.1407 INFO 1030467285-01;Queen Annes County Public Schools;Anne Arundel County Public Schools;0.9;high 
2025-06-10 11:35:05.7749 INFO 1081500625-01;Princeton University;Princeton University;0.0;unsupported 
2025-06-10 11:35:06.1253 INFO 5012498276-02;Summit Church;Summit Church;0.5; 
2025-06-10 11:35:06.1253 INFO 5012498276-02;Summit Church;Summit Church Kernersville, NC;0.5; 
2025-06-10 11:35:06.1253 INFO 5012498276-02;Summit Church;Summit Church;0.5; 
2025-06-10 11:35:06.1253 INFO 5012498276-02;Summit Church;Summit Church;0.5; 
2025-06-10 11:35:06.1253 INFO 5012498276-02;Summit Church;Summit Church of Christ;0.5; 
2025-06-10 11:35:06.1363 INFO 5012498276-02;Summit Church;Summit Church of Castle Rock;0.5; 
2025-06-10 11:35:06.1363 INFO 5012498276-02;Summit Church;Summit Church;0.5; 
2025-06-10 11:35:06.1363 INFO 5012498276-02;Summit Church;Summit Church West Olive;0.5; 
2025-06-10 11:35:06.1363 INFO 5012498276-02;Summit Church;Summit Church of Homestead;0.5; 
2025-06-10 11:35:06.1363 INFO 5012498276-02;Summit Church;Summit Church;0.5; 
2025-06-10 11:35:06.9366 INFO 1024502121-04;Enterprise Mobility;Enterprise Mobility;0.0;unsupported 
2025-06-10 11:35:06.9366 INFO 1024502121-04;Enterprise Mobility;Enterprise Mobility;0.5; 
2025-06-10 11:35:07.3354 INFO 1055503291-03;University of Maryland;University of Maryland Medical System;0.3;low 
2025-06-10 11:35:07.3354 INFO 1055503291-03;University of Maryland;University of Maryland;0.9;high 
2025-06-10 11:35:07.3404 INFO 1055503291-03;University of Maryland;University of Maryland Baltimore;0.3;low 
2025-06-10 11:35:07.3404 INFO 1055503291-03;University of Maryland;University of Maryland School of Medicine;0.5; 
2025-06-10 11:35:07.3404 INFO 1055503291-03;University of Maryland;University of Maryland Global Campus;0.9;high 
2025-06-10 11:35:07.3404 INFO 1055503291-03;University of Maryland;University of Maryland Baltimore County;0.0;unsupported 
2025-06-10 11:35:07.3404 INFO 1055503291-03;University of Maryland;University of Maryland Eastern Shore;0.5; 
2025-06-10 11:35:07.3404 INFO 1055503291-03;University of Maryland;University of Maryland Upper Chesapeake Health System;0.5; 
2025-06-10 11:35:07.3554 INFO 1055503291-03;University of Maryland;University of Maryland Robert H. Smith School of Business;0.5; 
2025-06-10 11:35:07.3554 INFO 1055503291-03;University of Maryland;University of Maryland Center for Cosmetic Surgery & Wellness;0.5; 
2025-06-10 11:35:07.9377 INFO 1010479436-03;University of Maryland Baltimore;University of Maryland Baltimore;0.3;low 
2025-06-10 11:35:07.9377 INFO 1010479436-03;University of Maryland Baltimore;University of Maryland Baltimore County;0.0;unsupported 
2025-06-10 11:35:07.9377 INFO 1010479436-03;University of Maryland Baltimore;University of Maryland School of Medicine;0.5; 
2025-06-10 11:35:09.1287 INFO 1014498956-01;District of Columbia Govt;District of Columbia;0.9;high 
2025-06-10 11:35:09.1287 INFO 1014498956-01;District of Columbia Govt;Metropolitan Police Department of the District of Columbia;0.9;high 
2025-06-10 11:35:10.3797 INFO 7040490492-04;New England Baptist Hospital;New England Baptist Hospital;0.5; 
2025-06-10 11:35:11.0343 INFO 7040490492-03;City of Newton;City of Newton Falls;0.5; 
2025-06-10 11:35:11.0343 INFO 7040490492-03;City of Newton;City of Newton, Iowa;0.5; 
2025-06-10 11:35:11.0343 INFO 7040490492-03;City of Newton;City of New Town;0.5; 
2025-06-10 11:35:11.0343 INFO 7040490492-03;City of Newton;City Of Newton;0.0;unsupported 
2025-06-10 11:35:11.6552 INFO 5101499955-05;JP Morgan Chase Bank;JP Morgan Chase;0.9;high 
2025-06-10 11:35:12.3037 INFO 5101498512-04;NC Dept. of Public Safety;North Carolina Department of Public Safety;0.9;high 
2025-06-10 11:35:13.8666 INFO 4010500834-03;O'Melveny & Myers, LLP;O'Melveny & Myers;0.5; 
2025-06-10 11:35:17.1661 INFO 1070501035-03;Ritual Salon Spa;Ritual Salon;0.5; 
2025-06-10 11:35:17.5148 INFO 1055501666-05;ReBuild, Inc;Rebuilding Together;0.5; 
2025-06-10 11:35:17.5148 INFO 1055501666-05;ReBuild, Inc;Rebuilders Automotive Supply;0.5; 
2025-06-10 11:35:17.5148 INFO 1055501666-05;ReBuild, Inc;Rebuilding Together Houston;0.5; 
2025-06-10 11:35:17.5148 INFO 1055501666-05;ReBuild, Inc;Center for Athletic Performance & Physical Therapy;0.5; 
2025-06-10 11:35:17.5148 INFO 1055501666-05;ReBuild, Inc;California Alliance for Jobs;0.5; 
2025-06-10 11:35:17.5289 INFO 1055501666-05;ReBuild, Inc;Rebuilding Together Pittsburgh;0.5; 
2025-06-10 11:35:17.5289 INFO 1055501666-05;ReBuild, Inc;Rebuild Nation;0.5; 
2025-06-10 11:35:17.5289 INFO 1055501666-05;ReBuild, Inc;Rebuilding Exchange;0.5; 
2025-06-10 11:35:17.5289 INFO 1055501666-05;ReBuild, Inc;Rebuilding Together Tampa Bay;0.5; 
2025-06-10 11:35:17.5289 INFO 1055501666-05;ReBuild, Inc;Rebuilding Together Silicon Valley;0.5; 
2025-06-10 11:35:18.1429 INFO 1055501055-05;Anchor construction corporation;Anchor Construction;0.5; 
2025-06-10 11:35:18.7252 INFO 1055501055-04;Anchor construction corporation;Anchor Construction;0.5; 
2025-06-10 11:35:19.3408 INFO 1050499654-03;AT&T;AT&T;0.0;unsupported 
2025-06-10 11:35:19.3408 INFO 1050499654-03;AT&T;Department of Veterans Affairs;0.9;high 
2025-06-10 11:35:19.3408 INFO 1050499654-03;AT&T;Atria Senior Living;0.9;high 
2025-06-10 11:35:19.3408 INFO 1050499654-03;AT&T;Atos;0.9;high 
2025-06-10 11:35:19.3408 INFO 1050499654-03;AT&T;Atlantic Health System;0.0;unsupported 
2025-06-10 11:35:19.3408 INFO 1050499654-03;AT&T;Advocate Health Care;0.9;high 
2025-06-10 11:35:19.3408 INFO 1050499654-03;AT&T;Domtar;0.0;unsupported 
2025-06-10 11:35:19.3564 INFO 1050499654-03;AT&T;Allegheny Technologies;0.9;high 
2025-06-10 11:35:19.3564 INFO 1050499654-03;AT&T;Atrius Health;0.5; 
2025-06-10 11:35:19.3564 INFO 1050499654-03;AT&T;Atmel;0.5; 
2025-06-10 11:35:19.3564 INFO 1050499654-03;AT&T;City of Atlanta;0.9;high 
2025-06-10 11:35:19.3564 INFO 1050499654-03;AT&T;Kearney;0.0;unsupported 
2025-06-10 11:35:19.3564 INFO 1050499654-03;AT&T;Air Transport Services Group;0.5; 
2025-06-10 11:35:19.3564 INFO 1050499654-03;AT&T;Focus Broadband;0.5; 
2025-06-10 11:35:19.3728 INFO 1050499654-03;AT&T;Spl;0.5; 
2025-06-10 11:35:20.5280 INFO 1031501233-04;Spring Grove Area School District;Spring Grove Area School District;0.5; 
2025-06-10 11:35:21.2141 INFO 1017499541-03;AM Pierce and Associates;AM Pierce & Associates;0.5; 
2025-06-10 11:35:22.0634 INFO 1010502730-04;Prince William County;Prince William County Public Schools;0.3;low 
2025-06-10 11:35:22.0634 INFO 1010502730-04;Prince William County;Prince William County;0.9;high 
2025-06-10 11:35:22.4290 INFO 1050502778-01;Washington County;Washington County;0.0;unsupported 
2025-06-10 11:35:22.4290 INFO 1050502778-01;Washington County;Washington County School District;0.9;high 
2025-06-10 11:35:22.4340 INFO 1050502778-01;Washington County;Washington County Public Schools;0.0;unsupported 
2025-06-10 11:35:22.4340 INFO 1050502778-01;Washington County;Washington County Mental Health Services;0.5; 
2025-06-10 11:35:22.4340 INFO 1050502778-01;Washington County;Washington County School District;0.5; 
2025-06-10 11:35:22.4340 INFO 1050502778-01;Washington County;Washington County Economic Opportunity Council;0.5; 
2025-06-10 11:35:22.4340 INFO 1050502778-01;Washington County;Washington County;0.5; 
2025-06-10 11:35:22.4340 INFO 1050502778-01;Washington County;Washington County NB & PW Club;0.5; 
2025-06-10 11:35:22.4490 INFO 1050502778-01;Washington County;Washington County Machine Shop;0.5; 
2025-06-10 11:35:22.4490 INFO 1050502778-01;Washington County;Washington County Bank;0.5; 
2025-06-10 11:35:23.0199 INFO 1012503605-01;State of Maryland;State of Maryland;0.9;high 
2025-06-10 11:35:23.0199 INFO 1012503605-01;State of Maryland;State of Maryland;0.9;high 
2025-06-10 11:35:23.5931 INFO 1024503614-01;Pandesa Corp;Pandesa;0.5; 
2025-06-10 11:35:23.5931 INFO 1024503614-01;Pandesa Corp;Pan De;0.5; 
2025-06-10 11:35:24.5098 INFO 1024502103-01;Leap LLC;LPA;0.5; 
2025-06-10 11:35:24.5128 INFO 1024502103-01;Leap LLC;LeapFrog Enterprises;0.5; 
2025-06-10 11:35:24.5128 INFO 1024502103-01;Leap LLC;Loop;0.5; 
2025-06-10 11:35:24.5128 INFO 1024502103-01;Leap LLC;Leapfrog Technology;0.5; 
2025-06-10 11:35:24.5128 INFO 1024502103-01;Leap LLC;LEAP Academy University Charter School;0.5; 
2025-06-10 11:35:24.5128 INFO 1024502103-01;Leap LLC;Leppo;0.5; 
2025-06-10 11:35:24.5128 INFO 1024502103-01;Leap LLC;Leapfrog Services;0.5; 
2025-06-10 11:35:24.5268 INFO 1024502103-01;Leap LLC;LeapFrog Systems;0.5; 
2025-06-10 11:35:24.5268 INFO 1024502103-01;Leap LLC;Lizardos Engineering Associates;0.5; 
2025-06-10 11:35:24.5268 INFO 1024502103-01;Leap LLC;LEAP Legal Software US;0.5; 
2025-06-10 11:35:26.4103 INFO 1046503739-01;Johns Hopkins University;Johns Hopkins University;0.0;unsupported 
2025-06-10 11:35:26.4103 INFO 1046503739-01;Johns Hopkins University;Johns Hopkins Medicine;0.0;unsupported 
2025-06-10 11:35:27.7096 INFO 1010499356-02;Kennedy Krieger Institute;Kennedy Krieger Institute;0.0;unsupported 
2025-06-10 11:35:28.3233 INFO 1010499356-01;Brass Tap;Brass Tap Franchise;0.5; 
2025-06-10 11:35:29.2476 INFO 1010501998-05;GHD Inc;PHT;0.5; 
2025-06-10 11:35:29.2476 INFO 1010501998-05;GHD Inc;VHT Studios;0.5; 
2025-06-10 11:35:29.2476 INFO 1010501998-05;GHD Inc;G & H Diversified Manufacturing;0.5; 
2025-06-10 11:35:29.2476 INFO 1010501998-05;GHD Inc;GHT Limited;0.5; 
2025-06-10 11:35:29.2476 INFO 1010501998-05;GHD Inc;Global Help Desk Services;0.5; 
2025-06-10 11:35:29.2476 INFO 1010501998-05;GHD Inc;WFD;0.5; 
2025-06-10 11:35:29.2636 INFO 1010501998-05;GHD Inc;G & H Distributing;0.5; 
2025-06-10 11:35:29.2636 INFO 1010501998-05;GHD Inc;FED;0.5; 
2025-06-10 11:35:29.2636 INFO 1010501998-05;GHD Inc;GHD Partners;0.5; 
2025-06-10 11:35:29.2636 INFO 1010501998-05;GHD Inc;GHD Professional, North America;0.5; 
2025-06-10 11:35:29.8883 INFO 5101500125-01;NC Administrative Office of the Courts;North Carolina Administrative Office of the Courts;0.5; 
2025-06-10 11:35:30.4538 INFO 1024503017-02;Firaxis Games;Firaxis Games;0.5; 
2025-06-10 11:35:31.3062 INFO 1024503174-02;Johns Hopkins University;Johns Hopkins University;0.0;unsupported 
2025-06-10 11:35:31.3092 INFO 1024503174-02;Johns Hopkins University;Johns Hopkins Medicine;0.0;unsupported 
2025-06-10 11:35:31.6472 INFO 1083498654-03;ProAir;Pro-Air;0.5; 
2025-06-10 11:35:31.6472 INFO 1083498654-03;ProAir;ProAir;0.5; 
2025-06-10 11:35:31.6522 INFO 1083498654-03;ProAir;Pro-Air Mechanical;0.5; 
2025-06-10 11:35:31.6522 INFO 1083498654-03;ProAir;Professional Air Systems;0.5; 
2025-06-10 11:35:31.6522 INFO 1083498654-03;ProAir;Pro Air Engineering;0.5; 
2025-06-10 11:35:31.6522 INFO 1083498654-03;ProAir;Pro Airways;0.5; 
2025-06-10 11:35:31.6522 INFO 1083498654-03;ProAir;Pro Air Care;0.5; 
2025-06-10 11:35:31.6522 INFO 1083498654-03;ProAir;Pro Air Solutions;0.5; 
2025-06-10 11:35:31.6522 INFO 1083498654-03;ProAir;proHR;0.5; 
2025-06-10 11:35:31.6682 INFO 1083498654-03;ProAir;Pro-Aire;0.5; 
2025-06-10 11:35:32.2808 INFO 4010502933-02;ECS Federal LLC;ECS Federal;0.9;high 
2025-06-10 11:35:32.8892 INFO 4010502933-01;ECS Federal, LLC;ECS Federal;0.9;high 
2025-06-10 11:35:34.1916 INFO 5101498575-05;Raleigh Rescue Mission;Raleigh Rescue Mission;0.5; 
2025-06-10 11:35:34.6034 INFO 4022500793-04;Intuit Inc.;Intuit;0.9;high 
2025-06-10 11:35:34.6054 INFO 4022500793-04;Intuit Inc.;Intuitive Surgical;0.9;high 
2025-06-10 11:35:34.6054 INFO 4022500793-04;Intuit Inc.;Intuitive;0.9;high 
2025-06-10 11:35:34.6054 INFO 4022500793-04;Intuit Inc.;Intuit Quickbooks Payroll;0.9;high 
2025-06-10 11:35:34.6054 INFO 4022500793-04;Intuit Inc.;Intuitive Research & Technology;0.5; 
2025-06-10 11:35:34.6054 INFO 4022500793-04;Intuit Inc.;Intuition Systems;0.5; 
2025-06-10 11:35:34.6054 INFO 4022500793-04;Intuit Inc.;Intuitive Health;0.5; 
2025-06-10 11:35:34.6054 INFO 4022500793-04;Intuit Inc.;Intuity Medical;0.5; 
2025-06-10 11:35:34.6054 INFO 4022500793-04;Intuit Inc.;Intuitive Technology Partners;0.5; 
2025-06-10 11:35:34.6225 INFO 4022500793-04;Intuit Inc.;Intuitive Solutions;0.5; 
2025-06-10 11:35:35.2656 INFO 1024499582-03;Johnson Controls Federal Systems;Johnson Controls;0.3;low 
2025-06-10 11:35:36.0173 INFO 1024496095-03;Baltimore City Public Schools;Baltimore City Public Schools;0.0;unsupported 
2025-06-10 11:35:36.0173 INFO 1024496095-03;Baltimore City Public Schools;Baltimore County Public Schools;0.0;unsupported 
2025-06-10 11:35:36.5529 INFO 1018501014-05;Calvert County Public Schools;Calvert County Public Schools;0.5; 
2025-06-10 11:35:37.2798 INFO 1008499472-02;Truist Bank;TrustBank;0.5; 
2025-06-10 11:35:37.2798 INFO 1008499472-02;Truist Bank;Trust Bank;0.5; 
2025-06-10 11:35:37.8541 INFO 1030499819-01;University of MD Medical Systems;University of Maryland Medical System;0.3;low 
2025-06-10 11:35:38.6310 INFO 1024502846-01;Goodell DeVries LLP;Goodell;0.5; 
2025-06-10 11:35:39.8538 INFO 1014501980-01;Johns Hopkins University;Johns Hopkins University;0.0;unsupported 
2025-06-10 11:35:39.8568 INFO 1014501980-01;Johns Hopkins University;Johns Hopkins Medicine;0.0;unsupported 
2025-06-10 11:35:40.6712 INFO 1010503313-01;The Y in Central Maryland;Y in Central Maryland;0.5; 
2025-06-10 11:35:41.1873 INFO 1008498516-01;Northrop Grumman;Northrop Grumman;0.0;unsupported 
2025-06-10 11:35:41.1873 INFO 1008498516-01;Northrop Grumman;Northrop Grumman Federal Credit Union;0.5; 
2025-06-10 11:35:41.7540 INFO 1008503422-02;Walden Security;Walden Security;0.0;unsupported 
2025-06-10 11:35:42.4555 INFO 1024499621-01;Department of veterans affairs;Department of Veterans Affairs;0.9;high 
2025-06-10 11:35:43.0552 INFO 1010502777-02;United States Postal Service;United States Postal Service;0.9;high 
2025-06-10 11:35:44.2844 INFO 5101502946-01;Novant Health;Novant Health;0.3;low 
2025-06-10 11:35:45.5606 INFO 1010503574-01;Gulfview Medical Institute;Gulfview Medical institute;0.0;unsupported 
2025-06-10 11:35:46.7528 INFO 1008502888-01;Franklin Square Hospital;Franklin Square Hospital Center;0.5; 
2025-06-10 11:35:47.4114 INFO 1083503911-01;Ship Point Machine Co.;Ship Point Machine;0.5; 
2025-06-10 11:35:48.0561 INFO 1083503554-01;Howard County Health Department;Howard County Health Department;0.5; 
2025-06-10 11:35:48.6229 INFO 1009502303-02;Johns Hopkins University;Johns Hopkins University;0.0;unsupported 
2025-06-10 11:35:48.6229 INFO 1009502303-02;Johns Hopkins University;Johns Hopkins Medicine;0.0;unsupported 
2025-06-10 11:35:49.3973 INFO 1010494524-01;Thrivent Financial For Lutherans;Thrivent;0.0;unsupported 
2025-06-10 11:35:51.4055 INFO 1083496274-01;Department of Transportation;Department of Transportation;0.3;low 
2025-06-10 11:35:53.1253 INFO 1024501403-04;Greater Baltimore Medical Center;Gbmc Health Care;0.9;high 
2025-06-10 11:35:53.7457 INFO 1081502603-01;Merck Sharp & Dohme LLC;Merck Sharp & Dohme FCU;0.5; 
2025-06-10 11:35:53.7487 INFO 1081502603-01;Merck Sharp & Dohme LLC;Merck;0.9;high 
2025-06-10 11:35:54.1182 INFO 7040494573-04;LifeSpan;Lifespan;0.0;unsupported 
2025-06-10 11:35:54.1212 INFO 7040494573-04;LifeSpan;Life Span a Community Service;0.5; 
2025-06-10 11:35:54.1212 INFO 7040494573-04;LifeSpan;Lifespan;0.5; 
2025-06-10 11:35:54.1212 INFO 7040494573-04;LifeSpan;Lifespan of Minnesota;0.5; 
2025-06-10 11:35:54.1212 INFO 7040494573-04;LifeSpan;LifeSpan Home Health;0.5; 
2025-06-10 11:35:54.1212 INFO 7040494573-04;LifeSpan;LifeSpan Fitness;0.5; 
2025-06-10 11:35:54.1212 INFO 7040494573-04;LifeSpan;Lifespan School Solutions;0.5; 
2025-06-10 11:35:54.1212 INFO 7040494573-04;LifeSpan;LifeSpan;0.5; 
2025-06-10 11:35:54.1372 INFO 7040494573-04;LifeSpan;Lifespan Health;0.5; 
2025-06-10 11:35:54.1372 INFO 7040494573-04;LifeSpan;Lifespan Physical Therapy;0.5; 
2025-06-10 11:35:54.7455 INFO 5012497735-02;Shelly Leeke Law Firm LLC;Shelly Leeke Law Firm;0.5; 
2025-06-10 11:35:55.3621 INFO 1009495732-06;Primeflight Aviation Services Inc;PrimeFlight Aviation Services;0.9;high 
2025-06-10 11:35:57.0379 INFO 4022502359-02;IES Communications LLC;IES Communications;0.9;high 
2025-06-10 11:35:57.7071 INFO 4010500249-05;Luxottica of America, Inc;Luxottica Group;0.9;high 
2025-06-10 11:35:58.8163 INFO 1081502602-05;Los Alamos National Laboratory / Triad National Security LLC;Los Alamos National Security;0.5; 
2025-06-10 11:35:59.3946 INFO 1081500899-02;Johns Hopkins University Applied Physics Lab;Johns Hopkins University;0.0;unsupported 
2025-06-10 11:36:01.3822 INFO 1024500854-04;Prince George's County Public Schools;Prince George's County Public Schools;0.9;high 
2025-06-10 11:36:01.3822 INFO 1024500854-04;Prince George's County Public Schools;Prince George's County;0.0;unsupported 
2025-06-10 11:36:02.1433 INFO 1024496423-04;Plano Coudon;Plano-Coudon;0.5; 
2025-06-10 11:36:02.1433 INFO 1024496423-04;Plano Coudon;City of Plano;0.9;high 
2025-06-10 11:36:02.9753 INFO 1024495778-05;Baltimore City Public Schools;Baltimore City Public Schools;0.0;unsupported 
2025-06-10 11:36:02.9753 INFO 1024495778-05;Baltimore City Public Schools;Baltimore County Public Schools;0.0;unsupported 
2025-06-10 11:36:03.5613 INFO 1024494002-02;Johns Hopkins University;Johns Hopkins University;0.0;unsupported 
2025-06-10 11:36:03.5613 INFO 1024494002-02;Johns Hopkins University;Johns Hopkins Medicine;0.0;unsupported 
2025-06-10 11:36:03.9037 INFO 4010503125-03;Quarles & Brady, LLP;Quarles & Brady;0.5; 
2025-06-10 11:36:03.9037 INFO 4010503125-03;Quarles & Brady, LLP;Quarles Petroleum;0.5; 
2025-06-10 11:36:03.9037 INFO 4010503125-03;Quarles & Brady, LLP;Quarles Supply;0.5; 
2025-06-10 11:36:03.9037 INFO 4010503125-03;Quarles & Brady, LLP;Quarles Lumber;0.5; 
2025-06-10 11:36:03.9037 INFO 4010503125-03;Quarles & Brady, LLP;Quarles Agency of Georgia;0.5; 
2025-06-10 11:36:03.9037 INFO 4010503125-03;Quarles & Brady, LLP;Quarles Fire Protection;0.5; 
2025-06-10 11:36:03.9037 INFO 4010503125-03;Quarles & Brady, LLP;Quarles Law Firm;0.5; 
2025-06-10 11:36:04.5136 INFO 1081501445-01;Boston Consulting Group;Boston Consulting Group;0.3;low 
2025-06-10 11:36:05.4758 INFO 1050499654-02;AT&T;AT&T;0.0;unsupported 
2025-06-10 11:36:05.4758 INFO 1050499654-02;AT&T;Department of Veterans Affairs;0.9;high 
2025-06-10 11:36:05.4818 INFO 1050499654-02;AT&T;Atria Senior Living;0.9;high 
2025-06-10 11:36:05.4818 INFO 1050499654-02;AT&T;Atos;0.9;high 
2025-06-10 11:36:05.4818 INFO 1050499654-02;AT&T;Atlantic Health System;0.0;unsupported 
2025-06-10 11:36:05.4818 INFO 1050499654-02;AT&T;Advocate Health Care;0.9;high 
2025-06-10 11:36:05.4818 INFO 1050499654-02;AT&T;Domtar;0.0;unsupported 
2025-06-10 11:36:05.4818 INFO 1050499654-02;AT&T;Allegheny Technologies;0.9;high 
2025-06-10 11:36:05.4818 INFO 1050499654-02;AT&T;Atrius Health;0.5; 
2025-06-10 11:36:05.4984 INFO 1050499654-02;AT&T;Atmel;0.5; 
2025-06-10 11:36:05.4984 INFO 1050499654-02;AT&T;City of Atlanta;0.9;high 
2025-06-10 11:36:05.4984 INFO 1050499654-02;AT&T;Kearney;0.0;unsupported 
2025-06-10 11:36:05.4984 INFO 1050499654-02;AT&T;Air Transport Services Group;0.5; 
2025-06-10 11:36:05.4984 INFO 1050499654-02;AT&T;Focus Broadband;0.5; 
2025-06-10 11:36:05.4984 INFO 1050499654-02;AT&T;Spl;0.5; 
2025-06-10 11:36:07.2860 INFO 1024501724-01;Johns Hopkins University Applied Physics Lab;Johns Hopkins University;0.0;unsupported 
2025-06-10 11:36:07.8526 INFO 1081503084-02;Primary Day School Inc;Primary Day School;0.5; 
2025-06-10 11:36:09.0889 INFO 1046502251-01;Verizon;Verizon;0.3;low 
2025-06-10 11:36:09.0909 INFO 1046502251-01;Verizon;Verseon;0.5; 
2025-06-10 11:36:09.7025 INFO 1018502114-01;US Capital Police;U.S. Capitol Police;0.5; 
2025-06-10 11:36:09.7025 INFO 1018502114-01;US Capital Police;United States Capitol Police;0.9;high 
2025-06-10 11:36:10.2742 INFO 4010502775-02;Bloomberg Industry Group;Bloomberg Industry Group;0.9;high 
2025-06-10 11:36:10.9450 INFO 4010502775-01;The Associated Press;Associated Press;0.0;unsupported 
2025-06-10 11:36:11.5857 INFO 5101496652-01;Purple Innovation;Purple Innovation;0.9;high 
2025-06-10 11:36:12.1580 INFO 1009503591-01;DC Government;District of Columbia;0.9;high 
2025-06-10 11:36:12.9434 INFO 1030497468-01;Caroline County Board of Ed;Caroline County Public Schools;0.5; 
2025-06-10 11:36:13.7121 INFO 1008497004-02;Newport News Shipbuilding/ Hunting Ingalls;Newport News Shipbuilding, A Division of Huntington Ingalls Industries;0.0;unsupported 
2025-06-10 11:36:14.0268 INFO 1010502458-01;USCG;U.S. Coast Guard;0.9;high 
2025-06-10 11:36:14.0318 INFO 1010502458-01;USCG;United States Coast Guard Academy;0.5; 
2025-06-10 11:36:14.0318 INFO 1010502458-01;USCG;Unique Stone Concepts;0.5; 
2025-06-10 11:36:14.0318 INFO 1010502458-01;USCG;US Coast Guard Yard Credit Union;0.5; 
2025-06-10 11:36:14.0318 INFO 1010502458-01;USCG;United Service Contract Group;0.5; 
2025-06-10 11:36:14.0318 INFO 1010502458-01;USCG;USGC;0.5; 
2025-06-10 11:36:14.0438 INFO 1010502458-01;USCG;Hideaway Club;0.5; 
2025-06-10 11:36:14.0438 INFO 1010502458-01;USCG;USCC;0.5; 
2025-06-10 11:36:14.0438 INFO 1010502458-01;USCG;Us Ocg;0.5; 
2025-06-10 11:36:14.6481 INFO 7040495570-02;Available Light;Available Light of New York;0.5; 
2025-06-10 11:36:14.6481 INFO 7040495570-02;Available Light;Available Light;0.5; 
2025-06-10 11:36:15.2372 INFO 7010500698-04;Huron/Huron Consulting Services LLC;Huron Consulting Group;0.0;unsupported 
2025-06-10 11:36:15.9931 INFO 5101501416-02;Cisco Systems, Inc.;Cisco Systems;0.3;low 
2025-06-10 11:36:16.3491 INFO 4010501828-04;FBI;Meta;0.0;unsupported 
2025-06-10 11:36:16.3491 INFO 4010501828-04;FBI;Federal Bureau of Investigation (FBI);0.9;high 
2025-06-10 11:36:16.3491 INFO 4010501828-04;FBI;Tennessee Farmers Mutual Insurance;0.5; 
2025-06-10 11:36:16.3581 INFO 4010501828-04;FBI;Family Brands International;0.5; 
2025-06-10 11:36:16.3581 INFO 4010501828-04;FBI;FBI-LEEDA;0.5; 
2025-06-10 11:36:16.3581 INFO 4010501828-04;FBI;Fab;0.5; 
2025-06-10 11:36:16.3581 INFO 4010501828-04;FBI;FBinsure;0.5; 
2025-06-10 11:36:16.3581 INFO 4010501828-04;FBI;FOB;0.5; 
2025-06-10 11:36:16.3741 INFO 4010501828-04;FBI;Vba;0.5; 
2025-06-10 11:36:16.3741 INFO 4010501828-04;FBI;FBI Chicago Citizens' Academy Alum;0.5; 
2025-06-10 11:36:16.3741 INFO 4010501828-04;FBI;FBi Construction;0.5; 
2025-06-10 11:36:16.9436 INFO 1083501362-02;University of Maryland Medical System;University of Maryland Medical System;0.3;low 
2025-06-10 11:36:16.9436 INFO 1083501362-02;University of Maryland Medical System;University of Maryland School of Medicine;0.5; 
2025-06-10 11:36:18.2207 INFO 1046501298-03;Amazon Development;Amazon;0.9;high 
2025-06-10 11:36:18.8981 INFO 1030501309-04;Eclipse Group;Eclipse Group;0.5; 
2025-06-10 11:36:19.5092 INFO 1024497345-03;United States Postal Service;United States Postal Service;0.9;high 
2025-06-10 11:36:20.4987 INFO 1012499910-05;Pappas Restaurant;Pappas Restaurants;0.0;unsupported 
2025-06-10 11:36:20.4987 INFO 1012499910-05;Pappas Restaurant;Pappy's Restaurant;0.5; 
2025-06-10 11:36:20.4987 INFO 1012499910-05;Pappas Restaurant;Pappas Restaurant;0.5; 
2025-06-10 11:36:20.4987 INFO 1012499910-05;Pappas Restaurant;Pappas Restaurant & Sports Bar;0.5; 
2025-06-10 11:36:20.4987 INFO 1012499910-05;Pappas Restaurant;Pappas Restaurant;0.5; 
2025-06-10 11:36:20.4987 INFO 1012499910-05;Pappas Restaurant;Pappas Restaurant;0.5; 
2025-06-10 11:36:21.1348 INFO 1012450576-02;JJ Installation & Construction, LLC;J & E Installation;0.5; 
2025-06-10 11:36:22.4908 INFO 1010498535-04;Merritt Management Corp;Merit Management;0.5; 
2025-06-10 11:36:23.6002 INFO 1024503017-01;Firaxis Games;Firaxis Games;0.5; 
2025-06-10 11:36:24.5524 INFO 1024501644-06;Department of Transporation;Department of Transportation;0.3;low 
2025-06-10 11:36:25.1123 INFO 1024502344-02;Johns Hopkins Health System Corporation;Johns Hopkins Medicine;0.0;unsupported 
2025-06-10 11:36:25.1123 INFO 1024502344-02;Johns Hopkins Health System Corporation;Johns Hopkins University;0.0;unsupported 
2025-06-10 11:36:25.4817 INFO 1024499553-03;Progressive;Progressive (Corporate);0.0;unsupported 
2025-06-10 11:36:25.4817 INFO 1024499553-03;Progressive;Progressive (Independent);0.0;unsupported 
2025-06-10 11:36:25.4817 INFO 1024499553-03;Progressive;Progressive Leasing;0.3;low 
2025-06-10 11:36:25.4817 INFO 1024499553-03;Progressive;Progressive Environmental Services;0.5; 
2025-06-10 11:36:25.4817 INFO 1024499553-03;Progressive;Progressive Services;0.5; 
2025-06-10 11:36:25.4817 INFO 1024499553-03;Progressive;American Future Systems;0.5; 
2025-06-10 11:36:25.4817 INFO 1024499553-03;Progressive;Progressive Architecture Engineering Planning;0.5; 
2025-06-10 11:36:25.4977 INFO 1024499553-03;Progressive;Progressive Bancorp;0.5; 
2025-06-10 11:36:25.4977 INFO 1024499553-03;Progressive;Progressive Impressions International;0.5; 
2025-06-10 11:36:25.4977 INFO 1024499553-03;Progressive;Progressive Housing;0.5; 
2025-06-10 11:36:25.4977 INFO 1024499553-03;Progressive;Progressive Change Campaign Committee;0.5; 
2025-06-10 11:36:26.0942 INFO 1024501403-01;Greater Baltimore Medical Center;Gbmc Health Care;0.9;high 
2025-06-10 11:36:27.2640 INFO 1010502622-03;Whiting Turner;Whiting-Turner Contracting;0.5; 
2025-06-10 11:36:28.9621 INFO 1081502187-05;Regulus Group;Regulus Group;0.5; 
2025-06-10 11:36:29.9430 INFO 1050501382-02;Unicom Systems Inc.;UNICOM Systems;0.5; 
2025-06-10 11:36:31.3848 INFO 1024500957-03;Bozzuto & Associates Inc;Bozzuto & Associates;0.9;high 
2025-06-10 11:36:31.3876 INFO 1024500957-03;Bozzuto & Associates Inc;Bozzuto's;0.5; 
2025-06-10 11:36:31.3876 INFO 1024500957-03;Bozzuto & Associates Inc;Bozzuto & Associates Insurance Services;0.5; 
2025-06-10 11:36:31.3876 INFO 1024500957-03;Bozzuto & Associates Inc;Bozzuto & Company Insurance Services,;0.5; 
2025-06-10 11:36:31.3876 INFO 1024500957-03;Bozzuto & Associates Inc;Bozzuto Marilyn T;0.5; 
2025-06-10 11:36:31.7942 INFO 1010500752-05;Pepco;Pepco Holdings;0.5; 
2025-06-10 11:36:31.7942 INFO 1010500752-05;Pepco;Professional Electric Products;0.5; 
2025-06-10 11:36:31.7942 INFO 1010500752-05;Pepco;Pepco Sales;0.5; 
2025-06-10 11:36:31.7942 INFO 1010500752-05;Pepco;Perma Pom;0.5; 
2025-06-10 11:36:31.7942 INFO 1010500752-05;Pepco;Pepco Manufacturing;0.5; 
2025-06-10 11:36:31.7942 INFO 1010500752-05;Pepco;Plainville Electrical Products;0.5; 
2025-06-10 11:36:31.7942 INFO 1010500752-05;Pepco;PEPCO Controls;0.5; 
2025-06-10 11:36:31.8102 INFO 1010500752-05;Pepco;Papco;0.5; 
2025-06-10 11:36:31.8102 INFO 1010500752-05;Pepco;Pepcom;0.5; 
2025-06-10 11:36:31.8102 INFO 1010500752-05;Pepco;Powerline Electrical Products;0.5; 
2025-06-10 11:36:33.1405 INFO 1010497535-02;Social Security Administration;Social Security Administration;0.3;low 
2025-06-10 11:36:33.7348 INFO 1024500355-01;Baltimore City Schools;Baltimore City Public Schools;0.0;unsupported 
2025-06-10 11:36:33.7348 INFO 1024500355-01;Baltimore City Schools;Baltimore County Public Schools;0.0;unsupported 
2025-06-10 11:36:34.4132 INFO 1081502602-04;Los Alamos National Laboratory / Triad National Security LLC;Los Alamos National Security;0.5; 
2025-06-10 11:36:35.0437 INFO 1009500315-03;Children's National Medical Center;Children's National Health System;0.0;unsupported 
2025-06-10 11:36:36.0353 INFO 1009502303-01;Johns Hopkins University;Johns Hopkins University;0.0;unsupported 
2025-06-10 11:36:36.0353 INFO 1009502303-01;Johns Hopkins University;Johns Hopkins Medicine;0.0;unsupported 
2025-06-10 11:36:36.6466 INFO 1009499574-02;Quest Diagnostics;Quest Diagnostics;0.9;high 
2025-06-10 11:36:37.1429 INFO 1009499574-01;Keswick Multicare Center Inc;Keswick Multi-Care Center;0.5; 
2025-06-10 11:36:37.7225 INFO 5101502345-01;Moore County School;Moore County Schools (TN);0.5; 
2025-06-10 11:36:39.8207 INFO 1017500342-01;Classic Collision;Classic Collision;0.9;high 
2025-06-10 11:36:39.8207 INFO 1017500342-01;Classic Collision;Classic Collision Center;0.5; 
2025-06-10 11:36:39.8207 INFO 1017500342-01;Classic Collision;Classic Collision & Restoration;0.5; 
2025-06-10 11:36:39.8277 INFO 1017500342-01;Classic Collision;Classic Collision;0.5; 
2025-06-10 11:36:40.3872 INFO 1081503306-01;DCPS MPD;District of Columbia Public Schools (DCPS);0.9;high 
2025-06-10 11:36:40.3891 INFO 1081503306-01;DCPS MPD;Daviess County Public Schools;0.5; 
2025-06-10 11:36:42.0592 INFO 1024477439-07;Northrop Grumman;Northrop Grumman;0.0;unsupported 
2025-06-10 11:36:42.0612 INFO 1024477439-07;Northrop Grumman;Northrop Grumman Federal Credit Union;0.5; 
2025-06-10 11:36:42.5570 INFO 1081494569-01;FAA;Department of Veterans Affairs;0.9;high 
2025-06-10 11:36:42.5600 INFO 1081494569-01;FAA;Volvo;0.5; 
2025-06-10 11:36:42.5600 INFO 1081494569-01;FAA;Federal Aviation Administration;0.3;low 
2025-06-10 11:36:42.5600 INFO 1081494569-01;FAA;F45 Training;0.9;high 
2025-06-10 11:36:42.5600 INFO 1081494569-01;FAA;VAE;0.5; 
2025-06-10 11:36:42.5600 INFO 1081494569-01;FAA;WFAA;0.5; 
2025-06-10 11:36:42.5600 INFO 1081494569-01;FAA;FIA;0.5; 
2025-06-10 11:36:42.5600 INFO 1081494569-01;FAA;Front of the House - FOH,;0.5; 
2025-06-10 11:36:42.5770 INFO 1081494569-01;FAA;FFW;0.5; 
2025-06-10 11:36:42.5770 INFO 1081494569-01;FAA;VVA Project & Cost Managers;0.5; 
2025-06-10 11:36:42.5770 INFO 1081494569-01;FAA;FAA Dublin N;0.5; 
2025-06-10 11:36:42.5770 INFO 1081494569-01;FAA;FAAC, P.A;0.5; 
2025-06-10 11:36:42.5770 INFO 1081494569-01;FAA;Foot and Ankle Associates of North Texas;0.5; 
2025-06-10 11:36:43.4366 INFO 1009498980-02;Baltimore City Public Schools;Baltimore City Public Schools;0.0;unsupported 
2025-06-10 11:36:43.4366 INFO 1009498980-02;Baltimore City Public Schools;Baltimore County Public Schools;0.0;unsupported 
2025-06-10 11:36:44.3749 INFO 4010498522-04;American Academy of Child & Adolescent Psychiatry;American Academy of Child & Adolescent Psychiatry;0.5; 
2025-06-10 11:36:44.8572 INFO 1024501637-08;Barriere;Barriere;0.5; 
2025-06-10 11:36:44.8572 INFO 1024501637-08;Barriere;Barrera & Company;0.5; 
2025-06-10 11:36:44.8572 INFO 1024501637-08;Barriere;Barriere Construction;0.5; 
2025-06-10 11:36:44.8572 INFO 1024501637-08;Barriere;Barrier Equipment;0.5; 
2025-06-10 11:36:44.8572 INFO 1024501637-08;Barriere;Berrier;0.5; 
2025-06-10 11:36:44.8572 INFO 1024501637-08;Barriere;Barriere, Michael;0.5; 
2025-06-10 11:36:44.8742 INFO 1024501637-08;Barriere;Barrier Exteriors;0.5; 
2025-06-10 11:36:44.8742 INFO 1024501637-08;Barriere;Barriere Plumbing;0.5; 
2025-06-10 11:36:44.8742 INFO 1024501637-08;Barriere;Berrier;0.5; 
2025-06-10 11:36:44.8742 INFO 1024501637-08;Barriere;Barriere Hotel;0.5; 
2025-06-10 11:36:45.6538 INFO 1008500536-02;Kaiser Permanente;Kaiser Permanente;0.9;high 
2025-06-10 11:36:49.2678 INFO 1012500073-01;Tom White & Association LLC.;Tom White the Printer;0.5; 
2025-06-10 11:36:49.2678 INFO 1012500073-01;Tom White & Association LLC.;D.M. White;0.5; 
2025-06-10 11:36:49.2678 INFO 1012500073-01;Tom White & Association LLC.;Tom White;0.5; 
2025-06-10 11:36:49.2678 INFO 1012500073-01;Tom White & Association LLC.;Tom White Golf;0.5; 
2025-06-10 11:36:51.8084 INFO 5101502827-01;Pike Engineering LLC;Pike Engineering;0.3;low 
2025-06-10 11:36:52.7066 INFO 1018484122-01;Iridium Communications;Iridium Communications;0.5; 
2025-06-10 11:36:54.1721 INFO 1014501953-01;Catholic Charities;Catholic Charities USA (Agency);0.3;low 
2025-06-10 11:36:54.1721 INFO 1014501953-01;Catholic Charities;Catholic Charities USA;0.3;low 
2025-06-10 11:36:54.1721 INFO 1014501953-01;Catholic Charities;Catholic Charities Disabilities Services;0.5; 
2025-06-10 11:36:54.1721 INFO 1014501953-01;Catholic Charities;Catholic Charities of Corpus Christi;0.5; 
2025-06-10 11:36:54.1721 INFO 1014501953-01;Catholic Charities;Associated Catholic Charities;0.5; 
2025-06-10 11:36:54.8052 INFO 1024501594-01;James Davies;James Davis Land;0.5; 
2025-06-10 11:36:54.8052 INFO 1024501594-01;James Davies;James Davis;0.5; 
2025-06-10 11:36:55.4442 INFO 1070501035-02;Ritual Salon Spa;Ritual Salon;0.5; 
2025-06-10 11:36:56.6563 INFO 4022497272-02;Ritual Salon Spa;Ritual Salon;0.5; 
2025-06-10 11:36:57.7719 INFO 1024501050-02;AstraZeneca;AstraZeneca;0.9;high 
2025-06-10 11:36:58.3640 INFO 1024493354-02;St. Mary's Seminary & University;St Mary's Seminary & University;0.5; 
2025-06-10 11:36:58.7009 INFO 1009502192-02;IBM;IBM;0.3;low 
2025-06-10 11:36:58.7009 INFO 1009502192-02;IBM;IBML;0.5; 
2025-06-10 11:36:58.7009 INFO 1009502192-02;IBM;IBIMI;0.5; 
2025-06-10 11:36:58.7009 INFO 1009502192-02;IBM;Ibmg Solutions;0.5; 
2025-06-10 11:36:58.7009 INFO 1009502192-02;IBM;Ibeam;0.5; 
2025-06-10 11:36:59.2944 INFO 1017503404-02;Bob Taylor Engineering, Inc.;Bob Taylor Engineering;0.5; 
2025-06-10 11:36:59.8511 INFO 1017503404-01;Center for Advanced Orthopaedics LLC;Center for Advanced Orthopedics;0.5; 
2025-06-10 11:36:59.8511 INFO 1017503404-01;Center for Advanced Orthopaedics LLC;Center for Advanced Orthopaedics;0.5; 
2025-06-10 11:36:59.8511 INFO 1017503404-01;Center for Advanced Orthopaedics LLC;Centers for Advanced Orthopaedics;0.9;high 
2025-06-10 11:37:00.6793 INFO 1014496833-01;SAP America Inc;SSP America;0.5; 
2025-06-10 11:37:00.6793 INFO 1014496833-01;SAP America Inc;SSP America;0.9;high 
2025-06-10 11:37:00.6793 INFO 1014496833-01;SAP America Inc;CEP America;0.5; 
2025-06-10 11:37:02.7225 INFO 1024500854-01;Prince George's County Public Schools;Prince George's County Public Schools;0.9;high 
2025-06-10 11:37:02.7225 INFO 1024500854-01;Prince George's County Public Schools;Prince George's County;0.0;unsupported 
2025-06-10 11:37:03.3422 INFO 4022502359-01;IES Communications LLC;IES Communications;0.9;high 
2025-06-10 11:37:04.5880 INFO 1031502204-01;Delaware Elevator;Delaware Elevator;0.5; 
2025-06-10 11:37:05.3302 INFO 1010499715-01;Amazon Web Services;Amazon Web Services;0.3;low 
2025-06-10 11:37:05.9504 INFO 5101469942-02;Wake County Public School System;Wake County Public School System;0.0;unsupported 
2025-06-10 11:37:05.9544 INFO 5101469942-02;Wake County Public School System;Wake County;0.0;unsupported 
2025-06-10 11:37:06.3233 INFO 1014493166-01;Usps;United States Postal Service;0.9;high 
2025-06-10 11:37:06.3263 INFO 1014493166-01;Usps;U.S. Protection Service;0.5; 
2025-06-10 11:37:06.3263 INFO 1014493166-01;Usps;Uspass;0.5; 
2025-06-10 11:37:06.3263 INFO 1014493166-01;Usps;USPS Surgical Institute;0.5; 
2025-06-10 11:37:06.7032 INFO 1010502577-01;Ochin;OCHIN;0.5; 
2025-06-10 11:37:06.7032 INFO 1010502577-01;Ochin;Oshyn;0.5; 
2025-06-10 11:37:08.0623 INFO 5101501858-02;Georgia Pacific;Georgia-Pacific;0.0;unsupported 
2025-06-10 11:37:08.6528 INFO 4015418696-04;International Monetary Fund;International Monetary Fund;0.0;unsupported 
2025-06-10 11:37:09.2182 INFO 1083494801-04;W.M.Schlosser Co Inc;W. M. Schlosser;0.5; 
2025-06-10 11:37:11.7962 INFO 1083494801-03;W.M.Schlosser Co inc;W. M. Schlosser;0.5; 
2025-06-10 11:37:13.2125 INFO 1050501596-02;Hub Scrap Metals, LLC.;Hub Scrap Metals;0.5; 
2025-06-10 11:37:13.8602 INFO 1024500891-02;Amtrak;Amtrak;0.9;high 
2025-06-10 11:37:13.8602 INFO 1024500891-02;Amtrak;Aimtrac;0.5; 
2025-06-10 11:37:15.0959 INFO 1010501534-03;New Jersey Dept of Treasury;New Jersey Department of Treasury;0.0;unsupported 
2025-06-10 11:37:15.7069 INFO 1009501009-04;US Government;Government Accountability Office;0.9;high 
2025-06-10 11:37:15.7069 INFO 1009501009-04;US Government;Government Publishing Office;0.9;high 
2025-06-10 11:37:15.7069 INFO 1009501009-04;US Government;USA.Gov;0.9;high 
2025-06-10 11:37:15.7069 INFO 1009501009-04;US Government;U S Government;0.5; 
2025-06-10 11:37:16.3442 INFO 1009452549-06;Deriva Energy;Drive Energy;0.5; 
2025-06-10 11:37:16.9601 INFO 1008475668-05;Martins Sedan and Limousine Service;Martin’s Sedan & Limousine Service;0.5; 
2025-06-10 11:37:17.9130 INFO 1024502632-03;McCormick & Company, INC;McCormick & Company;0.0;unsupported 
2025-06-10 11:37:17.9130 INFO 1024502632-03;McCormick & Company, INC;McCormick & Schmicks;0.9;high 
2025-06-10 11:37:17.9130 INFO 1024502632-03;McCormick & Company, INC;McCormick Taylor;0.5; 
2025-06-10 11:37:17.9210 INFO 1024502632-03;McCormick & Company, INC;Mccormick Place Convention Center;0.5; 
2025-06-10 11:37:17.9210 INFO 1024502632-03;McCormick & Company, INC;McCormick, Barstow, Sheppard, Wayte & Carruth;0.5; 
2025-06-10 11:37:17.9210 INFO 1024502632-03;McCormick & Company, INC;Mccormick Paint Works;0.5; 
2025-06-10 11:37:17.9210 INFO 1024502632-03;McCormick & Company, INC;McCormick Equipment;0.5; 
2025-06-10 11:37:17.9210 INFO 1024502632-03;McCormick & Company, INC;McCormick Distilling;0.5; 
2025-06-10 11:37:17.9210 INFO 1024502632-03;McCormick & Company, INC;McCormick Theological Seminary;0.5; 
2025-06-10 11:37:17.9210 INFO 1024502632-03;McCormick & Company, INC;McCormick Trucking;0.5; 
2025-06-10 11:37:19.7025 INFO 1055501666-03;ReBuild, Inc;Rebuilding Together;0.5; 
2025-06-10 11:37:19.7025 INFO 1055501666-03;ReBuild, Inc;Rebuilders Automotive Supply;0.5; 
2025-06-10 11:37:19.7025 INFO 1055501666-03;ReBuild, Inc;Rebuilding Together Houston;0.5; 
2025-06-10 11:37:19.7025 INFO 1055501666-03;ReBuild, Inc;Center for Athletic Performance & Physical Therapy;0.5; 
2025-06-10 11:37:19.7025 INFO 1055501666-03;ReBuild, Inc;California Alliance for Jobs;0.5; 
2025-06-10 11:37:19.7025 INFO 1055501666-03;ReBuild, Inc;Rebuilding Together Pittsburgh;0.5; 
2025-06-10 11:37:19.7168 INFO 1055501666-03;ReBuild, Inc;Rebuild Nation;0.5; 
2025-06-10 11:37:19.7168 INFO 1055501666-03;ReBuild, Inc;Rebuilding Exchange;0.5; 
2025-06-10 11:37:19.7168 INFO 1055501666-03;ReBuild, Inc;Rebuilding Together Tampa Bay;0.5; 
2025-06-10 11:37:19.7168 INFO 1055501666-03;ReBuild, Inc;Rebuilding Together Silicon Valley;0.5; 
2025-06-10 11:37:20.9797 INFO 1046502974-01;Nardi Construction Inc.;NARDI Construction;0.5; 
2025-06-10 11:37:22.1406 INFO 1055500893-05;Kennedy Krieger Childrens Hospital;Kennedy Krieger Institute;0.0;unsupported 
2025-06-10 11:37:22.9610 INFO 1010502083-01;Bates White;Bates White;0.5; 
2025-06-10 11:37:23.5633 INFO 1024496423-01;Plano Coudon;Plano-Coudon;0.5; 
2025-06-10 11:37:23.5633 INFO 1024496423-01;Plano Coudon;City of Plano;0.9;high 
2025-06-10 11:37:24.2056 INFO 1024497428-01;Axis Management Group LLC;Axis Management Group Holdings;0.5; 
2025-06-10 11:37:24.2056 INFO 1024497428-01;Axis Management Group LLC;AXIS Management Group;0.5; 
2025-06-10 11:37:24.7724 INFO 1010502730-02;Prince William County;Prince William County Public Schools;0.3;low 
2025-06-10 11:37:24.7724 INFO 1010502730-02;Prince William County;Prince William County;0.9;high 
2025-06-10 11:37:25.4138 INFO 7040443015-04;Jetblue Airways Corporation;JetBlue Airways;0.9;high 
2025-06-10 11:37:25.8201 INFO 7040443015-03;Amazon;Amazon;0.9;high 
2025-06-10 11:37:25.8201 INFO 7040443015-03;Amazon;Amazon Web Services;0.3;low 
2025-06-10 11:37:25.8201 INFO 7040443015-03;Amazon;Amazon Warehouse;0.9;high 
2025-06-10 11:37:25.8271 INFO 7040443015-03;Amazon;Amazon MGM Studios;0.5; 
2025-06-10 11:37:25.8271 INFO 7040443015-03;Amazon;Amazon Hose & Rubber;0.5; 
2025-06-10 11:37:25.8271 INFO 7040443015-03;Amazon;Amazon Logistics;0.0;unsupported 
2025-06-10 11:37:25.8271 INFO 7040443015-03;Amazon;AmaSyn;0.5; 
2025-06-10 11:37:25.8271 INFO 7040443015-03;Amazon;Amazon Flex;0.0;unsupported 
2025-06-10 11:37:27.1399 INFO 1024500543-02;Huntington Ingalls Industries;Huntington Ingalls Industries;0.0;unsupported 
2025-06-10 11:37:27.1399 INFO 1024500543-02;Huntington Ingalls Industries;Ingalls Shipbuilding, A Division of Huntington Ingalls Industries;0.5; 
2025-06-10 11:37:27.1399 INFO 1024500543-02;Huntington Ingalls Industries;Newport News Shipbuilding, A Division of Huntington Ingalls Industries;0.0;unsupported 
2025-06-10 11:37:27.5167 INFO 1024500530-04;Good Samaritan Hospital;Good Samaritan Hospital of Maryland;0.5; 
2025-06-10 11:37:27.5167 INFO 1024500530-04;Good Samaritan Hospital;TriHealth;0.9;high 
2025-06-10 11:37:27.5167 INFO 1024500530-04;Good Samaritan Hospital;Good Samaritan Hospital School of Radiologic Technology;0.5; 
2025-06-10 11:37:27.5167 INFO 1024500530-04;Good Samaritan Hospital;Good Samaritan Hospital-Bakersfield;0.5; 
2025-06-10 11:37:27.5167 INFO 1024500530-04;Good Samaritan Hospital;Good Samaritan Hospital;0.5; 
2025-06-10 11:37:27.5307 INFO 1024500530-04;Good Samaritan Hospital;Good Samaritan Hospital Foundation- Dayton;0.5; 
2025-06-10 11:37:28.7817 INFO 1009501009-03;T Rowe Proce;T. Rowe Price Group;0.9;high 
2025-06-10 11:37:29.6028 INFO 1009500960-04;Chugach Consolidated Solutions;Chugach Alaska;0.0;unsupported 
2025-06-10 11:37:29.6028 INFO 1009500960-04;Chugach Consolidated Solutions;Chugach Management Services;0.5; 
2025-06-10 11:37:29.9441 INFO 4010501828-02;FBI;Meta;0.0;unsupported 
2025-06-10 11:37:29.9441 INFO 4010501828-02;FBI;Federal Bureau of Investigation (FBI);0.9;high 
2025-06-10 11:37:29.9441 INFO 4010501828-02;FBI;Tennessee Farmers Mutual Insurance;0.5; 
2025-06-10 11:37:29.9441 INFO 4010501828-02;FBI;Family Brands International;0.5; 
2025-06-10 11:37:29.9531 INFO 4010501828-02;FBI;FBI-LEEDA;0.5; 
2025-06-10 11:37:29.9531 INFO 4010501828-02;FBI;Fab;0.5; 
2025-06-10 11:37:29.9531 INFO 4010501828-02;FBI;FBinsure;0.5; 
2025-06-10 11:37:29.9531 INFO 4010501828-02;FBI;FOB;0.5; 
2025-06-10 11:37:29.9531 INFO 4010501828-02;FBI;Vba;0.5; 
2025-06-10 11:37:29.9531 INFO 4010501828-02;FBI;FBI Chicago Citizens' Academy Alum;0.5; 
2025-06-10 11:37:29.9681 INFO 4010501828-02;FBI;FBi Construction;0.5; 
2025-06-10 11:37:31.2179 INFO 1004494928-03;Republic National Distributing Company;Republic National Distributing;0.0;unsupported 
2025-06-10 11:37:31.6754 INFO 1008497099-02;Black & Decker US Inc;BlackRock;0.0;unsupported 
2025-06-10 11:37:31.6754 INFO 1008497099-02;Black & Decker US Inc;Stanley Black & Decker;0.9;high 
2025-06-10 11:37:31.6754 INFO 1008497099-02;Black & Decker US Inc;Black & Veatch Corporation;0.3;low 
2025-06-10 11:37:31.6754 INFO 1008497099-02;Black & Decker US Inc;Black Knight Financial Services;0.5; 
2025-06-10 11:37:31.6754 INFO 1008497099-02;Black & Decker US Inc;Block;0.5; 
2025-06-10 11:37:31.6874 INFO 1008497099-02;Black & Decker US Inc;Blackstone Group;0.5; 
2025-06-10 11:37:31.6874 INFO 1008497099-02;Black & Decker US Inc;Blackhawk Network Holdings;0.9;high 
2025-06-10 11:37:31.6874 INFO 1008497099-02;Black & Decker US Inc;Black Hills;0.0;unsupported 
2025-06-10 11:37:31.6874 INFO 1008497099-02;Black & Decker US Inc;Blackhawk Mining;0.5; 
2025-06-10 11:37:31.6874 INFO 1008497099-02;Black & Decker US Inc;Black Hills Energy;0.0;unsupported 
2025-06-10 11:37:31.6874 INFO 1008497099-02;Black & Decker US Inc;Blackbaud;0.0;unsupported 
2025-06-10 11:37:31.7024 INFO 1008497099-02;Black & Decker US Inc;Black Bear Diners;0.3;low 
2025-06-10 11:37:31.7024 INFO 1008497099-02;Black & Decker US Inc;PSG Dover;0.5; 
2025-06-10 11:37:31.7024 INFO 1008497099-02;Black & Decker US Inc;Black Tie Moving;0.5; 
2025-06-10 11:37:32.1180 INFO 1008497099-01;KPMG;KPMG;0.0;unsupported 
2025-06-10 11:37:32.1180 INFO 1008497099-01;KPMG;CPMC;0.5; 
2025-06-10 11:37:32.1180 INFO 1008497099-01;KPMG;CPMG;0.5; 
2025-06-10 11:37:32.1259 INFO 1008497099-01;KPMG;CPMC Corrections;0.5; 
2025-06-10 11:37:32.1259 INFO 1008497099-01;KPMG;Keystone Property Management Group;0.5; 
2025-06-10 11:37:33.3568 INFO 1083499286-03;Howard County Health Department;Howard County Health Department;0.5; 
2025-06-10 11:37:33.9264 INFO 1031500735-01;Paul M. Jones;Paul M Jones Lumber;0.5; 
2025-06-10 11:37:35.3560 INFO 7040496788-07;iHeart Media;iHeartMedia;0.9;high 
2025-06-10 11:37:36.0078 INFO 7040496788-05;Encore Boston Harbor;Encore Boston Harbor;0.5; 
2025-06-10 11:37:37.3217 INFO 1081491399-02;Twilio;Twilio;0.0;unsupported 
2025-06-10 11:37:37.3217 INFO 1081491399-02;Twilio;Twill;0.5; 
2025-06-10 11:37:37.3267 INFO 1081491399-02;Twilio;Twolia;0.5; 
2025-06-10 11:37:37.3267 INFO 1081491399-02;Twilio;Twill;0.5; 
2025-06-10 11:37:37.9455 INFO 1030496580-02;Upper Shore Aging, Inc;Upper Shore Aging;0.5; 
2025-06-10 11:37:39.1318 INFO 1024498670-05;Alight Solutions;Alight;0.9;high 
2025-06-10 11:37:39.7857 INFO 1024498670-04;Penguin Random House;Penguin Random House;0.9;high 
2025-06-10 11:37:40.5025 INFO 1024477439-06;Northrop Grumman;Northrop Grumman;0.0;unsupported 
2025-06-10 11:37:40.5025 INFO 1024477439-06;Northrop Grumman;Northrop Grumman Federal Credit Union;0.5; 
2025-06-10 11:37:41.1949 INFO 1024477439-05;Northrop Grumman;Northrop Grumman;0.0;unsupported 
2025-06-10 11:37:41.1949 INFO 1024477439-05;Northrop Grumman;Northrop Grumman Federal Credit Union;0.5; 
2025-06-10 11:37:41.6492 INFO 1017501990-02;Power Solutions, LLC;Power Solutions International;0.5; 
2025-06-10 11:37:41.6492 INFO 1017501990-02;Power Solutions, LLC;Power Solutions;0.5; 
2025-06-10 11:37:41.6492 INFO 1017501990-02;Power Solutions, LLC;Power Solutions Group;0.5; 
2025-06-10 11:37:41.6562 INFO 1017501990-02;Power Solutions, LLC;Power Solutions;0.5; 
2025-06-10 11:37:41.6562 INFO 1017501990-02;Power Solutions, LLC;Power Solutions Group;0.5; 
2025-06-10 11:37:41.6562 INFO 1017501990-02;Power Solutions, LLC;Power Solutions NW;0.5; 
2025-06-10 11:37:41.6562 INFO 1017501990-02;Power Solutions, LLC;Power Solutions Electric;0.5; 
2025-06-10 11:37:41.6562 INFO 1017501990-02;Power Solutions, LLC;Power Solutions Elec;0.5; 
2025-06-10 11:37:41.6562 INFO 1017501990-02;Power Solutions, LLC;Power Solutions;0.5; 
2025-06-10 11:37:41.6722 INFO 1017501990-02;Power Solutions, LLC;Power Solutions Plus;0.5; 
2025-06-10 11:37:42.3873 INFO 1017501483-02;St Marys County Public Schools;St. Mary's County Public Schools;0.0;unsupported 
2025-06-10 11:37:43.1867 INFO 1010498684-04;St. Agnes Healthcare, Inc.;St. Agnes Healthcare & Rehab Center;0.5; 
2025-06-10 11:37:43.7945 INFO 1009499520-05;Anne Arundel County Public Schools;Anne Arundel County Public Schools;0.9;high 
2025-06-10 11:37:43.7965 INFO 1009499520-05;Anne Arundel County Public Schools;Anne Arundel County;0.9;high 
2025-06-10 11:37:44.4005 INFO 1009483851-05;AC Beverage Inc;AC Beverage;0.5; 
2025-06-10 11:37:44.7467 INFO 1009483851-04;AACPS;Anne Arundel County Public Schools;0.9;high 
2025-06-10 11:37:44.7467 INFO 1009483851-04;AACPS;AGPS;0.5; 
2025-06-10 11:37:45.3707 INFO 4010496200-02;38North Security, LLC;38North Security;0.5; 
2025-06-10 11:37:45.9096 INFO 4010496200-01;Jones Lang LaSalle Americas, Inc;Jones Lang LaSalle;0.9;high 
2025-06-10 11:37:47.0952 INFO 1024499582-02;Johnson Controls Federal Systems;Johnson Controls;0.3;low 
2025-06-10 11:37:47.6579 INFO 1012450576-01;JJ Installation & Construction, LLC;J & E Installation;0.5; 
2025-06-10 11:37:48.4992 INFO 1010501131-01;MDOT SHA;MdotM;0.5; 
2025-06-10 11:37:48.4992 INFO 1010501131-01;MDOT SHA;MdotLabs;0.5; 
2025-06-10 11:37:48.4992 INFO 1010501131-01;MDOT SHA;D'Ottavio Farms;0.5; 
2025-06-10 11:37:48.4992 INFO 1010501131-01;MDOT SHA;Modit;0.5; 
2025-06-10 11:37:48.4992 INFO 1010501131-01;MDOT SHA;M-Dot Network;0.5; 
2025-06-10 11:37:48.4992 INFO 1010501131-01;MDOT SHA;M. Marketing Solutions;0.5; 
2025-06-10 11:37:48.4992 INFO 1010501131-01;MDOT SHA;MDT;0.5; 
2025-06-10 11:37:48.4992 INFO 1010501131-01;MDOT SHA;Mdout;0.5; 
2025-06-10 11:37:48.9815 INFO 1083500810-05;Anne Arundel County;Anne Arundel County;0.9;high 
2025-06-10 11:37:48.9845 INFO 1083500810-05;Anne Arundel County;Anne Arundel County Public Schools;0.9;high 
2025-06-10 11:37:48.9845 INFO 1083500810-05;Anne Arundel County;Anne Arundel County Public Library;0.5; 
2025-06-10 11:37:48.9845 INFO 1083500810-05;Anne Arundel County;Anne Arundel County Community Action Agency;0.5; 
2025-06-10 11:37:48.9845 INFO 1083500810-05;Anne Arundel County;Anne Arundel County Food Bank;0.5; 
2025-06-10 11:37:48.9845 INFO 1083500810-05;Anne Arundel County;Anne Arundel County Schools;0.5; 
2025-06-10 11:37:48.9845 INFO 1083500810-05;Anne Arundel County;Anne Arundel County Breaking News & Events;0.5; 
2025-06-10 11:37:48.9845 INFO 1083500810-05;Anne Arundel County;Anne Arundel County Watershed Stewards Academy;0.5; 
2025-06-10 11:37:50.5251 INFO 1014502236-01;Annapolis Radiology Associates;Annapolis Radiology Associates;0.5; 
2025-06-10 11:37:51.3150 INFO 1030501309-01;Eclipse Group;Eclipse Group;0.5; 
2025-06-10 11:37:52.0574 INFO 7010499311-04;General Dynamics;General Dynamics Information Technology;0.9;high 
2025-06-10 11:37:52.0574 INFO 7010499311-04;General Dynamics;General Dynamics Mission Systems;0.9;high 
2025-06-10 11:37:52.0634 INFO 7010499311-04;General Dynamics;General Dynamics Land Systems;0.9;high 
2025-06-10 11:37:52.9138 INFO 7010499311-03;Mass General Hospital;Mesa General Hospital;0.5; 
2025-06-10 11:37:52.9138 INFO 7010499311-03;Mass General Hospital;Massachusetts General Hospital;0.9;high 
2025-06-10 11:37:53.5775 INFO 4010497075-04;Capital One;Capital One;0.9;high 
2025-06-10 11:37:53.5775 INFO 4010497075-04;Capital One;Capital Inn;0.5; 
2025-06-10 11:37:54.5816 INFO 4010497075-03;Unisys Corporation;Unisys;0.9;high 
2025-06-10 11:37:55.4876 INFO 1081501933-02;Conduent;Conduent;0.9;high 
2025-06-10 11:37:55.4876 INFO 1081501933-02;Conduent;Conduant;0.5; 
2025-06-10 11:37:55.4876 INFO 1081501933-02;Conduent;Content;0.5; 
2025-06-10 11:37:56.4476 INFO 1081501630-05;Knobbe Marten LLP;Knobbe, Martens, Olson & Bear;0.5; 
2025-06-10 11:37:57.0581 INFO 1075498127-02;Expert Consultants, Inc.;Expert Consultants;0.5; 
2025-06-10 11:37:57.4307 INFO 1075497403-04;Ingram;Ingram Micro;0.9;high 
2025-06-10 11:37:57.4307 INFO 1075497403-04;Ingram;Ingram Industries;0.0;unsupported 
2025-06-10 11:37:57.4387 INFO 1075497403-04;Ingram;Ingram Barge;0.0;unsupported 
2025-06-10 11:37:57.4387 INFO 1075497403-04;Ingram;Ingram Book;0.5; 
2025-06-10 11:37:57.4387 INFO 1075497403-04;Ingram;Ingram Entertainment;0.5; 
2025-06-10 11:37:57.4387 INFO 1075497403-04;Ingram;Ingram;0.5; 
2025-06-10 11:37:57.4387 INFO 1075497403-04;Ingram;Ingram Readymix;0.5; 
2025-06-10 11:37:57.4537 INFO 1075497403-04;Ingram;Ingram Farms;0.5; 
2025-06-10 11:37:57.4537 INFO 1075497403-04;Ingram;Ingram Enterprises;0.5; 
2025-06-10 11:37:57.4537 INFO 1075497403-04;Ingram;Ingram Yuzek Gainen Carroll & Bertolotti;0.5; 
2025-06-10 11:37:57.9847 INFO 1050501159-02;City of Hagerstown;City Of Hagerstown;0.5; 
2025-06-10 11:37:58.3592 INFO 1050486015-04;WCPS;Wake County Public School System;0.0;unsupported 
2025-06-10 11:37:58.3592 INFO 1050486015-04;WCPS;HCPS;0.5; 
2025-06-10 11:37:58.3592 INFO 1050486015-04;WCPS;Washington County Public Schools;0.0;unsupported 
2025-06-10 11:37:58.3592 INFO 1050486015-04;WCPS;West Coast Paper;0.5; 
2025-06-10 11:37:58.3752 INFO 1050486015-04;WCPS;CPS;0.5; 
2025-06-10 11:37:58.3752 INFO 1050486015-04;WCPS;Kps;0.5; 
2025-06-10 11:37:58.3752 INFO 1050486015-04;WCPS;QPS;0.5; 
2025-06-10 11:37:58.3752 INFO 1050486015-04;WCPS;West Carroll Parish School Board;0.5; 
2025-06-10 11:37:58.3922 INFO 1050486015-04;WCPS;WCPS Holdings;0.5; 
2025-06-10 11:37:58.3922 INFO 1050486015-04;WCPS;GPS;0.5; 
2025-06-10 11:38:00.3152 INFO 1024500454-06;Beth Israel Deaconess Medical Center Inc;Beth Israel Deaconess Medical Center;0.9;high 
2025-06-10 11:38:00.3152 INFO 1024500454-06;Beth Israel Deaconess Medical Center Inc;Beth Israel Deaconess Medical Center;0.5; 
2025-06-10 11:38:00.9473 INFO 1022468412-04;The Saint Paul's Schools;St. Paul's School;0.5; 
2025-06-10 11:38:01.7780 INFO 1022468412-03;The Space Telescope Science Institute;Space Telescope Science Institute;0.5; 
2025-06-10 11:38:04.0816 INFO 1010499992-03;Eurofins;Eurofins;0.9;high 
2025-06-10 11:38:04.7525 INFO 1010473351-03;St. Johns College;Saint John’s College;0.5; 
2025-06-10 11:38:06.2712 INFO 1004501769-02;Power Solutions LLC;Power Solutions International;0.5; 
2025-06-10 11:38:06.2712 INFO 1004501769-02;Power Solutions LLC;Power Solutions;0.5; 
2025-06-10 11:38:06.2712 INFO 1004501769-02;Power Solutions LLC;Power Solutions Group;0.5; 
2025-06-10 11:38:06.2812 INFO 1004501769-02;Power Solutions LLC;Power Solutions;0.5; 
2025-06-10 11:38:06.2812 INFO 1004501769-02;Power Solutions LLC;Power Solutions Group;0.5; 
2025-06-10 11:38:06.2812 INFO 1004501769-02;Power Solutions LLC;Power Solutions NW;0.5; 
2025-06-10 11:38:06.2812 INFO 1004501769-02;Power Solutions LLC;Power Solutions Electric;0.5; 
2025-06-10 11:38:06.2812 INFO 1004501769-02;Power Solutions LLC;Power Solutions Elec;0.5; 
2025-06-10 11:38:06.2812 INFO 1004501769-02;Power Solutions LLC;Power Solutions;0.5; 
2025-06-10 11:38:06.2972 INFO 1004501769-02;Power Solutions LLC;Power Solutions Plus;0.5; 
2025-06-10 11:38:06.8546 INFO 1017503012-01;Cincinnati Children's Hospital Medical Center;Cincinnati Children's Hospital;0.9;high 
2025-06-10 11:38:07.9184 INFO 1024493658-04;Morgan Stanley;Morgan Stanley;0.0;unsupported 
2025-06-10 11:38:08.5040 INFO 1024477439-04;Northrop Grumman;Northrop Grumman;0.0;unsupported 
2025-06-10 11:38:08.5040 INFO 1024477439-04;Northrop Grumman;Northrop Grumman Federal Credit Union;0.5; 
2025-06-10 11:38:09.8996 INFO 1024495778-04;Baltimore City Public Schools;Baltimore City Public Schools;0.0;unsupported 
2025-06-10 11:38:09.8996 INFO 1024495778-04;Baltimore City Public Schools;Baltimore County Public Schools;0.0;unsupported 
2025-06-10 11:38:10.5671 INFO 5101498512-02;NC Dept. of Public Safety;North Carolina Department of Public Safety;0.9;high 
2025-06-10 11:38:11.2902 INFO 1008499897-06;Department of Commerce/Patent and Trademark Office;U.S. Patent & Trademark Office;0.9;high 
2025-06-10 11:38:12.7319 INFO 1024497345-02;United States Postal Service;United States Postal Service;0.9;high 
2025-06-10 11:38:13.4717 INFO 1008499897-05;Department of Commerce/Patent and Trademark Office;U.S. Patent & Trademark Office;0.9;high 
2025-06-10 11:38:14.2303 INFO 1046493996-01;CliftonLarsonAllen LLP;CliftonLarsonAllen;0.0;unsupported 
2025-06-10 11:38:14.7099 INFO 4022500793-03;Intuit Inc.;Intuit;0.9;high 
2025-06-10 11:38:14.7099 INFO 4022500793-03;Intuit Inc.;Intuitive Surgical;0.9;high 
2025-06-10 11:38:14.7099 INFO 4022500793-03;Intuit Inc.;Intuitive;0.9;high 
2025-06-10 11:38:14.7099 INFO 4022500793-03;Intuit Inc.;Intuit Quickbooks Payroll;0.9;high 
2025-06-10 11:38:14.7187 INFO 4022500793-03;Intuit Inc.;Intuitive Research & Technology;0.5; 
2025-06-10 11:38:14.7187 INFO 4022500793-03;Intuit Inc.;Intuition Systems;0.5; 
2025-06-10 11:38:14.7187 INFO 4022500793-03;Intuit Inc.;Intuitive Health;0.5; 
2025-06-10 11:38:14.7187 INFO 4022500793-03;Intuit Inc.;Intuity Medical;0.5; 
2025-06-10 11:38:14.7187 INFO 4022500793-03;Intuit Inc.;Intuitive Technology Partners;0.5; 
2025-06-10 11:38:14.7187 INFO 4022500793-03;Intuit Inc.;Intuitive Solutions;0.5; 
2025-06-10 11:38:15.4834 INFO 1009499520-04;Anne Arundel County Public Schools;Anne Arundel County Public Schools;0.9;high 
2025-06-10 11:38:15.4854 INFO 1009499520-04;Anne Arundel County Public Schools;Anne Arundel County;0.9;high 
2025-06-10 11:38:17.1708 INFO 1083500451-04;State of Maryland;State of Maryland;0.9;high 
2025-06-10 11:38:17.1738 INFO 1083500451-04;State of Maryland;State of Maryland;0.9;high 
2025-06-10 11:38:17.9842 INFO 5101502202-01;Red Hat Inc;Red Hat;0.0;unsupported 
2025-06-10 11:38:17.9870 INFO 5101502202-01;Red Hat Inc;Redhot;0.5; 
2025-06-10 11:38:17.9870 INFO 5101502202-01;Red Hat Inc;Red Hot;0.5; 
2025-06-10 11:38:17.9870 INFO 5101502202-01;Red Hat Inc;RediHeat;0.5; 
2025-06-10 11:38:17.9870 INFO 5101502202-01;Red Hat Inc;Red Hot;0.5; 
2025-06-10 11:38:18.7834 INFO 1024502650-02;University of Maryland Medical System - St. Joseph;University of Maryland Medical System;0.3;low 
2025-06-10 11:38:20.0890 INFO 1081502741-01;Palantir Technologies;Palantir Technologies;0.9;high 
2025-06-10 11:38:20.5871 INFO 1081482764-01;American University;American University;0.0;unsupported 
2025-06-10 11:38:20.5871 INFO 1081482764-01;American University;American University Washington College of Law;0.5; 
2025-06-10 11:38:20.5871 INFO 1081482764-01;American University;American University of Beirut;0.5; 
2025-06-10 11:38:20.5951 INFO 1081482764-01;American University;American University of Antigua;0.5; 
2025-06-10 11:38:20.5951 INFO 1081482764-01;American University;American University of Health Sciences;0.5; 
2025-06-10 11:38:20.5951 INFO 1081482764-01;American University;American University Eagle;0.5; 
2025-06-10 11:38:20.5951 INFO 1081482764-01;American University;American University in Cairo;0.5; 
2025-06-10 11:38:20.5951 INFO 1081482764-01;American University;American University Journal of Gender, Social Policy & the Law;0.5; 
2025-06-10 11:38:20.5951 INFO 1081482764-01;American University;American University of Rome;0.5; 
2025-06-10 11:38:20.5951 INFO 1081482764-01;American University;American University of Armenia;0.5; 
2025-06-10 11:38:21.4988 INFO 1081501976-02;The World Bank;World Bank Group;0.5; 
2025-06-10 11:38:21.9635 INFO 1081499113-02;PRA Group;PRA Group;0.5; 
2025-06-10 11:38:21.9635 INFO 1081499113-02;PRA Group;Par Group;0.5; 
2025-06-10 11:38:21.9635 INFO 1081499113-02;PRA Group;P + R Group;0.5; 
2025-06-10 11:38:21.9705 INFO 1081499113-02;PRA Group;PRI Group;0.5; 
2025-06-10 11:38:21.9705 INFO 1081499113-02;PRA Group;ProGroup;0.5; 
2025-06-10 11:38:21.9705 INFO 1081499113-02;PRA Group;PPR Group;0.5; 
2025-06-10 11:38:21.9705 INFO 1081499113-02;PRA Group;PIR Group;0.5; 
2025-06-10 11:38:21.9705 INFO 1081499113-02;PRA Group;ProGroup;0.5; 
2025-06-10 11:38:22.4573 INFO 1075492892-05;Barac Company;Barco;0.5; 
2025-06-10 11:38:22.4573 INFO 1075492892-05;Barac Company;Bark;0.5; 
2025-06-10 11:38:22.4573 INFO 1075492892-05;Barac Company;Obama For America;0.5; 
2025-06-10 11:38:22.4573 INFO 1075492892-05;Barac Company;Barack Ferrazzano Kirschbaum & Nagelberg;0.5; 
2025-06-10 11:38:22.4573 INFO 1075492892-05;Barac Company;BREC;0.5; 
2025-06-10 11:38:22.4703 INFO 1075492892-05;Barac Company;Barkay;0.5; 
2025-06-10 11:38:22.4703 INFO 1075492892-05;Barac Company;BHRAC;0.5; 
2025-06-10 11:38:22.4703 INFO 1075492892-05;Barac Company;Barack Obama Green Charter High School;0.5; 
2025-06-10 11:38:22.4703 INFO 1075492892-05;Barac Company;BROC;0.5; 
2025-06-10 11:38:22.4703 INFO 1075492892-05;Barac Company;Bar A Construction;0.5; 
2025-06-10 11:38:22.9865 INFO 1075492892-04;DC Metro;DC Metro Food Tours;0.5; 
2025-06-10 11:38:22.9865 INFO 1075492892-04;DC Metro;DC Metro Cleaning;0.5; 
2025-06-10 11:38:22.9865 INFO 1075492892-04;DC Metro;DC Metro Immigration Law;0.5; 
2025-06-10 11:38:22.9865 INFO 1075492892-04;DC Metro;DC Metro Homes;0.5; 
2025-06-10 11:38:22.9865 INFO 1075492892-04;DC Metro;DC Metropolitan Subcontractors Association (DCMSA;0.5; 
2025-06-10 11:38:22.9865 INFO 1075492892-04;DC Metro;Dc Metro Saisamsthan;0.5; 
2025-06-10 11:38:23.0010 INFO 1075492892-04;DC Metro;DC Metro Qigong;0.5; 
2025-06-10 11:38:23.0010 INFO 1075492892-04;DC Metro;DC Metropolitan Guest House;0.5; 
2025-06-10 11:38:23.0010 INFO 1075492892-04;DC Metro;DC Metro Aviation Services;0.5; 
2025-06-10 11:38:23.0010 INFO 1075492892-04;DC Metro;Dc Metro Carpentry;0.5; 
2025-06-10 11:38:23.8472 INFO 1024495246-02;National Weather Service;National Weather Service;0.5; 
2025-06-10 11:38:23.8472 INFO 1024495246-02;National Weather Service;National Weather Service Employees Organization;0.5; 
2025-06-10 11:38:24.6060 INFO 1022499876-03;Johns Hopkins Health System;Johns Hopkins Medicine;0.0;unsupported 
2025-06-10 11:38:24.6060 INFO 1022499876-03;Johns Hopkins Health System;Johns Hopkins University;0.0;unsupported 
2025-06-10 11:38:25.3526 INFO 1009497812-02;Meridian International Center;Meridian International Center;0.5; 
2025-06-10 11:38:26.1345 INFO 1024501040-01;Johns Hopkins University;Johns Hopkins University;0.0;unsupported 
2025-06-10 11:38:26.1345 INFO 1024501040-01;Johns Hopkins University;Johns Hopkins Medicine;0.0;unsupported 
2025-06-10 11:38:26.9910 INFO 1030488126-02;State of DE;State of Delaware;0.9;high 
2025-06-10 11:38:26.9910 INFO 1030488126-02;State of DE;State of Devotion;0.5; 
2025-06-10 11:38:27.9912 INFO 1030488126-01;Alexander RV;Alexander RV Center;0.5; 
2025-06-10 11:38:29.0104 INFO 1024502487-01;The Whiting-Turner Contracting Company;Whiting-Turner Contracting;0.5; 
2025-06-10 11:38:33.0147 INFO 1024488502-04;Carahsoft Technologies;Carahsoft;0.9;high 
2025-06-10 11:38:33.6296 INFO 1024488502-03;Tri-County Pump Service;Tri-County Pump Service;0.5; 
2025-06-10 11:38:34.3299 INFO 1010502837-01;Walgreen Co.;Walgreens;0.9;high 
2025-06-10 11:38:34.8405 INFO 1083500810-04;Anne Arundel County;Anne Arundel County;0.9;high 
2025-06-10 11:38:34.8405 INFO 1083500810-04;Anne Arundel County;Anne Arundel County Public Schools;0.9;high 
2025-06-10 11:38:34.8455 INFO 1083500810-04;Anne Arundel County;Anne Arundel County Public Library;0.5; 
2025-06-10 11:38:34.8455 INFO 1083500810-04;Anne Arundel County;Anne Arundel County Community Action Agency;0.5; 
2025-06-10 11:38:34.8455 INFO 1083500810-04;Anne Arundel County;Anne Arundel County Food Bank;0.5; 
2025-06-10 11:38:34.8455 INFO 1083500810-04;Anne Arundel County;Anne Arundel County Schools;0.5; 
2025-06-10 11:38:34.8455 INFO 1083500810-04;Anne Arundel County;Anne Arundel County Breaking News & Events;0.5; 
2025-06-10 11:38:34.8455 INFO 1083500810-04;Anne Arundel County;Anne Arundel County Watershed Stewards Academy;0.5; 
2025-06-10 11:38:35.5856 INFO 1009500653-01;Transportation Security Administration;Transportation Security Administration;0.9;high 
2025-06-10 11:38:36.3596 INFO 1083468018-04;Office of Navel Intelligence;Office of Naval Intelligence;0.5; 
2025-06-10 11:38:37.2302 INFO 1024493658-03;Morgan Stanley;Morgan Stanley;0.0;unsupported 
2025-06-10 11:38:39.9918 INFO 7040499008-04;State of RI;State of Rhode Island;0.3;low 
2025-06-10 11:38:40.8073 INFO 1083500451-03;State of Maryland;State of Maryland;0.9;high 
2025-06-10 11:38:40.8073 INFO 1083500451-03;State of Maryland;State of Maryland;0.9;high 
2025-06-10 11:38:41.6323 INFO 1071487341-06;Metarom USA;Metrohm USA;0.5; 
2025-06-10 11:38:42.4918 INFO 1031496945-06;Doordash;DoorDash;0.9;high 
2025-06-10 11:38:43.2724 INFO 1024492661-05;George Washington University;George Washington University;0.9;high 
2025-06-10 11:38:44.2907 INFO 1014486282-06;The Johns Hopkins Hospital;Johns Hopkins Medicine;0.0;unsupported 
2025-06-10 11:38:44.2907 INFO 1014486282-06;The Johns Hopkins Hospital;Johns Hopkins University;0.0;unsupported 
2025-06-10 11:38:46.7449 INFO 1024451052-01;Johnson Mirmiran and Thompson;Johnson, Mirmiran & Thompson;0.0;unsupported 
2025-06-10 11:38:47.6553 INFO 1010498535-02;Merritt Management Corp;Merit Management;0.5; 
2025-06-10 11:38:48.4750 INFO 1024495778-03;Baltimore City Public Schools;Baltimore City Public Schools;0.0;unsupported 
2025-06-10 11:38:48.4750 INFO 1024495778-03;Baltimore City Public Schools;Baltimore County Public Schools;0.0;unsupported 
