2026-05-28 07:33:03.2483 INFO Getting messages for folder voe@firsthome.com: Inbox 
2026-05-28 07:33:07.8756 INFO Getting message voe@firsthome.com: AAkALgAAAAAAHYQDEapmEc2byACqAC-EWg0A-XGp6OdBg0CxQrF5bBnBPAAHIriAewAA 
2026-05-28 07:33:08.1696 INFO Getting message HTML voe@firsthome.com: AAkALgAAAAAAHYQDEapmEc2byACqAC-EWg0A-XGp6OdBg0CxQrF5bBnBPAAHIriAewAA 
2026-05-28 07:33:08.1966 INFO Getting message voe@firsthome.com: AAkALgAAAAAAHYQDEapmEc2byACqAC-EWg0A-XGp6OdBg0CxQrF5bBnBPAAHIriAewAA 
2026-05-28 07:33:09.7924 INFO Email Not Matched: AAkALgAAAAAAHYQDEapmEc2byACqAC-EWg0A-XGp6OdBg0CxQrF5bBnBPAAHIriAewAA RE: Emailing: HANNA closing instructions and fees.pdf 7:16 AM 
2026-05-28 07:33:09.8344 INFO Getting message voe@firsthome.com: AAkALgAAAAAAHYQDEapmEc2byACqAC-EWg0A-XGp6OdBg0CxQrF5bBnBPAAHIrh-tAAA 
2026-05-28 07:33:09.9584 INFO Getting message HTML voe@firsthome.com: AAkALgAAAAAAHYQDEapmEc2byACqAC-EWg0A-XGp6OdBg0CxQrF5bBnBPAAHIrh-tAAA 
2026-05-28 07:33:09.9824 INFO Getting message voe@firsthome.com: AAkALgAAAAAAHYQDEapmEc2byACqAC-EWg0A-XGp6OdBg0CxQrF5bBnBPAAHIrh-tAAA 
2026-05-28 07:33:11.5347 INFO Email Logged: Automatic reply: Confirmation of New VOE Order for Adam Fender [1081526112-01] 
2026-05-28 07:33:11.5837 INFO Email Logged to Database: AAkALgAAAAAAHYQDEapmEc2byACqAC-EWg0A-XGp6OdBg0CxQrF5bBnBPAAHIrh-tAAA Automatic reply: Confirmation of New VOE Order for Adam Fender [1081526112-01] 7:10 AM 
2026-05-28 07:33:11.6087 INFO Getting message voe@firsthome.com: AAkALgAAAAAAHYQDEapmEc2byACqAC-EWg0A-XGp6OdBg0CxQrF5bBnBPAAHIrh-swAA 
2026-05-28 07:33:11.7452 INFO Getting message HTML voe@firsthome.com: AAkALgAAAAAAHYQDEapmEc2byACqAC-EWg0A-XGp6OdBg0CxQrF5bBnBPAAHIrh-swAA 
2026-05-28 07:33:11.7702 INFO Getting message voe@firsthome.com: AAkALgAAAAAAHYQDEapmEc2byACqAC-EWg0A-XGp6OdBg0CxQrF5bBnBPAAHIrh-swAA 
2026-05-28 07:33:12.0432 INFO Email Logged: Automatic reply: Confirmation of New VOE Order for Adam Fender [1081526112-02] 
2026-05-28 07:33:12.0752 INFO Email Logged to Database: AAkALgAAAAAAHYQDEapmEc2byACqAC-EWg0A-XGp6OdBg0CxQrF5bBnBPAAHIrh-swAA Automatic reply: Confirmation of New VOE Order for Adam Fender [1081526112-02] 7:10 AM 
2026-05-28 07:33:12.1002 INFO Getting message voe@firsthome.com: AAkALgAAAAAAHYQDEapmEc2byACqAC-EWg0A-XGp6OdBg0CxQrF5bBnBPAAHIrh-pgAA 
2026-05-28 07:33:12.2462 INFO Getting message HTML voe@firsthome.com: AAkALgAAAAAAHYQDEapmEc2byACqAC-EWg0A-XGp6OdBg0CxQrF5bBnBPAAHIrh-pgAA 
2026-05-28 07:33:12.2722 INFO Getting message voe@firsthome.com: AAkALgAAAAAAHYQDEapmEc2byACqAC-EWg0A-XGp6OdBg0CxQrF5bBnBPAAHIrh-pgAA 
2026-05-28 07:33:23.5332 INFO Email Logged: Cathleen Flynn, First Home Mortgage would like to verify your income and employment 
2026-05-28 07:33:23.5662 INFO Email Logged to Database: AAkALgAAAAAAHYQDEapmEc2byACqAC-EWg0A-XGp6OdBg0CxQrF5bBnBPAAHIrh-pgAA Cathleen Flynn, First Home Mortgage would like to verify your income and employment 7:10 AM 
2026-05-28 07:33:23.5912 INFO Getting message voe@firsthome.com: AAkALgAAAAAAHYQDEapmEc2byACqAC-EWg0A-XGp6OdBg0CxQrF5bBnBPAAHIrh_lQAA 
2026-05-28 07:33:23.7257 INFO Getting message HTML voe@firsthome.com: AAkALgAAAAAAHYQDEapmEc2byACqAC-EWg0A-XGp6OdBg0CxQrF5bBnBPAAHIrh_lQAA 
2026-05-28 07:33:23.7527 INFO Getting message voe@firsthome.com: AAkALgAAAAAAHYQDEapmEc2byACqAC-EWg0A-XGp6OdBg0CxQrF5bBnBPAAHIrh_lQAA 
2026-05-28 07:33:31.0268 INFO Email Logged: Gabriella LePore, First Home Mortgage would like to verify your income and employment 
2026-05-28 07:33:31.0568 INFO Email Logged to Database: AAkALgAAAAAAHYQDEapmEc2byACqAC-EWg0A-XGp6OdBg0CxQrF5bBnBPAAHIrh_lQAA Gabriella LePore, First Home Mortgage would like to verify your income and employment 6:50 AM 
2026-05-28 07:33:31.0858 INFO Getting message voe@firsthome.com: AAkALgAAAAAAHYQDEapmEc2byACqAC-EWg0A-XGp6OdBg0CxQrF5bBnBPAAHIrh_kQAA 
2026-05-28 07:33:31.2388 INFO Getting message HTML voe@firsthome.com: AAkALgAAAAAAHYQDEapmEc2byACqAC-EWg0A-XGp6OdBg0CxQrF5bBnBPAAHIrh_kQAA 
2026-05-28 07:33:31.2638 INFO Getting message voe@firsthome.com: AAkALgAAAAAAHYQDEapmEc2byACqAC-EWg0A-XGp6OdBg0CxQrF5bBnBPAAHIrh_kQAA 
2026-05-28 07:35:11.5268 ERROR Error making web redirect request: https://url.usb.m.mimecastprotect.com/s/_QAoCoABO6cDnWB1i6sJUp3VFb?domain=url4970.truv.com 
2026-05-28 07:35:11.5649 ERROR System.Net.WebException: The operation has timed out
   at System.Net.HttpWebRequest.GetResponse()
   at VOESystem.Data.Business.BusinessBase.getWebRequestRedirect(String URL) in C:\Data\FirstMortgage\BitBucket\voesystem\VOEFrontend\VOESystem.Data\Business\BusinessBase.cs:line 607 System.Net.WebException: The operation has timed out
   at System.Net.HttpWebRequest.GetResponse()
   at VOESystem.Data.Business.BusinessBase.getWebRequestRedirect(String URL) in C:\Data\FirstMortgage\BitBucket\voesystem\VOEFrontend\VOESystem.Data\Business\BusinessBase.cs:line 607
2026-05-28 07:35:11.7539 INFO Retrying Redirect URL: The operation has timed out 
2026-05-28 07:36:51.8014 ERROR Error making web redirect request: https://url.usb.m.mimecastprotect.com/s/_QAoCoABO6cDnWB1i6sJUp3VFb?domain=url4970.truv.com 
2026-05-28 07:36:51.8434 ERROR System.Net.WebException: The operation has timed out
   at System.Net.HttpWebRequest.GetResponse()
   at VOESystem.Data.Business.BusinessBase.getWebRequestRedirect(String URL) in C:\Data\FirstMortgage\BitBucket\voesystem\VOEFrontend\VOESystem.Data\Business\BusinessBase.cs:line 607 System.Net.WebException: The operation has timed out
   at System.Net.HttpWebRequest.GetResponse()
   at VOESystem.Data.Business.BusinessBase.getWebRequestRedirect(String URL) in C:\Data\FirstMortgage\BitBucket\voesystem\VOEFrontend\VOESystem.Data\Business\BusinessBase.cs:line 607
2026-05-28 07:36:51.8884 INFO Retrying Redirect URL: The operation has timed out 
2026-05-28 07:38:31.9908 ERROR Error making web redirect request: https://url.usb.m.mimecastprotect.com/s/_QAoCoABO6cDnWB1i6sJUp3VFb?domain=url4970.truv.com 
2026-05-28 07:38:32.0312 ERROR System.Net.WebException: The operation has timed out
   at System.Net.HttpWebRequest.GetResponse()
   at VOESystem.Data.Business.BusinessBase.getWebRequestRedirect(String URL) in C:\Data\FirstMortgage\BitBucket\voesystem\VOEFrontend\VOESystem.Data\Business\BusinessBase.cs:line 607 System.Net.WebException: The operation has timed out
   at System.Net.HttpWebRequest.GetResponse()
   at VOESystem.Data.Business.BusinessBase.getWebRequestRedirect(String URL) in C:\Data\FirstMortgage\BitBucket\voesystem\VOEFrontend\VOESystem.Data\Business\BusinessBase.cs:line 607
2026-05-28 07:38:32.0687 INFO Retrying Redirect URL: The operation has timed out 
2026-05-28 07:38:32.1048 ERROR Error Importing Email: AAkALgAAAAAAHYQDEapmEc2byACqAC-EWg0A-XGp6OdBg0CxQrF5bBnBPAAHIrh_kQAA Christopher Brett Henderson, First Home Mortgage would like to verify your employment 6:50 AM 
2026-05-28 07:38:32.1397 ERROR System.Exception: Truv Redirect Order URL Not Found
   at VOEBackend.Email.BaseClass.getOrderRequestFromTruvRedirect(IDbConnection dbConn, String emailBody) in T:\Griffin\SVNDev\VOESystem\VOEBackend\VOEBackend.Email\BaseClass.cs:line 298
   at VOEBackend.Email.EmailOps.insertMail(IMailMessage msg) in T:\Griffin\SVNDev\VOESystem\VOEBackend\VOEBackend.Email\EmailOps.cs:line 73 System.Exception: Truv Redirect Order URL Not Found
   at VOEBackend.Email.BaseClass.getOrderRequestFromTruvRedirect(IDbConnection dbConn, String emailBody) in T:\Griffin\SVNDev\VOESystem\VOEBackend\VOEBackend.Email\BaseClass.cs:line 298
   at VOEBackend.Email.EmailOps.insertMail(IMailMessage msg) in T:\Griffin\SVNDev\VOESystem\VOEBackend\VOEBackend.Email\EmailOps.cs:line 73
2026-05-28 07:38:32.2021 INFO Getting message voe@firsthome.com: AAkALgAAAAAAHYQDEapmEc2byACqAC-EWg0A-XGp6OdBg0CxQrF5bBnBPAAHIrh_hQAA 
2026-05-28 07:38:32.3458 INFO Getting message HTML voe@firsthome.com: AAkALgAAAAAAHYQDEapmEc2byACqAC-EWg0A-XGp6OdBg0CxQrF5bBnBPAAHIrh_hQAA 
2026-05-28 07:38:32.3768 INFO Getting message voe@firsthome.com: AAkALgAAAAAAHYQDEapmEc2byACqAC-EWg0A-XGp6OdBg0CxQrF5bBnBPAAHIrh_hQAA 
2026-05-28 07:40:12.6442 ERROR Error making web redirect request: https://url.usb.m.mimecastprotect.com/s/RidzCjAwnOcYrNRpI7s8UmxqDq?domain=url4970.truv.com 
2026-05-28 07:40:12.6872 ERROR System.Net.WebException: The operation has timed out
   at System.Net.HttpWebRequest.GetResponse()
   at VOESystem.Data.Business.BusinessBase.getWebRequestRedirect(String URL) in C:\Data\FirstMortgage\BitBucket\voesystem\VOEFrontend\VOESystem.Data\Business\BusinessBase.cs:line 607 System.Net.WebException: The operation has timed out
   at System.Net.HttpWebRequest.GetResponse()
   at VOESystem.Data.Business.BusinessBase.getWebRequestRedirect(String URL) in C:\Data\FirstMortgage\BitBucket\voesystem\VOEFrontend\VOESystem.Data\Business\BusinessBase.cs:line 607
2026-05-28 07:40:12.7269 INFO Retrying Redirect URL: The operation has timed out 
2026-05-28 07:41:52.7688 ERROR Error making web redirect request: https://url.usb.m.mimecastprotect.com/s/RidzCjAwnOcYrNRpI7s8UmxqDq?domain=url4970.truv.com 
2026-05-28 07:41:52.8128 ERROR System.Net.WebException: The operation has timed out
   at System.Net.HttpWebRequest.GetResponse()
   at VOESystem.Data.Business.BusinessBase.getWebRequestRedirect(String URL) in C:\Data\FirstMortgage\BitBucket\voesystem\VOEFrontend\VOESystem.Data\Business\BusinessBase.cs:line 607 System.Net.WebException: The operation has timed out
   at System.Net.HttpWebRequest.GetResponse()
   at VOESystem.Data.Business.BusinessBase.getWebRequestRedirect(String URL) in C:\Data\FirstMortgage\BitBucket\voesystem\VOEFrontend\VOESystem.Data\Business\BusinessBase.cs:line 607
2026-05-28 07:41:52.8558 INFO Retrying Redirect URL: The operation has timed out 
2026-05-28 07:43:32.9025 ERROR Error making web redirect request: https://url.usb.m.mimecastprotect.com/s/RidzCjAwnOcYrNRpI7s8UmxqDq?domain=url4970.truv.com 
2026-05-28 07:43:32.9445 ERROR System.Net.WebException: The operation has timed out
   at System.Net.HttpWebRequest.GetResponse()
   at VOESystem.Data.Business.BusinessBase.getWebRequestRedirect(String URL) in C:\Data\FirstMortgage\BitBucket\voesystem\VOEFrontend\VOESystem.Data\Business\BusinessBase.cs:line 607 System.Net.WebException: The operation has timed out
   at System.Net.HttpWebRequest.GetResponse()
   at VOESystem.Data.Business.BusinessBase.getWebRequestRedirect(String URL) in C:\Data\FirstMortgage\BitBucket\voesystem\VOEFrontend\VOESystem.Data\Business\BusinessBase.cs:line 607
2026-05-28 07:43:32.9892 INFO Retrying Redirect URL: The operation has timed out 
2026-05-28 07:43:33.0300 ERROR Error Importing Email: AAkALgAAAAAAHYQDEapmEc2byACqAC-EWg0A-XGp6OdBg0CxQrF5bBnBPAAHIrh_hQAA Rachel L Green, First Home Mortgage would like to verify your income and employment 6:30 AM 
2026-05-28 07:43:33.0688 ERROR System.Exception: Truv Redirect Order URL Not Found
   at VOEBackend.Email.BaseClass.getOrderRequestFromTruvRedirect(IDbConnection dbConn, String emailBody) in T:\Griffin\SVNDev\VOESystem\VOEBackend\VOEBackend.Email\BaseClass.cs:line 298
   at VOEBackend.Email.EmailOps.insertMail(IMailMessage msg) in T:\Griffin\SVNDev\VOESystem\VOEBackend\VOEBackend.Email\EmailOps.cs:line 73 System.Exception: Truv Redirect Order URL Not Found
   at VOEBackend.Email.BaseClass.getOrderRequestFromTruvRedirect(IDbConnection dbConn, String emailBody) in T:\Griffin\SVNDev\VOESystem\VOEBackend\VOEBackend.Email\BaseClass.cs:line 298
   at VOEBackend.Email.EmailOps.insertMail(IMailMessage msg) in T:\Griffin\SVNDev\VOESystem\VOEBackend\VOEBackend.Email\EmailOps.cs:line 73
2026-05-28 07:43:33.1275 INFO Getting message voe@firsthome.com: AAkALgAAAAAAHYQDEapmEc2byACqAC-EWg0A-XGp6OdBg0CxQrF5bBnBPAAHIrh8kQAA 
2026-05-28 07:43:33.3415 INFO Getting message HTML voe@firsthome.com: AAkALgAAAAAAHYQDEapmEc2byACqAC-EWg0A-XGp6OdBg0CxQrF5bBnBPAAHIrh8kQAA 
2026-05-28 07:43:33.3735 INFO Getting message voe@firsthome.com: AAkALgAAAAAAHYQDEapmEc2byACqAC-EWg0A-XGp6OdBg0CxQrF5bBnBPAAHIrh8kQAA 
2026-05-28 07:45:13.6544 ERROR Error making web redirect request: https://url.usb.m.mimecastprotect.com/s/BaAyCA8Lm9fZQ4w8TYsAUGJ_84?domain=url4970.truv.com 
2026-05-28 07:45:13.6970 ERROR System.Net.WebException: The operation has timed out
   at System.Net.HttpWebRequest.GetResponse()
   at VOESystem.Data.Business.BusinessBase.getWebRequestRedirect(String URL) in C:\Data\FirstMortgage\BitBucket\voesystem\VOEFrontend\VOESystem.Data\Business\BusinessBase.cs:line 607 System.Net.WebException: The operation has timed out
   at System.Net.HttpWebRequest.GetResponse()
   at VOESystem.Data.Business.BusinessBase.getWebRequestRedirect(String URL) in C:\Data\FirstMortgage\BitBucket\voesystem\VOEFrontend\VOESystem.Data\Business\BusinessBase.cs:line 607
2026-05-28 07:45:13.7400 INFO Retrying Redirect URL: The operation has timed out 
2026-05-28 07:46:53.8426 ERROR Error making web redirect request: https://url.usb.m.mimecastprotect.com/s/BaAyCA8Lm9fZQ4w8TYsAUGJ_84?domain=url4970.truv.com 
2026-05-28 07:46:53.8836 ERROR System.Net.WebException: The operation has timed out
   at System.Net.HttpWebRequest.GetResponse()
   at VOESystem.Data.Business.BusinessBase.getWebRequestRedirect(String URL) in C:\Data\FirstMortgage\BitBucket\voesystem\VOEFrontend\VOESystem.Data\Business\BusinessBase.cs:line 607 System.Net.WebException: The operation has timed out
   at System.Net.HttpWebRequest.GetResponse()
   at VOESystem.Data.Business.BusinessBase.getWebRequestRedirect(String URL) in C:\Data\FirstMortgage\BitBucket\voesystem\VOEFrontend\VOESystem.Data\Business\BusinessBase.cs:line 607
2026-05-28 07:46:53.9256 INFO Retrying Redirect URL: The operation has timed out 
2026-05-28 07:48:33.9716 ERROR Error making web redirect request: https://url.usb.m.mimecastprotect.com/s/BaAyCA8Lm9fZQ4w8TYsAUGJ_84?domain=url4970.truv.com 
2026-05-28 07:48:34.0166 ERROR System.Net.WebException: The operation has timed out
   at System.Net.HttpWebRequest.GetResponse()
   at VOESystem.Data.Business.BusinessBase.getWebRequestRedirect(String URL) in C:\Data\FirstMortgage\BitBucket\voesystem\VOEFrontend\VOESystem.Data\Business\BusinessBase.cs:line 607 System.Net.WebException: The operation has timed out
   at System.Net.HttpWebRequest.GetResponse()
   at VOESystem.Data.Business.BusinessBase.getWebRequestRedirect(String URL) in C:\Data\FirstMortgage\BitBucket\voesystem\VOEFrontend\VOESystem.Data\Business\BusinessBase.cs:line 607
2026-05-28 07:48:34.0585 INFO Retrying Redirect URL: The operation has timed out 
2026-05-28 07:48:34.0986 ERROR Error Importing Email: AAkALgAAAAAAHYQDEapmEc2byACqAC-EWg0A-XGp6OdBg0CxQrF5bBnBPAAHIrh8kQAA Robert Ndong, First Home Mortgage would like to verify your income and employment 5:50 AM 
2026-05-28 07:48:34.1305 ERROR System.Exception: Truv Redirect Order URL Not Found
   at VOEBackend.Email.BaseClass.getOrderRequestFromTruvRedirect(IDbConnection dbConn, String emailBody) in T:\Griffin\SVNDev\VOESystem\VOEBackend\VOEBackend.Email\BaseClass.cs:line 298
   at VOEBackend.Email.EmailOps.insertMail(IMailMessage msg) in T:\Griffin\SVNDev\VOESystem\VOEBackend\VOEBackend.Email\EmailOps.cs:line 73 System.Exception: Truv Redirect Order URL Not Found
   at VOEBackend.Email.BaseClass.getOrderRequestFromTruvRedirect(IDbConnection dbConn, String emailBody) in T:\Griffin\SVNDev\VOESystem\VOEBackend\VOEBackend.Email\BaseClass.cs:line 298
   at VOEBackend.Email.EmailOps.insertMail(IMailMessage msg) in T:\Griffin\SVNDev\VOESystem\VOEBackend\VOEBackend.Email\EmailOps.cs:line 73
2026-05-28 07:48:34.1715 INFO Getting message voe@firsthome.com: AAkALgAAAAAAHYQDEapmEc2byACqAC-EWg0A-XGp6OdBg0CxQrF5bBnBPAAHIrh6rAAA 
2026-05-28 07:48:34.3666 INFO Getting message HTML voe@firsthome.com: AAkALgAAAAAAHYQDEapmEc2byACqAC-EWg0A-XGp6OdBg0CxQrF5bBnBPAAHIrh6rAAA 
2026-05-28 07:48:34.4045 INFO Getting message voe@firsthome.com: AAkALgAAAAAAHYQDEapmEc2byACqAC-EWg0A-XGp6OdBg0CxQrF5bBnBPAAHIrh6rAAA 
2026-05-28 07:50:14.7344 ERROR Error making web redirect request: https://url.usb.m.mimecastprotect.com/s/XhMtC3Yq9KHXkqE0HDsyUQGaZh?domain=url4970.truv.com 
2026-05-28 07:50:14.7744 ERROR System.Net.WebException: The operation has timed out
   at System.Net.HttpWebRequest.GetResponse()
   at VOESystem.Data.Business.BusinessBase.getWebRequestRedirect(String URL) in C:\Data\FirstMortgage\BitBucket\voesystem\VOEFrontend\VOESystem.Data\Business\BusinessBase.cs:line 607 System.Net.WebException: The operation has timed out
   at System.Net.HttpWebRequest.GetResponse()
   at VOESystem.Data.Business.BusinessBase.getWebRequestRedirect(String URL) in C:\Data\FirstMortgage\BitBucket\voesystem\VOEFrontend\VOESystem.Data\Business\BusinessBase.cs:line 607
2026-05-28 07:50:14.8244 INFO Retrying Redirect URL: The operation has timed out 
2026-05-28 07:51:54.8734 ERROR Error making web redirect request: https://url.usb.m.mimecastprotect.com/s/XhMtC3Yq9KHXkqE0HDsyUQGaZh?domain=url4970.truv.com 
2026-05-28 07:51:54.9224 ERROR System.Net.WebException: The operation has timed out
   at System.Net.HttpWebRequest.GetResponse()
   at VOESystem.Data.Business.BusinessBase.getWebRequestRedirect(String URL) in C:\Data\FirstMortgage\BitBucket\voesystem\VOEFrontend\VOESystem.Data\Business\BusinessBase.cs:line 607 System.Net.WebException: The operation has timed out
   at System.Net.HttpWebRequest.GetResponse()
   at VOESystem.Data.Business.BusinessBase.getWebRequestRedirect(String URL) in C:\Data\FirstMortgage\BitBucket\voesystem\VOEFrontend\VOESystem.Data\Business\BusinessBase.cs:line 607
2026-05-28 07:51:54.9714 INFO Retrying Redirect URL: The operation has timed out 
2026-05-28 07:53:35.0224 ERROR Error making web redirect request: https://url.usb.m.mimecastprotect.com/s/XhMtC3Yq9KHXkqE0HDsyUQGaZh?domain=url4970.truv.com 
2026-05-28 07:53:35.0684 ERROR System.Net.WebException: The operation has timed out
   at System.Net.HttpWebRequest.GetResponse()
   at VOESystem.Data.Business.BusinessBase.getWebRequestRedirect(String URL) in C:\Data\FirstMortgage\BitBucket\voesystem\VOEFrontend\VOESystem.Data\Business\BusinessBase.cs:line 607 System.Net.WebException: The operation has timed out
   at System.Net.HttpWebRequest.GetResponse()
   at VOESystem.Data.Business.BusinessBase.getWebRequestRedirect(String URL) in C:\Data\FirstMortgage\BitBucket\voesystem\VOEFrontend\VOESystem.Data\Business\BusinessBase.cs:line 607
2026-05-28 07:53:35.1124 INFO Retrying Redirect URL: The operation has timed out 
2026-05-28 07:53:35.1534 ERROR Error Importing Email: AAkALgAAAAAAHYQDEapmEc2byACqAC-EWg0A-XGp6OdBg0CxQrF5bBnBPAAHIrh6rAAA Patrick A Little, First Home Mortgage would like to verify your income and employment 4:30 AM 
2026-05-28 07:53:35.1864 ERROR System.Exception: Truv Redirect Order URL Not Found
   at VOEBackend.Email.BaseClass.getOrderRequestFromTruvRedirect(IDbConnection dbConn, String emailBody) in T:\Griffin\SVNDev\VOESystem\VOEBackend\VOEBackend.Email\BaseClass.cs:line 298
   at VOEBackend.Email.EmailOps.insertMail(IMailMessage msg) in T:\Griffin\SVNDev\VOESystem\VOEBackend\VOEBackend.Email\EmailOps.cs:line 73 System.Exception: Truv Redirect Order URL Not Found
   at VOEBackend.Email.BaseClass.getOrderRequestFromTruvRedirect(IDbConnection dbConn, String emailBody) in T:\Griffin\SVNDev\VOESystem\VOEBackend\VOEBackend.Email\BaseClass.cs:line 298
   at VOEBackend.Email.EmailOps.insertMail(IMailMessage msg) in T:\Griffin\SVNDev\VOESystem\VOEBackend\VOEBackend.Email\EmailOps.cs:line 73
2026-05-28 07:53:35.2274 INFO Getting message voe@firsthome.com: AAkALgAAAAAAHYQDEapmEc2byACqAC-EWg0A-XGp6OdBg0CxQrF5bBnBPAAHIrh6qQAA 
2026-05-28 07:53:35.4544 INFO Getting message HTML voe@firsthome.com: AAkALgAAAAAAHYQDEapmEc2byACqAC-EWg0A-XGp6OdBg0CxQrF5bBnBPAAHIrh6qQAA 
2026-05-28 07:53:35.4874 INFO Getting message voe@firsthome.com: AAkALgAAAAAAHYQDEapmEc2byACqAC-EWg0A-XGp6OdBg0CxQrF5bBnBPAAHIrh6qQAA 
2026-05-28 07:55:15.7873 ERROR Error making web redirect request: https://url.usb.m.mimecastprotect.com/s/ktrZC5AvW1cMJEDvU2sNUkxSqG?domain=url4970.truv.com 
2026-05-28 07:55:15.8280 ERROR System.Net.WebException: The operation has timed out
   at System.Net.HttpWebRequest.GetResponse()
   at VOESystem.Data.Business.BusinessBase.getWebRequestRedirect(String URL) in C:\Data\FirstMortgage\BitBucket\voesystem\VOEFrontend\VOESystem.Data\Business\BusinessBase.cs:line 607 System.Net.WebException: The operation has timed out
   at System.Net.HttpWebRequest.GetResponse()
   at VOESystem.Data.Business.BusinessBase.getWebRequestRedirect(String URL) in C:\Data\FirstMortgage\BitBucket\voesystem\VOEFrontend\VOESystem.Data\Business\BusinessBase.cs:line 607
2026-05-28 07:55:15.8723 INFO Retrying Redirect URL: The operation has timed out 
2026-05-28 07:56:55.9218 ERROR Error making web redirect request: https://url.usb.m.mimecastprotect.com/s/ktrZC5AvW1cMJEDvU2sNUkxSqG?domain=url4970.truv.com 
2026-05-28 07:56:55.9658 ERROR System.Net.WebException: The operation has timed out
   at System.Net.HttpWebRequest.GetResponse()
   at VOESystem.Data.Business.BusinessBase.getWebRequestRedirect(String URL) in C:\Data\FirstMortgage\BitBucket\voesystem\VOEFrontend\VOESystem.Data\Business\BusinessBase.cs:line 607 System.Net.WebException: The operation has timed out
   at System.Net.HttpWebRequest.GetResponse()
   at VOESystem.Data.Business.BusinessBase.getWebRequestRedirect(String URL) in C:\Data\FirstMortgage\BitBucket\voesystem\VOEFrontend\VOESystem.Data\Business\BusinessBase.cs:line 607
2026-05-28 07:56:56.0078 INFO Retrying Redirect URL: The operation has timed out 
2026-05-28 07:58:36.0601 ERROR Error making web redirect request: https://url.usb.m.mimecastprotect.com/s/ktrZC5AvW1cMJEDvU2sNUkxSqG?domain=url4970.truv.com 
2026-05-28 07:58:36.1021 ERROR System.Net.WebException: The operation has timed out
   at System.Net.HttpWebRequest.GetResponse()
   at VOESystem.Data.Business.BusinessBase.getWebRequestRedirect(String URL) in C:\Data\FirstMortgage\BitBucket\voesystem\VOEFrontend\VOESystem.Data\Business\BusinessBase.cs:line 607 System.Net.WebException: The operation has timed out
   at System.Net.HttpWebRequest.GetResponse()
   at VOESystem.Data.Business.BusinessBase.getWebRequestRedirect(String URL) in C:\Data\FirstMortgage\BitBucket\voesystem\VOEFrontend\VOESystem.Data\Business\BusinessBase.cs:line 607
2026-05-28 07:58:36.1531 INFO Retrying Redirect URL: The operation has timed out 
2026-05-28 07:58:36.2051 ERROR Error Importing Email: AAkALgAAAAAAHYQDEapmEc2byACqAC-EWg0A-XGp6OdBg0CxQrF5bBnBPAAHIrh6qQAA Tanisha Gill, First Home Mortgage would like to verify your income and employment 4:30 AM 
2026-05-28 07:58:36.2621 ERROR System.Exception: Truv Redirect Order URL Not Found
   at VOEBackend.Email.BaseClass.getOrderRequestFromTruvRedirect(IDbConnection dbConn, String emailBody) in T:\Griffin\SVNDev\VOESystem\VOEBackend\VOEBackend.Email\BaseClass.cs:line 298
   at VOEBackend.Email.EmailOps.insertMail(IMailMessage msg) in T:\Griffin\SVNDev\VOESystem\VOEBackend\VOEBackend.Email\EmailOps.cs:line 73 System.Exception: Truv Redirect Order URL Not Found
   at VOEBackend.Email.BaseClass.getOrderRequestFromTruvRedirect(IDbConnection dbConn, String emailBody) in T:\Griffin\SVNDev\VOESystem\VOEBackend\VOEBackend.Email\BaseClass.cs:line 298
   at VOEBackend.Email.EmailOps.insertMail(IMailMessage msg) in T:\Griffin\SVNDev\VOESystem\VOEBackend\VOEBackend.Email\EmailOps.cs:line 73
2026-05-28 07:58:36.3114 INFO Getting message voe@firsthome.com: AAkALgAAAAAAHYQDEapmEc2byACqAC-EWg0A-XGp6OdBg0CxQrF5bBnBPAAHIrh6pQAA 
2026-05-28 07:58:36.5185 INFO Getting message HTML voe@firsthome.com: AAkALgAAAAAAHYQDEapmEc2byACqAC-EWg0A-XGp6OdBg0CxQrF5bBnBPAAHIrh6pQAA 
2026-05-28 07:58:36.5521 INFO Getting message voe@firsthome.com: AAkALgAAAAAAHYQDEapmEc2byACqAC-EWg0A-XGp6OdBg0CxQrF5bBnBPAAHIrh6pQAA 
2026-05-28 08:00:16.8399 ERROR Error making web redirect request: https://url.usb.m.mimecastprotect.com/s/mUmKCLApP5ckWKZkimskUyXtVs?domain=url4970.truv.com 
2026-05-28 08:00:16.8849 ERROR System.Net.WebException: The operation has timed out
   at System.Net.HttpWebRequest.GetResponse()
   at VOESystem.Data.Business.BusinessBase.getWebRequestRedirect(String URL) in C:\Data\FirstMortgage\BitBucket\voesystem\VOEFrontend\VOESystem.Data\Business\BusinessBase.cs:line 607 System.Net.WebException: The operation has timed out
   at System.Net.HttpWebRequest.GetResponse()
   at VOESystem.Data.Business.BusinessBase.getWebRequestRedirect(String URL) in C:\Data\FirstMortgage\BitBucket\voesystem\VOEFrontend\VOESystem.Data\Business\BusinessBase.cs:line 607
2026-05-28 08:00:16.9399 INFO Retrying Redirect URL: The operation has timed out 
2026-05-28 08:01:57.0021 ERROR Error making web redirect request: https://url.usb.m.mimecastprotect.com/s/mUmKCLApP5ckWKZkimskUyXtVs?domain=url4970.truv.com 
2026-05-28 08:01:57.0411 ERROR System.Net.WebException: The operation has timed out
   at System.Net.HttpWebRequest.GetResponse()
   at VOESystem.Data.Business.BusinessBase.getWebRequestRedirect(String URL) in C:\Data\FirstMortgage\BitBucket\voesystem\VOEFrontend\VOESystem.Data\Business\BusinessBase.cs:line 607 System.Net.WebException: The operation has timed out
   at System.Net.HttpWebRequest.GetResponse()
   at VOESystem.Data.Business.BusinessBase.getWebRequestRedirect(String URL) in C:\Data\FirstMortgage\BitBucket\voesystem\VOEFrontend\VOESystem.Data\Business\BusinessBase.cs:line 607
2026-05-28 08:01:57.0841 INFO Retrying Redirect URL: The operation has timed out 
2026-05-28 08:03:37.1429 ERROR Error making web redirect request: https://url.usb.m.mimecastprotect.com/s/mUmKCLApP5ckWKZkimskUyXtVs?domain=url4970.truv.com 
2026-05-28 08:03:37.1859 ERROR System.Net.WebException: The operation has timed out
   at System.Net.HttpWebRequest.GetResponse()
   at VOESystem.Data.Business.BusinessBase.getWebRequestRedirect(String URL) in C:\Data\FirstMortgage\BitBucket\voesystem\VOEFrontend\VOESystem.Data\Business\BusinessBase.cs:line 607 System.Net.WebException: The operation has timed out
   at System.Net.HttpWebRequest.GetResponse()
   at VOESystem.Data.Business.BusinessBase.getWebRequestRedirect(String URL) in C:\Data\FirstMortgage\BitBucket\voesystem\VOEFrontend\VOESystem.Data\Business\BusinessBase.cs:line 607
2026-05-28 08:03:37.2323 INFO Retrying Redirect URL: The operation has timed out 
2026-05-28 08:03:37.2749 ERROR Error Importing Email: AAkALgAAAAAAHYQDEapmEc2byACqAC-EWg0A-XGp6OdBg0CxQrF5bBnBPAAHIrh6pQAA Christine M Micheel, First Home Mortgage would like to verify your income and employment 4:25 AM 
2026-05-28 08:03:37.3079 ERROR System.Exception: Truv Redirect Order URL Not Found
   at VOEBackend.Email.BaseClass.getOrderRequestFromTruvRedirect(IDbConnection dbConn, String emailBody) in T:\Griffin\SVNDev\VOESystem\VOEBackend\VOEBackend.Email\BaseClass.cs:line 298
   at VOEBackend.Email.EmailOps.insertMail(IMailMessage msg) in T:\Griffin\SVNDev\VOESystem\VOEBackend\VOEBackend.Email\EmailOps.cs:line 73 System.Exception: Truv Redirect Order URL Not Found
   at VOEBackend.Email.BaseClass.getOrderRequestFromTruvRedirect(IDbConnection dbConn, String emailBody) in T:\Griffin\SVNDev\VOESystem\VOEBackend\VOEBackend.Email\BaseClass.cs:line 298
   at VOEBackend.Email.EmailOps.insertMail(IMailMessage msg) in T:\Griffin\SVNDev\VOESystem\VOEBackend\VOEBackend.Email\EmailOps.cs:line 73
2026-05-28 08:03:37.3499 INFO Getting message voe@firsthome.com: AAkALgAAAAAAHYQDEapmEc2byACqAC-EWg0A-XGp6OdBg0CxQrF5bBnBPAAHIrh6oQAA 
2026-05-28 08:03:37.6922 INFO Getting message HTML voe@firsthome.com: AAkALgAAAAAAHYQDEapmEc2byACqAC-EWg0A-XGp6OdBg0CxQrF5bBnBPAAHIrh6oQAA 
2026-05-28 08:03:37.7262 INFO Getting message voe@firsthome.com: AAkALgAAAAAAHYQDEapmEc2byACqAC-EWg0A-XGp6OdBg0CxQrF5bBnBPAAHIrh6oQAA 
2026-05-28 08:05:18.0595 ERROR Error making web redirect request: https://url.usb.m.mimecastprotect.com/s/NtWHCP6wY5H0wWkNIjsgUxjbFr?domain=url4970.truv.com 
2026-05-28 08:05:18.0995 ERROR System.Net.WebException: The operation has timed out
   at System.Net.HttpWebRequest.GetResponse()
   at VOESystem.Data.Business.BusinessBase.getWebRequestRedirect(String URL) in C:\Data\FirstMortgage\BitBucket\voesystem\VOEFrontend\VOESystem.Data\Business\BusinessBase.cs:line 607 System.Net.WebException: The operation has timed out
   at System.Net.HttpWebRequest.GetResponse()
   at VOESystem.Data.Business.BusinessBase.getWebRequestRedirect(String URL) in C:\Data\FirstMortgage\BitBucket\voesystem\VOEFrontend\VOESystem.Data\Business\BusinessBase.cs:line 607
2026-05-28 08:05:18.1525 INFO Retrying Redirect URL: The operation has timed out 
2026-05-28 08:06:58.2099 ERROR Error making web redirect request: https://url.usb.m.mimecastprotect.com/s/NtWHCP6wY5H0wWkNIjsgUxjbFr?domain=url4970.truv.com 
2026-05-28 08:06:58.2669 ERROR System.Net.WebException: The operation has timed out
   at System.Net.HttpWebRequest.GetResponse()
   at VOESystem.Data.Business.BusinessBase.getWebRequestRedirect(String URL) in C:\Data\FirstMortgage\BitBucket\voesystem\VOEFrontend\VOESystem.Data\Business\BusinessBase.cs:line 607 System.Net.WebException: The operation has timed out
   at System.Net.HttpWebRequest.GetResponse()
   at VOESystem.Data.Business.BusinessBase.getWebRequestRedirect(String URL) in C:\Data\FirstMortgage\BitBucket\voesystem\VOEFrontend\VOESystem.Data\Business\BusinessBase.cs:line 607
2026-05-28 08:06:58.3164 INFO Retrying Redirect URL: The operation has timed out 
2026-05-28 08:08:38.3671 ERROR Error making web redirect request: https://url.usb.m.mimecastprotect.com/s/NtWHCP6wY5H0wWkNIjsgUxjbFr?domain=url4970.truv.com 
2026-05-28 08:08:38.4054 ERROR System.Net.WebException: The operation has timed out
   at System.Net.HttpWebRequest.GetResponse()
   at VOESystem.Data.Business.BusinessBase.getWebRequestRedirect(String URL) in C:\Data\FirstMortgage\BitBucket\voesystem\VOEFrontend\VOESystem.Data\Business\BusinessBase.cs:line 607 System.Net.WebException: The operation has timed out
   at System.Net.HttpWebRequest.GetResponse()
   at VOESystem.Data.Business.BusinessBase.getWebRequestRedirect(String URL) in C:\Data\FirstMortgage\BitBucket\voesystem\VOEFrontend\VOESystem.Data\Business\BusinessBase.cs:line 607
2026-05-28 08:08:38.4505 INFO Retrying Redirect URL: The operation has timed out 
2026-05-28 08:08:38.4936 ERROR Error Importing Email: AAkALgAAAAAAHYQDEapmEc2byACqAC-EWg0A-XGp6OdBg0CxQrF5bBnBPAAHIrh6oQAA Marina Khalid, First Home Mortgage would like to verify your income and employment 4:25 AM 
2026-05-28 08:08:38.5266 ERROR System.Exception: Truv Redirect Order URL Not Found
   at VOEBackend.Email.BaseClass.getOrderRequestFromTruvRedirect(IDbConnection dbConn, String emailBody) in T:\Griffin\SVNDev\VOESystem\VOEBackend\VOEBackend.Email\BaseClass.cs:line 298
   at VOEBackend.Email.EmailOps.insertMail(IMailMessage msg) in T:\Griffin\SVNDev\VOESystem\VOEBackend\VOEBackend.Email\EmailOps.cs:line 73 System.Exception: Truv Redirect Order URL Not Found
   at VOEBackend.Email.BaseClass.getOrderRequestFromTruvRedirect(IDbConnection dbConn, String emailBody) in T:\Griffin\SVNDev\VOESystem\VOEBackend\VOEBackend.Email\BaseClass.cs:line 298
   at VOEBackend.Email.EmailOps.insertMail(IMailMessage msg) in T:\Griffin\SVNDev\VOESystem\VOEBackend\VOEBackend.Email\EmailOps.cs:line 73
2026-05-28 08:08:38.5731 INFO Getting message voe@firsthome.com: AAkALgAAAAAAHYQDEapmEc2byACqAC-EWg0A-XGp6OdBg0CxQrF5bBnBPAAHIrh6nQAA 
2026-05-28 08:08:38.9208 INFO Getting message HTML voe@firsthome.com: AAkALgAAAAAAHYQDEapmEc2byACqAC-EWg0A-XGp6OdBg0CxQrF5bBnBPAAHIrh6nQAA 
2026-05-28 08:08:38.9585 INFO Getting message voe@firsthome.com: AAkALgAAAAAAHYQDEapmEc2byACqAC-EWg0A-XGp6OdBg0CxQrF5bBnBPAAHIrh6nQAA 
2026-05-28 08:10:19.2279 ERROR Error making web redirect request: https://url.usb.m.mimecastprotect.com/s/jC2rCN7r85hZW7GMfRszUyjab5?domain=url4970.truv.com 
2026-05-28 08:10:19.2761 ERROR System.Net.WebException: The operation has timed out
   at System.Net.HttpWebRequest.GetResponse()
   at VOESystem.Data.Business.BusinessBase.getWebRequestRedirect(String URL) in C:\Data\FirstMortgage\BitBucket\voesystem\VOEFrontend\VOESystem.Data\Business\BusinessBase.cs:line 607 System.Net.WebException: The operation has timed out
   at System.Net.HttpWebRequest.GetResponse()
   at VOESystem.Data.Business.BusinessBase.getWebRequestRedirect(String URL) in C:\Data\FirstMortgage\BitBucket\voesystem\VOEFrontend\VOESystem.Data\Business\BusinessBase.cs:line 607
2026-05-28 08:10:19.3248 INFO Retrying Redirect URL: The operation has timed out 
2026-05-28 08:11:59.3803 ERROR Error making web redirect request: https://url.usb.m.mimecastprotect.com/s/jC2rCN7r85hZW7GMfRszUyjab5?domain=url4970.truv.com 
2026-05-28 08:11:59.4213 ERROR System.Net.WebException: The operation has timed out
   at System.Net.HttpWebRequest.GetResponse()
   at VOESystem.Data.Business.BusinessBase.getWebRequestRedirect(String URL) in C:\Data\FirstMortgage\BitBucket\voesystem\VOEFrontend\VOESystem.Data\Business\BusinessBase.cs:line 607 System.Net.WebException: The operation has timed out
   at System.Net.HttpWebRequest.GetResponse()
   at VOESystem.Data.Business.BusinessBase.getWebRequestRedirect(String URL) in C:\Data\FirstMortgage\BitBucket\voesystem\VOEFrontend\VOESystem.Data\Business\BusinessBase.cs:line 607
2026-05-28 08:11:59.4664 INFO Retrying Redirect URL: The operation has timed out 
2026-05-28 08:13:39.5237 ERROR Error making web redirect request: https://url.usb.m.mimecastprotect.com/s/jC2rCN7r85hZW7GMfRszUyjab5?domain=url4970.truv.com 
2026-05-28 08:13:39.5607 ERROR System.Net.WebException: The operation has timed out
   at System.Net.HttpWebRequest.GetResponse()
   at VOESystem.Data.Business.BusinessBase.getWebRequestRedirect(String URL) in C:\Data\FirstMortgage\BitBucket\voesystem\VOEFrontend\VOESystem.Data\Business\BusinessBase.cs:line 607 System.Net.WebException: The operation has timed out
   at System.Net.HttpWebRequest.GetResponse()
   at VOESystem.Data.Business.BusinessBase.getWebRequestRedirect(String URL) in C:\Data\FirstMortgage\BitBucket\voesystem\VOEFrontend\VOESystem.Data\Business\BusinessBase.cs:line 607
2026-05-28 08:13:39.6027 INFO Retrying Redirect URL: The operation has timed out 
2026-05-28 08:13:39.6439 ERROR Error Importing Email: AAkALgAAAAAAHYQDEapmEc2byACqAC-EWg0A-XGp6OdBg0CxQrF5bBnBPAAHIrh6nQAA Charlotte Hamilton, First Home Mortgage would like to verify your income and employment 4:25 AM 
2026-05-28 08:13:39.6769 ERROR System.Exception: Truv Redirect Order URL Not Found
   at VOEBackend.Email.BaseClass.getOrderRequestFromTruvRedirect(IDbConnection dbConn, String emailBody) in T:\Griffin\SVNDev\VOESystem\VOEBackend\VOEBackend.Email\BaseClass.cs:line 298
   at VOEBackend.Email.EmailOps.insertMail(IMailMessage msg) in T:\Griffin\SVNDev\VOESystem\VOEBackend\VOEBackend.Email\EmailOps.cs:line 73 System.Exception: Truv Redirect Order URL Not Found
   at VOEBackend.Email.BaseClass.getOrderRequestFromTruvRedirect(IDbConnection dbConn, String emailBody) in T:\Griffin\SVNDev\VOESystem\VOEBackend\VOEBackend.Email\BaseClass.cs:line 298
   at VOEBackend.Email.EmailOps.insertMail(IMailMessage msg) in T:\Griffin\SVNDev\VOESystem\VOEBackend\VOEBackend.Email\EmailOps.cs:line 73
2026-05-28 08:13:39.7179 INFO Getting message voe@firsthome.com: AAkALgAAAAAAHYQDEapmEc2byACqAC-EWg0A-XGp6OdBg0CxQrF5bBnBPAAHIrh4qQAA 
2026-05-28 08:13:40.1302 INFO Getting message HTML voe@firsthome.com: AAkALgAAAAAAHYQDEapmEc2byACqAC-EWg0A-XGp6OdBg0CxQrF5bBnBPAAHIrh4qQAA 
2026-05-28 08:13:40.1622 INFO Getting message voe@firsthome.com: AAkALgAAAAAAHYQDEapmEc2byACqAC-EWg0A-XGp6OdBg0CxQrF5bBnBPAAHIrh4qQAA 
2026-05-28 08:15:20.6163 ERROR Error making web redirect request: https://url.usb.m.mimecastprotect.com/s/i2toCJEnP7tBJZDqfLsoUyuFyd?domain=url4970.truv.com 
2026-05-28 08:15:20.6556 ERROR System.Net.WebException: The operation has timed out
   at System.Net.HttpWebRequest.GetResponse()
   at VOESystem.Data.Business.BusinessBase.getWebRequestRedirect(String URL) in C:\Data\FirstMortgage\BitBucket\voesystem\VOEFrontend\VOESystem.Data\Business\BusinessBase.cs:line 607 System.Net.WebException: The operation has timed out
   at System.Net.HttpWebRequest.GetResponse()
   at VOESystem.Data.Business.BusinessBase.getWebRequestRedirect(String URL) in C:\Data\FirstMortgage\BitBucket\voesystem\VOEFrontend\VOESystem.Data\Business\BusinessBase.cs:line 607
2026-05-28 08:15:20.6979 INFO Retrying Redirect URL: The operation has timed out 
2026-05-28 08:17:00.7487 ERROR Error making web redirect request: https://url.usb.m.mimecastprotect.com/s/i2toCJEnP7tBJZDqfLsoUyuFyd?domain=url4970.truv.com 
2026-05-28 08:17:00.7852 ERROR System.Net.WebException: The operation has timed out
   at System.Net.HttpWebRequest.GetResponse()
   at VOESystem.Data.Business.BusinessBase.getWebRequestRedirect(String URL) in C:\Data\FirstMortgage\BitBucket\voesystem\VOEFrontend\VOESystem.Data\Business\BusinessBase.cs:line 607 System.Net.WebException: The operation has timed out
   at System.Net.HttpWebRequest.GetResponse()
   at VOESystem.Data.Business.BusinessBase.getWebRequestRedirect(String URL) in C:\Data\FirstMortgage\BitBucket\voesystem\VOEFrontend\VOESystem.Data\Business\BusinessBase.cs:line 607
2026-05-28 08:17:00.8282 INFO Retrying Redirect URL: The operation has timed out 
2026-05-28 08:18:40.8699 ERROR Error making web redirect request: https://url.usb.m.mimecastprotect.com/s/i2toCJEnP7tBJZDqfLsoUyuFyd?domain=url4970.truv.com 
2026-05-28 08:18:40.9145 ERROR System.Net.WebException: The operation has timed out
   at System.Net.HttpWebRequest.GetResponse()
   at VOESystem.Data.Business.BusinessBase.getWebRequestRedirect(String URL) in C:\Data\FirstMortgage\BitBucket\voesystem\VOEFrontend\VOESystem.Data\Business\BusinessBase.cs:line 607 System.Net.WebException: The operation has timed out
   at System.Net.HttpWebRequest.GetResponse()
   at VOESystem.Data.Business.BusinessBase.getWebRequestRedirect(String URL) in C:\Data\FirstMortgage\BitBucket\voesystem\VOEFrontend\VOESystem.Data\Business\BusinessBase.cs:line 607
2026-05-28 08:18:40.9737 INFO Retrying Redirect URL: The operation has timed out 
2026-05-28 08:18:41.0160 ERROR Error Importing Email: AAkALgAAAAAAHYQDEapmEc2byACqAC-EWg0A-XGp6OdBg0CxQrF5bBnBPAAHIrh4qQAA Arik Dashevsky, First Home Mortgage would like to verify your income and employment 4:20 AM 
2026-05-28 08:18:41.0521 ERROR System.Exception: Truv Redirect Order URL Not Found
   at VOEBackend.Email.BaseClass.getOrderRequestFromTruvRedirect(IDbConnection dbConn, String emailBody) in T:\Griffin\SVNDev\VOESystem\VOEBackend\VOEBackend.Email\BaseClass.cs:line 298
   at VOEBackend.Email.EmailOps.insertMail(IMailMessage msg) in T:\Griffin\SVNDev\VOESystem\VOEBackend\VOEBackend.Email\EmailOps.cs:line 73 System.Exception: Truv Redirect Order URL Not Found
   at VOEBackend.Email.BaseClass.getOrderRequestFromTruvRedirect(IDbConnection dbConn, String emailBody) in T:\Griffin\SVNDev\VOESystem\VOEBackend\VOEBackend.Email\BaseClass.cs:line 298
   at VOEBackend.Email.EmailOps.insertMail(IMailMessage msg) in T:\Griffin\SVNDev\VOESystem\VOEBackend\VOEBackend.Email\EmailOps.cs:line 73
2026-05-28 08:18:41.0986 INFO Getting message voe@firsthome.com: AAkALgAAAAAAHYQDEapmEc2byACqAC-EWg0A-XGp6OdBg0CxQrF5bBnBPAAHIrh0xQAA 
2026-05-28 08:18:41.6605 INFO Getting message HTML voe@firsthome.com: AAkALgAAAAAAHYQDEapmEc2byACqAC-EWg0A-XGp6OdBg0CxQrF5bBnBPAAHIrh0xQAA 
2026-05-28 08:18:41.7007 INFO Getting message voe@firsthome.com: AAkALgAAAAAAHYQDEapmEc2byACqAC-EWg0A-XGp6OdBg0CxQrF5bBnBPAAHIrh0xQAA 
2026-05-28 08:20:22.0423 ERROR Error making web redirect request: https://url.usb.m.mimecastprotect.com/s/7ivNCrgGYMSrqEZ1Uys0U4JxsJ?domain=url4970.truv.com 
2026-05-28 08:20:22.0809 ERROR System.Net.WebException: The operation has timed out
   at System.Net.HttpWebRequest.GetResponse()
   at VOESystem.Data.Business.BusinessBase.getWebRequestRedirect(String URL) in C:\Data\FirstMortgage\BitBucket\voesystem\VOEFrontend\VOESystem.Data\Business\BusinessBase.cs:line 607 System.Net.WebException: The operation has timed out
   at System.Net.HttpWebRequest.GetResponse()
   at VOESystem.Data.Business.BusinessBase.getWebRequestRedirect(String URL) in C:\Data\FirstMortgage\BitBucket\voesystem\VOEFrontend\VOESystem.Data\Business\BusinessBase.cs:line 607
2026-05-28 08:20:22.1230 INFO Retrying Redirect URL: The operation has timed out 
2026-05-28 08:22:02.1728 ERROR Error making web redirect request: https://url.usb.m.mimecastprotect.com/s/7ivNCrgGYMSrqEZ1Uys0U4JxsJ?domain=url4970.truv.com 
2026-05-28 08:22:02.2693 ERROR System.Net.WebException: The operation has timed out
   at System.Net.HttpWebRequest.GetResponse()
   at VOESystem.Data.Business.BusinessBase.getWebRequestRedirect(String URL) in C:\Data\FirstMortgage\BitBucket\voesystem\VOEFrontend\VOESystem.Data\Business\BusinessBase.cs:line 607 System.Net.WebException: The operation has timed out
   at System.Net.HttpWebRequest.GetResponse()
   at VOESystem.Data.Business.BusinessBase.getWebRequestRedirect(String URL) in C:\Data\FirstMortgage\BitBucket\voesystem\VOEFrontend\VOESystem.Data\Business\BusinessBase.cs:line 607
2026-05-28 08:22:02.3184 INFO Retrying Redirect URL: The operation has timed out 
2026-05-28 08:23:42.3798 ERROR Error making web redirect request: https://url.usb.m.mimecastprotect.com/s/7ivNCrgGYMSrqEZ1Uys0U4JxsJ?domain=url4970.truv.com 
2026-05-28 08:23:42.4363 ERROR System.Net.WebException: The operation has timed out
   at System.Net.HttpWebRequest.GetResponse()
   at VOESystem.Data.Business.BusinessBase.getWebRequestRedirect(String URL) in C:\Data\FirstMortgage\BitBucket\voesystem\VOEFrontend\VOESystem.Data\Business\BusinessBase.cs:line 607 System.Net.WebException: The operation has timed out
   at System.Net.HttpWebRequest.GetResponse()
   at VOESystem.Data.Business.BusinessBase.getWebRequestRedirect(String URL) in C:\Data\FirstMortgage\BitBucket\voesystem\VOEFrontend\VOESystem.Data\Business\BusinessBase.cs:line 607
2026-05-28 08:23:42.5088 INFO Retrying Redirect URL: The operation has timed out 
2026-05-28 08:23:42.5613 ERROR Error Importing Email: AAkALgAAAAAAHYQDEapmEc2byACqAC-EWg0A-XGp6OdBg0CxQrF5bBnBPAAHIrh0xQAA Nader Barjesteh, First Home Mortgage would like to verify your income and employment 2:00 AM 
2026-05-28 08:23:42.6048 ERROR System.Exception: Truv Redirect Order URL Not Found
   at VOEBackend.Email.BaseClass.getOrderRequestFromTruvRedirect(IDbConnection dbConn, String emailBody) in T:\Griffin\SVNDev\VOESystem\VOEBackend\VOEBackend.Email\BaseClass.cs:line 298
   at VOEBackend.Email.EmailOps.insertMail(IMailMessage msg) in T:\Griffin\SVNDev\VOESystem\VOEBackend\VOEBackend.Email\EmailOps.cs:line 73 System.Exception: Truv Redirect Order URL Not Found
   at VOEBackend.Email.BaseClass.getOrderRequestFromTruvRedirect(IDbConnection dbConn, String emailBody) in T:\Griffin\SVNDev\VOESystem\VOEBackend\VOEBackend.Email\BaseClass.cs:line 298
   at VOEBackend.Email.EmailOps.insertMail(IMailMessage msg) in T:\Griffin\SVNDev\VOESystem\VOEBackend\VOEBackend.Email\EmailOps.cs:line 73
2026-05-28 08:23:42.6569 INFO Getting message voe@firsthome.com: AAkALgAAAAAAHYQDEapmEc2byACqAC-EWg0A-XGp6OdBg0CxQrF5bBnBPAAHIrh0wgAA 
2026-05-28 08:23:42.8389 INFO Getting message HTML voe@firsthome.com: AAkALgAAAAAAHYQDEapmEc2byACqAC-EWg0A-XGp6OdBg0CxQrF5bBnBPAAHIrh0wgAA 
2026-05-28 08:23:42.8925 INFO Getting message voe@firsthome.com: AAkALgAAAAAAHYQDEapmEc2byACqAC-EWg0A-XGp6OdBg0CxQrF5bBnBPAAHIrh0wgAA 
2026-05-28 08:25:23.2186 ERROR Error making web redirect request: https://url.usb.m.mimecastprotect.com/s/GK2ACqAE2Mc1QZNkCEsRUEmXuz?domain=url4970.truv.com 
2026-05-28 08:25:23.2576 ERROR System.Net.WebException: The operation has timed out
   at System.Net.HttpWebRequest.GetResponse()
   at VOESystem.Data.Business.BusinessBase.getWebRequestRedirect(String URL) in C:\Data\FirstMortgage\BitBucket\voesystem\VOEFrontend\VOESystem.Data\Business\BusinessBase.cs:line 607 System.Net.WebException: The operation has timed out
   at System.Net.HttpWebRequest.GetResponse()
   at VOESystem.Data.Business.BusinessBase.getWebRequestRedirect(String URL) in C:\Data\FirstMortgage\BitBucket\voesystem\VOEFrontend\VOESystem.Data\Business\BusinessBase.cs:line 607
2026-05-28 08:25:23.2992 INFO Retrying Redirect URL: The operation has timed out 
2026-05-28 08:27:03.3491 ERROR Error making web redirect request: https://url.usb.m.mimecastprotect.com/s/GK2ACqAE2Mc1QZNkCEsRUEmXuz?domain=url4970.truv.com 
2026-05-28 08:27:03.3971 ERROR System.Net.WebException: The operation has timed out
   at System.Net.HttpWebRequest.GetResponse()
   at VOESystem.Data.Business.BusinessBase.getWebRequestRedirect(String URL) in C:\Data\FirstMortgage\BitBucket\voesystem\VOEFrontend\VOESystem.Data\Business\BusinessBase.cs:line 607 System.Net.WebException: The operation has timed out
   at System.Net.HttpWebRequest.GetResponse()
   at VOESystem.Data.Business.BusinessBase.getWebRequestRedirect(String URL) in C:\Data\FirstMortgage\BitBucket\voesystem\VOEFrontend\VOESystem.Data\Business\BusinessBase.cs:line 607
2026-05-28 08:27:03.4507 INFO Retrying Redirect URL: The operation has timed out 
2026-05-28 08:28:43.4993 ERROR Error making web redirect request: https://url.usb.m.mimecastprotect.com/s/GK2ACqAE2Mc1QZNkCEsRUEmXuz?domain=url4970.truv.com 
2026-05-28 08:28:43.5486 ERROR System.Net.WebException: The operation has timed out
   at System.Net.HttpWebRequest.GetResponse()
   at VOESystem.Data.Business.BusinessBase.getWebRequestRedirect(String URL) in C:\Data\FirstMortgage\BitBucket\voesystem\VOEFrontend\VOESystem.Data\Business\BusinessBase.cs:line 607 System.Net.WebException: The operation has timed out
   at System.Net.HttpWebRequest.GetResponse()
   at VOESystem.Data.Business.BusinessBase.getWebRequestRedirect(String URL) in C:\Data\FirstMortgage\BitBucket\voesystem\VOEFrontend\VOESystem.Data\Business\BusinessBase.cs:line 607
2026-05-28 08:28:43.6001 INFO Retrying Redirect URL: The operation has timed out 
2026-05-28 08:28:43.6516 ERROR Error Importing Email: AAkALgAAAAAAHYQDEapmEc2byACqAC-EWg0A-XGp6OdBg0CxQrF5bBnBPAAHIrh0wgAA Cathleen Flynn, First Home Mortgage would like to verify your income and employment 2:00 AM 
2026-05-28 08:28:43.6911 ERROR System.Exception: Truv Redirect Order URL Not Found
   at VOEBackend.Email.BaseClass.getOrderRequestFromTruvRedirect(IDbConnection dbConn, String emailBody) in T:\Griffin\SVNDev\VOESystem\VOEBackend\VOEBackend.Email\BaseClass.cs:line 298
   at VOEBackend.Email.EmailOps.insertMail(IMailMessage msg) in T:\Griffin\SVNDev\VOESystem\VOEBackend\VOEBackend.Email\EmailOps.cs:line 73 System.Exception: Truv Redirect Order URL Not Found
   at VOEBackend.Email.BaseClass.getOrderRequestFromTruvRedirect(IDbConnection dbConn, String emailBody) in T:\Griffin\SVNDev\VOESystem\VOEBackend\VOEBackend.Email\BaseClass.cs:line 298
   at VOEBackend.Email.EmailOps.insertMail(IMailMessage msg) in T:\Griffin\SVNDev\VOESystem\VOEBackend\VOEBackend.Email\EmailOps.cs:line 73
2026-05-28 08:28:43.7711 INFO Getting message voe@firsthome.com: AAkALgAAAAAAHYQDEapmEc2byACqAC-EWg0A-XGp6OdBg0CxQrF5bBnBPAAHIrhyzwAA 
2026-05-28 08:28:43.9697 INFO Getting message HTML voe@firsthome.com: AAkALgAAAAAAHYQDEapmEc2byACqAC-EWg0A-XGp6OdBg0CxQrF5bBnBPAAHIrhyzwAA 
2026-05-28 08:28:44.0047 INFO Getting message voe@firsthome.com: AAkALgAAAAAAHYQDEapmEc2byACqAC-EWg0A-XGp6OdBg0CxQrF5bBnBPAAHIrhyzwAA 
2026-05-28 08:28:44.3273 INFO Email Logged: Unapproved Work Number Order Notification [1010524813-05] 
2026-05-28 08:28:44.3908 INFO Email Logged to Database: AAkALgAAAAAAHYQDEapmEc2byACqAC-EWg0A-XGp6OdBg0CxQrF5bBnBPAAHIrhyzwAA Unapproved Work Number Order Notification [1010524813-05] 1:38 AM 
2026-05-28 08:28:44.4218 INFO Getting message voe@firsthome.com: AAkALgAAAAAAHYQDEapmEc2byACqAC-EWg0A-XGp6OdBg0CxQrF5bBnBPAAHIrhpCQAA 
2026-05-28 08:28:44.5951 INFO Getting message HTML voe@firsthome.com: AAkALgAAAAAAHYQDEapmEc2byACqAC-EWg0A-XGp6OdBg0CxQrF5bBnBPAAHIrhpCQAA 
2026-05-28 08:28:44.6301 INFO Getting message voe@firsthome.com: AAkALgAAAAAAHYQDEapmEc2byACqAC-EWg0A-XGp6OdBg0CxQrF5bBnBPAAHIrhpCQAA 
2026-05-28 08:30:24.9804 ERROR Error making web redirect request: https://url.usb.m.mimecastprotect.com/s/2T5GC5AvW1cMJEE3U2sNUkAvGQ?domain=url4970.truv.com 
2026-05-28 08:30:25.0234 ERROR System.Net.WebException: The operation has timed out
   at System.Net.HttpWebRequest.GetResponse()
   at VOESystem.Data.Business.BusinessBase.getWebRequestRedirect(String URL) in C:\Data\FirstMortgage\BitBucket\voesystem\VOEFrontend\VOESystem.Data\Business\BusinessBase.cs:line 607 System.Net.WebException: The operation has timed out
   at System.Net.HttpWebRequest.GetResponse()
   at VOESystem.Data.Business.BusinessBase.getWebRequestRedirect(String URL) in C:\Data\FirstMortgage\BitBucket\voesystem\VOEFrontend\VOESystem.Data\Business\BusinessBase.cs:line 607
2026-05-28 08:30:25.0700 INFO Retrying Redirect URL: The operation has timed out 
2026-05-28 08:32:05.1277 ERROR Error making web redirect request: https://url.usb.m.mimecastprotect.com/s/2T5GC5AvW1cMJEE3U2sNUkAvGQ?domain=url4970.truv.com 
2026-05-28 08:32:05.1657 ERROR System.Net.WebException: The operation has timed out
   at System.Net.HttpWebRequest.GetResponse()
   at VOESystem.Data.Business.BusinessBase.getWebRequestRedirect(String URL) in C:\Data\FirstMortgage\BitBucket\voesystem\VOEFrontend\VOESystem.Data\Business\BusinessBase.cs:line 607 System.Net.WebException: The operation has timed out
   at System.Net.HttpWebRequest.GetResponse()
   at VOESystem.Data.Business.BusinessBase.getWebRequestRedirect(String URL) in C:\Data\FirstMortgage\BitBucket\voesystem\VOEFrontend\VOESystem.Data\Business\BusinessBase.cs:line 607
2026-05-28 08:32:05.2078 INFO Retrying Redirect URL: The operation has timed out 
2026-05-28 08:33:45.2631 ERROR Error making web redirect request: https://url.usb.m.mimecastprotect.com/s/2T5GC5AvW1cMJEE3U2sNUkAvGQ?domain=url4970.truv.com 
2026-05-28 08:33:45.3032 ERROR System.Net.WebException: The operation has timed out
   at System.Net.HttpWebRequest.GetResponse()
   at VOESystem.Data.Business.BusinessBase.getWebRequestRedirect(String URL) in C:\Data\FirstMortgage\BitBucket\voesystem\VOEFrontend\VOESystem.Data\Business\BusinessBase.cs:line 607 System.Net.WebException: The operation has timed out
   at System.Net.HttpWebRequest.GetResponse()
   at VOESystem.Data.Business.BusinessBase.getWebRequestRedirect(String URL) in C:\Data\FirstMortgage\BitBucket\voesystem\VOEFrontend\VOESystem.Data\Business\BusinessBase.cs:line 607
2026-05-28 08:33:45.3482 INFO Retrying Redirect URL: The operation has timed out 
2026-05-28 08:33:45.3897 ERROR Error Importing Email: AAkALgAAAAAAHYQDEapmEc2byACqAC-EWg0A-XGp6OdBg0CxQrF5bBnBPAAHIrhpCQAA Cathleen Flynn, First Home Mortgage would like to verify your income and employment 1:10 AM 
2026-05-28 08:33:45.4271 ERROR System.Exception: Truv Redirect Order URL Not Found
   at VOEBackend.Email.BaseClass.getOrderRequestFromTruvRedirect(IDbConnection dbConn, String emailBody) in T:\Griffin\SVNDev\VOESystem\VOEBackend\VOEBackend.Email\BaseClass.cs:line 298
   at VOEBackend.Email.EmailOps.insertMail(IMailMessage msg) in T:\Griffin\SVNDev\VOESystem\VOEBackend\VOEBackend.Email\EmailOps.cs:line 73 System.Exception: Truv Redirect Order URL Not Found
   at VOEBackend.Email.BaseClass.getOrderRequestFromTruvRedirect(IDbConnection dbConn, String emailBody) in T:\Griffin\SVNDev\VOESystem\VOEBackend\VOEBackend.Email\BaseClass.cs:line 298
   at VOEBackend.Email.EmailOps.insertMail(IMailMessage msg) in T:\Griffin\SVNDev\VOESystem\VOEBackend\VOEBackend.Email\EmailOps.cs:line 73
2026-05-28 08:33:45.4697 INFO Getting message voe@firsthome.com: AAkALgAAAAAAHYQDEapmEc2byACqAC-EWg0A-XGp6OdBg0CxQrF5bBnBPAAHIrhhMwAA 
2026-05-28 08:33:45.8720 INFO Getting message HTML voe@firsthome.com: AAkALgAAAAAAHYQDEapmEc2byACqAC-EWg0A-XGp6OdBg0CxQrF5bBnBPAAHIrhhMwAA 
2026-05-28 08:33:45.9030 INFO Getting message voe@firsthome.com: AAkALgAAAAAAHYQDEapmEc2byACqAC-EWg0A-XGp6OdBg0CxQrF5bBnBPAAHIrhhMwAA 
2026-05-28 08:35:26.2207 ERROR Error making web redirect request: https://url.usb.m.mimecastprotect.com/s/cXaOCB1MnRFDGjxmujs5U2M4x1?domain=url4970.truv.com 
2026-05-28 08:35:26.2602 ERROR System.Net.WebException: The operation has timed out
   at System.Net.HttpWebRequest.GetResponse()
   at VOESystem.Data.Business.BusinessBase.getWebRequestRedirect(String URL) in C:\Data\FirstMortgage\BitBucket\voesystem\VOEFrontend\VOESystem.Data\Business\BusinessBase.cs:line 607 System.Net.WebException: The operation has timed out
   at System.Net.HttpWebRequest.GetResponse()
   at VOESystem.Data.Business.BusinessBase.getWebRequestRedirect(String URL) in C:\Data\FirstMortgage\BitBucket\voesystem\VOEFrontend\VOESystem.Data\Business\BusinessBase.cs:line 607
2026-05-28 08:35:26.3042 INFO Retrying Redirect URL: The operation has timed out 
2026-05-28 08:37:06.3563 ERROR Error making web redirect request: https://url.usb.m.mimecastprotect.com/s/cXaOCB1MnRFDGjxmujs5U2M4x1?domain=url4970.truv.com 
2026-05-28 08:37:06.3953 ERROR System.Net.WebException: The operation has timed out
   at System.Net.HttpWebRequest.GetResponse()
   at VOESystem.Data.Business.BusinessBase.getWebRequestRedirect(String URL) in C:\Data\FirstMortgage\BitBucket\voesystem\VOEFrontend\VOESystem.Data\Business\BusinessBase.cs:line 607 System.Net.WebException: The operation has timed out
   at System.Net.HttpWebRequest.GetResponse()
   at VOESystem.Data.Business.BusinessBase.getWebRequestRedirect(String URL) in C:\Data\FirstMortgage\BitBucket\voesystem\VOEFrontend\VOESystem.Data\Business\BusinessBase.cs:line 607
2026-05-28 08:37:06.4394 INFO Retrying Redirect URL: The operation has timed out 
2026-05-28 08:38:46.4847 ERROR Error making web redirect request: https://url.usb.m.mimecastprotect.com/s/cXaOCB1MnRFDGjxmujs5U2M4x1?domain=url4970.truv.com 
2026-05-28 08:38:46.5227 ERROR System.Net.WebException: The operation has timed out
   at System.Net.HttpWebRequest.GetResponse()
   at VOESystem.Data.Business.BusinessBase.getWebRequestRedirect(String URL) in C:\Data\FirstMortgage\BitBucket\voesystem\VOEFrontend\VOESystem.Data\Business\BusinessBase.cs:line 607 System.Net.WebException: The operation has timed out
   at System.Net.HttpWebRequest.GetResponse()
   at VOESystem.Data.Business.BusinessBase.getWebRequestRedirect(String URL) in C:\Data\FirstMortgage\BitBucket\voesystem\VOEFrontend\VOESystem.Data\Business\BusinessBase.cs:line 607
2026-05-28 08:38:46.5692 INFO Retrying Redirect URL: The operation has timed out 
2026-05-28 08:38:46.6139 ERROR Error Importing Email: AAkALgAAAAAAHYQDEapmEc2byACqAC-EWg0A-XGp6OdBg0CxQrF5bBnBPAAHIrhhMwAA Christopher Brett Henderson, First Home Mortgage would like to verify your employment 12:50 AM 
2026-05-28 08:38:46.6510 ERROR System.Exception: Truv Redirect Order URL Not Found
   at VOEBackend.Email.BaseClass.getOrderRequestFromTruvRedirect(IDbConnection dbConn, String emailBody) in T:\Griffin\SVNDev\VOESystem\VOEBackend\VOEBackend.Email\BaseClass.cs:line 298
   at VOEBackend.Email.EmailOps.insertMail(IMailMessage msg) in T:\Griffin\SVNDev\VOESystem\VOEBackend\VOEBackend.Email\EmailOps.cs:line 73 System.Exception: Truv Redirect Order URL Not Found
   at VOEBackend.Email.BaseClass.getOrderRequestFromTruvRedirect(IDbConnection dbConn, String emailBody) in T:\Griffin\SVNDev\VOESystem\VOEBackend\VOEBackend.Email\BaseClass.cs:line 298
   at VOEBackend.Email.EmailOps.insertMail(IMailMessage msg) in T:\Griffin\SVNDev\VOESystem\VOEBackend\VOEBackend.Email\EmailOps.cs:line 73
2026-05-28 08:38:46.6925 INFO Getting message voe@firsthome.com: AAkALgAAAAAAHYQDEapmEc2byACqAC-EWg0A-XGp6OdBg0CxQrF5bBnBPAAHIrhdSQAA 
2026-05-28 08:38:46.9863 ERROR GraphAPI Failed to Download Mail 
2026-05-28 08:38:47.0203 ERROR System.AggregateException: One or more errors occurred. ---> Microsoft.Graph.ServiceException: Code: InvalidAuthenticationToken
Message: Lifetime validation failed, the token is expired.
Inner error:
	AdditionalData:
	date: 2026-05-28T12:38:46
	request-id: a9ba0698-ae5f-45ab-ac8b-2d8eda78fc7b
	client-request-id: a9ba0698-ae5f-45ab-ac8b-2d8eda78fc7b
ClientRequestId: a9ba0698-ae5f-45ab-ac8b-2d8eda78fc7b

   at Microsoft.Graph.HttpProvider.<SendAsync>d__18.MoveNext()
   --- End of inner exception stack trace ---
   at FHMC.Graph.BaseClass.makeGraphRequest(String url, HttpMethod method, Object content, Dictionary`2 headers, ContentType contentType) in T:\Griffin\SVNDev\FHMC.Graph\FHMC.Graph\BaseClass.cs:line 197
   at FHMC.Graph.Email.getMessage(String emailAddress, String id, Boolean getHTML, String senderEmailAddress) in T:\Griffin\SVNDev\FHMC.Graph\FHMC.Graph\Email.cs:line 571
---> (Inner Exception #0) Status Code: Unauthorized
Microsoft.Graph.ServiceException: Code: InvalidAuthenticationToken
Message: Lifetime validation failed, the token is expired.
Inner error:
	AdditionalData:
	date: 2026-05-28T12:38:46
	request-id: a9ba0698-ae5f-45ab-ac8b-2d8eda78fc7b
	client-request-id: a9ba0698-ae5f-45ab-ac8b-2d8eda78fc7b
ClientRequestId: a9ba0698-ae5f-45ab-ac8b-2d8eda78fc7b

   at Microsoft.Graph.HttpProvider.<SendAsync>d__18.MoveNext()<---
 System.AggregateException: One or more errors occurred. ---> Microsoft.Graph.ServiceException: Code: InvalidAuthenticationToken
Message: Lifetime validation failed, the token is expired.
Inner error:
	AdditionalData:
	date: 2026-05-28T12:38:46
	request-id: a9ba0698-ae5f-45ab-ac8b-2d8eda78fc7b
	client-request-id: a9ba0698-ae5f-45ab-ac8b-2d8eda78fc7b
ClientRequestId: a9ba0698-ae5f-45ab-ac8b-2d8eda78fc7b

   at Microsoft.Graph.HttpProvider.<SendAsync>d__18.MoveNext()
   --- End of inner exception stack trace ---
   at FHMC.Graph.BaseClass.makeGraphRequest(String url, HttpMethod method, Object content, Dictionary`2 headers, ContentType contentType) in T:\Griffin\SVNDev\FHMC.Graph\FHMC.Graph\BaseClass.cs:line 197
   at FHMC.Graph.Email.getMessage(String emailAddress, String id, Boolean getHTML, String senderEmailAddress) in T:\Griffin\SVNDev\FHMC.Graph\FHMC.Graph\Email.cs:line 571
---> (Inner Exception #0) Status Code: Unauthorized
Microsoft.Graph.ServiceException: Code: InvalidAuthenticationToken
Message: Lifetime validation failed, the token is expired.
Inner error:
	AdditionalData:
	date: 2026-05-28T12:38:46
	request-id: a9ba0698-ae5f-45ab-ac8b-2d8eda78fc7b
	client-request-id: a9ba0698-ae5f-45ab-ac8b-2d8eda78fc7b
ClientRequestId: a9ba0698-ae5f-45ab-ac8b-2d8eda78fc7b

   at Microsoft.Graph.HttpProvider.<SendAsync>d__18.MoveNext()<---

2026-05-28 08:44:42.1249 ERROR GraphAPI Failed to Get Sender Email Address 
2026-05-28 08:44:42.1679 ERROR System.NullReferenceException: Object reference not set to an instance of an object.
   at FHMC.Graph.Email.getMessageSenderEmailAddress(Message message) in T:\Griffin\SVNDev\FHMC.Graph\FHMC.Graph\Email.cs:line 628 System.NullReferenceException: Object reference not set to an instance of an object.
   at FHMC.Graph.Email.getMessageSenderEmailAddress(Message message) in T:\Griffin\SVNDev\FHMC.Graph\FHMC.Graph\Email.cs:line 628
2026-05-28 08:44:42.1949 INFO Getting message HTML voe@firsthome.com: AAkALgAAAAAAHYQDEapmEc2byACqAC-EWg0A-XGp6OdBg0CxQrF5bBnBPAAHIrhdSQAA 
2026-05-28 08:44:42.2244 INFO Getting message voe@firsthome.com: AAkALgAAAAAAHYQDEapmEc2byACqAC-EWg0A-XGp6OdBg0CxQrF5bBnBPAAHIrhdSQAA 
2026-05-28 08:44:42.3230 ERROR GraphAPI Failed to Download Mail 
2026-05-28 08:44:42.3540 ERROR System.AggregateException: One or more errors occurred. ---> Microsoft.Graph.ServiceException: Code: InvalidAuthenticationToken
Message: Lifetime validation failed, the token is expired.
Inner error:
	AdditionalData:
	date: 2026-05-28T12:44:42
	request-id: 327e81fb-db99-43e5-9953-9e84536e5205
	client-request-id: 327e81fb-db99-43e5-9953-9e84536e5205
ClientRequestId: 327e81fb-db99-43e5-9953-9e84536e5205

   at Microsoft.Graph.HttpProvider.<SendAsync>d__18.MoveNext()
   --- End of inner exception stack trace ---
   at FHMC.Graph.BaseClass.makeGraphRequest(String url, HttpMethod method, Object content, Dictionary`2 headers, ContentType contentType) in T:\Griffin\SVNDev\FHMC.Graph\FHMC.Graph\BaseClass.cs:line 197
   at FHMC.Graph.Email.getMessage(String emailAddress, String id, Boolean getHTML, String senderEmailAddress) in T:\Griffin\SVNDev\FHMC.Graph\FHMC.Graph\Email.cs:line 571
---> (Inner Exception #0) Status Code: Unauthorized
Microsoft.Graph.ServiceException: Code: InvalidAuthenticationToken
Message: Lifetime validation failed, the token is expired.
Inner error:
	AdditionalData:
	date: 2026-05-28T12:44:42
	request-id: 327e81fb-db99-43e5-9953-9e84536e5205
	client-request-id: 327e81fb-db99-43e5-9953-9e84536e5205
ClientRequestId: 327e81fb-db99-43e5-9953-9e84536e5205

   at Microsoft.Graph.HttpProvider.<SendAsync>d__18.MoveNext()<---
 System.AggregateException: One or more errors occurred. ---> Microsoft.Graph.ServiceException: Code: InvalidAuthenticationToken
Message: Lifetime validation failed, the token is expired.
Inner error:
	AdditionalData:
	date: 2026-05-28T12:44:42
	request-id: 327e81fb-db99-43e5-9953-9e84536e5205
	client-request-id: 327e81fb-db99-43e5-9953-9e84536e5205
ClientRequestId: 327e81fb-db99-43e5-9953-9e84536e5205

   at Microsoft.Graph.HttpProvider.<SendAsync>d__18.MoveNext()
   --- End of inner exception stack trace ---
   at FHMC.Graph.BaseClass.makeGraphRequest(String url, HttpMethod method, Object content, Dictionary`2 headers, ContentType contentType) in T:\Griffin\SVNDev\FHMC.Graph\FHMC.Graph\BaseClass.cs:line 197
   at FHMC.Graph.Email.getMessage(String emailAddress, String id, Boolean getHTML, String senderEmailAddress) in T:\Griffin\SVNDev\FHMC.Graph\FHMC.Graph\Email.cs:line 571
---> (Inner Exception #0) Status Code: Unauthorized
Microsoft.Graph.ServiceException: Code: InvalidAuthenticationToken
Message: Lifetime validation failed, the token is expired.
Inner error:
	AdditionalData:
	date: 2026-05-28T12:44:42
	request-id: 327e81fb-db99-43e5-9953-9e84536e5205
	client-request-id: 327e81fb-db99-43e5-9953-9e84536e5205
ClientRequestId: 327e81fb-db99-43e5-9953-9e84536e5205

   at Microsoft.Graph.HttpProvider.<SendAsync>d__18.MoveNext()<---

2026-05-28 08:44:43.7057 ERROR GraphAPI Failed to Download Mail HTML 
2026-05-28 08:44:43.7397 ERROR System.NullReferenceException: Object reference not set to an instance of an object.
   at FHMC.Graph.Email.getMessageBodyHTML(String emailAddress, String id, String senderEmailAddress) in T:\Griffin\SVNDev\FHMC.Graph\FHMC.Graph\Email.cs:line 603 System.NullReferenceException: Object reference not set to an instance of an object.
   at FHMC.Graph.Email.getMessageBodyHTML(String emailAddress, String id, String senderEmailAddress) in T:\Griffin\SVNDev\FHMC.Graph\FHMC.Graph\Email.cs:line 603
2026-05-28 08:44:43.9878 ERROR GraphAPI Failed to Download Attachments 
2026-05-28 08:44:44.0183 ERROR System.AggregateException: One or more errors occurred. ---> Microsoft.Graph.ServiceException: Code: InvalidAuthenticationToken
Message: Lifetime validation failed, the token is expired.
Inner error:
	AdditionalData:
	date: 2026-05-28T12:44:43
	request-id: 7fae73f0-53e3-4d7f-bcec-e66bbc7947f5
	client-request-id: 7fae73f0-53e3-4d7f-bcec-e66bbc7947f5
ClientRequestId: 7fae73f0-53e3-4d7f-bcec-e66bbc7947f5

   at Microsoft.Graph.HttpProvider.<SendAsync>d__18.MoveNext()
   --- End of inner exception stack trace ---
   at FHMC.Graph.BaseClass.makeGraphRequest(String url, HttpMethod method, Object content, Dictionary`2 headers, ContentType contentType) in T:\Griffin\SVNDev\FHMC.Graph\FHMC.Graph\BaseClass.cs:line 197
   at FHMC.Graph.Email.getAttachments(String emailAddress, String id) in T:\Griffin\SVNDev\FHMC.Graph\FHMC.Graph\Email.cs:line 717
---> (Inner Exception #0) Status Code: Unauthorized
Microsoft.Graph.ServiceException: Code: InvalidAuthenticationToken
Message: Lifetime validation failed, the token is expired.
Inner error:
	AdditionalData:
	date: 2026-05-28T12:44:43
	request-id: 7fae73f0-53e3-4d7f-bcec-e66bbc7947f5
	client-request-id: 7fae73f0-53e3-4d7f-bcec-e66bbc7947f5
ClientRequestId: 7fae73f0-53e3-4d7f-bcec-e66bbc7947f5

   at Microsoft.Graph.HttpProvider.<SendAsync>d__18.MoveNext()<---
 System.AggregateException: One or more errors occurred. ---> Microsoft.Graph.ServiceException: Code: InvalidAuthenticationToken
Message: Lifetime validation failed, the token is expired.
Inner error:
	AdditionalData:
	date: 2026-05-28T12:44:43
	request-id: 7fae73f0-53e3-4d7f-bcec-e66bbc7947f5
	client-request-id: 7fae73f0-53e3-4d7f-bcec-e66bbc7947f5
ClientRequestId: 7fae73f0-53e3-4d7f-bcec-e66bbc7947f5

   at Microsoft.Graph.HttpProvider.<SendAsync>d__18.MoveNext()
   --- End of inner exception stack trace ---
   at FHMC.Graph.BaseClass.makeGraphRequest(String url, HttpMethod method, Object content, Dictionary`2 headers, ContentType contentType) in T:\Griffin\SVNDev\FHMC.Graph\FHMC.Graph\BaseClass.cs:line 197
   at FHMC.Graph.Email.getAttachments(String emailAddress, String id) in T:\Griffin\SVNDev\FHMC.Graph\FHMC.Graph\Email.cs:line 717
---> (Inner Exception #0) Status Code: Unauthorized
Microsoft.Graph.ServiceException: Code: InvalidAuthenticationToken
Message: Lifetime validation failed, the token is expired.
Inner error:
	AdditionalData:
	date: 2026-05-28T12:44:43
	request-id: 7fae73f0-53e3-4d7f-bcec-e66bbc7947f5
	client-request-id: 7fae73f0-53e3-4d7f-bcec-e66bbc7947f5
ClientRequestId: 7fae73f0-53e3-4d7f-bcec-e66bbc7947f5

   at Microsoft.Graph.HttpProvider.<SendAsync>d__18.MoveNext()<---

2026-05-28 08:44:45.5527 ERROR GraphAPI Failed to Retrieve Folders 
2026-05-28 08:44:45.5817 ERROR System.AggregateException: One or more errors occurred. ---> Microsoft.Graph.ServiceException: Code: InvalidAuthenticationToken
Message: Lifetime validation failed, the token is expired.
Inner error:
	AdditionalData:
	date: 2026-05-28T12:44:45
	request-id: 7314c796-6dcf-4ef9-8aa9-187e088e4053
	client-request-id: 7314c796-6dcf-4ef9-8aa9-187e088e4053
ClientRequestId: 7314c796-6dcf-4ef9-8aa9-187e088e4053

   at Microsoft.Graph.HttpProvider.<SendAsync>d__18.MoveNext()
   --- End of inner exception stack trace ---
   at FHMC.Graph.BaseClass.makeGraphRequest(String url, HttpMethod method, Object content, Dictionary`2 headers, ContentType contentType) in T:\Griffin\SVNDev\FHMC.Graph\FHMC.Graph\BaseClass.cs:line 197
   at FHMC.Graph.Email.getChildFolders(String url) in T:\Griffin\SVNDev\FHMC.Graph\FHMC.Graph\Email.cs:line 215
---> (Inner Exception #0) Status Code: Unauthorized
Microsoft.Graph.ServiceException: Code: InvalidAuthenticationToken
Message: Lifetime validation failed, the token is expired.
Inner error:
	AdditionalData:
	date: 2026-05-28T12:44:45
	request-id: 7314c796-6dcf-4ef9-8aa9-187e088e4053
	client-request-id: 7314c796-6dcf-4ef9-8aa9-187e088e4053
ClientRequestId: 7314c796-6dcf-4ef9-8aa9-187e088e4053

   at Microsoft.Graph.HttpProvider.<SendAsync>d__18.MoveNext()<---
 System.AggregateException: One or more errors occurred. ---> Microsoft.Graph.ServiceException: Code: InvalidAuthenticationToken
Message: Lifetime validation failed, the token is expired.
Inner error:
	AdditionalData:
	date: 2026-05-28T12:44:45
	request-id: 7314c796-6dcf-4ef9-8aa9-187e088e4053
	client-request-id: 7314c796-6dcf-4ef9-8aa9-187e088e4053
ClientRequestId: 7314c796-6dcf-4ef9-8aa9-187e088e4053

   at Microsoft.Graph.HttpProvider.<SendAsync>d__18.MoveNext()
   --- End of inner exception stack trace ---
   at FHMC.Graph.BaseClass.makeGraphRequest(String url, HttpMethod method, Object content, Dictionary`2 headers, ContentType contentType) in T:\Griffin\SVNDev\FHMC.Graph\FHMC.Graph\BaseClass.cs:line 197
   at FHMC.Graph.Email.getChildFolders(String url) in T:\Griffin\SVNDev\FHMC.Graph\FHMC.Graph\Email.cs:line 215
---> (Inner Exception #0) Status Code: Unauthorized
Microsoft.Graph.ServiceException: Code: InvalidAuthenticationToken
Message: Lifetime validation failed, the token is expired.
Inner error:
	AdditionalData:
	date: 2026-05-28T12:44:45
	request-id: 7314c796-6dcf-4ef9-8aa9-187e088e4053
	client-request-id: 7314c796-6dcf-4ef9-8aa9-187e088e4053
ClientRequestId: 7314c796-6dcf-4ef9-8aa9-187e088e4053

   at Microsoft.Graph.HttpProvider.<SendAsync>d__18.MoveNext()<---

2026-05-28 08:44:45.6327 ERROR Error Retrieving Folder for Inbox/Completed/VOESystemMatched in voe@firsthome.com 
2026-05-28 08:44:45.6723 ERROR System.Exception: Parent Folder Not Found for Inbox/Completed/VOESystemMatched in voe@firsthome.com
   at FHMC.Graph.Email.getMailFolder(String emailAddress, String folderPath) in T:\Griffin\SVNDev\FHMC.Graph\FHMC.Graph\Email.cs:line 166 System.Exception: Parent Folder Not Found for Inbox/Completed/VOESystemMatched in voe@firsthome.com
   at FHMC.Graph.Email.getMailFolder(String emailAddress, String folderPath) in T:\Griffin\SVNDev\FHMC.Graph\FHMC.Graph\Email.cs:line 166
2026-05-28 08:44:46.8523 ERROR GraphAPI Failed to Retrieve Folders 
2026-05-28 08:44:46.8873 ERROR System.AggregateException: One or more errors occurred. ---> Microsoft.Graph.ServiceException: Code: InvalidAuthenticationToken
Message: Lifetime validation failed, the token is expired.
Inner error:
	AdditionalData:
	date: 2026-05-28T12:44:46
	request-id: 61ca898b-6413-463a-a656-d4dfe019aa18
	client-request-id: 61ca898b-6413-463a-a656-d4dfe019aa18
ClientRequestId: 61ca898b-6413-463a-a656-d4dfe019aa18

   at Microsoft.Graph.HttpProvider.<SendAsync>d__18.MoveNext()
   --- End of inner exception stack trace ---
   at FHMC.Graph.BaseClass.makeGraphRequest(String url, HttpMethod method, Object content, Dictionary`2 headers, ContentType contentType) in T:\Griffin\SVNDev\FHMC.Graph\FHMC.Graph\BaseClass.cs:line 197
   at FHMC.Graph.Email.getChildFolders(String url) in T:\Griffin\SVNDev\FHMC.Graph\FHMC.Graph\Email.cs:line 215
---> (Inner Exception #0) Status Code: Unauthorized
Microsoft.Graph.ServiceException: Code: InvalidAuthenticationToken
Message: Lifetime validation failed, the token is expired.
Inner error:
	AdditionalData:
	date: 2026-05-28T12:44:46
	request-id: 61ca898b-6413-463a-a656-d4dfe019aa18
	client-request-id: 61ca898b-6413-463a-a656-d4dfe019aa18
ClientRequestId: 61ca898b-6413-463a-a656-d4dfe019aa18

   at Microsoft.Graph.HttpProvider.<SendAsync>d__18.MoveNext()<---
 System.AggregateException: One or more errors occurred. ---> Microsoft.Graph.ServiceException: Code: InvalidAuthenticationToken
Message: Lifetime validation failed, the token is expired.
Inner error:
	AdditionalData:
	date: 2026-05-28T12:44:46
	request-id: 61ca898b-6413-463a-a656-d4dfe019aa18
	client-request-id: 61ca898b-6413-463a-a656-d4dfe019aa18
ClientRequestId: 61ca898b-6413-463a-a656-d4dfe019aa18

   at Microsoft.Graph.HttpProvider.<SendAsync>d__18.MoveNext()
   --- End of inner exception stack trace ---
   at FHMC.Graph.BaseClass.makeGraphRequest(String url, HttpMethod method, Object content, Dictionary`2 headers, ContentType contentType) in T:\Griffin\SVNDev\FHMC.Graph\FHMC.Graph\BaseClass.cs:line 197
   at FHMC.Graph.Email.getChildFolders(String url) in T:\Griffin\SVNDev\FHMC.Graph\FHMC.Graph\Email.cs:line 215
---> (Inner Exception #0) Status Code: Unauthorized
Microsoft.Graph.ServiceException: Code: InvalidAuthenticationToken
Message: Lifetime validation failed, the token is expired.
Inner error:
	AdditionalData:
	date: 2026-05-28T12:44:46
	request-id: 61ca898b-6413-463a-a656-d4dfe019aa18
	client-request-id: 61ca898b-6413-463a-a656-d4dfe019aa18
ClientRequestId: 61ca898b-6413-463a-a656-d4dfe019aa18

   at Microsoft.Graph.HttpProvider.<SendAsync>d__18.MoveNext()<---

2026-05-28 08:44:46.9343 ERROR Error Retrieving Folder for Inbox/Completed/VOESystemMatched in voe@firsthome.com 
2026-05-28 08:44:46.9608 ERROR System.Exception: Parent Folder Not Found for Inbox/Completed/VOESystemMatched in voe@firsthome.com
   at FHMC.Graph.Email.getMailFolder(String emailAddress, String folderPath) in T:\Griffin\SVNDev\FHMC.Graph\FHMC.Graph\Email.cs:line 166 System.Exception: Parent Folder Not Found for Inbox/Completed/VOESystemMatched in voe@firsthome.com
   at FHMC.Graph.Email.getMailFolder(String emailAddress, String folderPath) in T:\Griffin\SVNDev\FHMC.Graph\FHMC.Graph\Email.cs:line 166
2026-05-28 08:44:47.8432 ERROR GraphAPI Failed to Retrieve Folders 
2026-05-28 08:44:47.8752 ERROR System.AggregateException: One or more errors occurred. ---> Microsoft.Graph.ServiceException: Code: InvalidAuthenticationToken
Message: Lifetime validation failed, the token is expired.
Inner error:
	AdditionalData:
	date: 2026-05-28T12:44:47
	request-id: ee452468-49a9-454c-8282-a3d2b51e19fb
	client-request-id: ee452468-49a9-454c-8282-a3d2b51e19fb
ClientRequestId: ee452468-49a9-454c-8282-a3d2b51e19fb

   at Microsoft.Graph.HttpProvider.<SendAsync>d__18.MoveNext()
   --- End of inner exception stack trace ---
   at FHMC.Graph.BaseClass.makeGraphRequest(String url, HttpMethod method, Object content, Dictionary`2 headers, ContentType contentType) in T:\Griffin\SVNDev\FHMC.Graph\FHMC.Graph\BaseClass.cs:line 197
   at FHMC.Graph.Email.getChildFolders(String url) in T:\Griffin\SVNDev\FHMC.Graph\FHMC.Graph\Email.cs:line 215
---> (Inner Exception #0) Status Code: Unauthorized
Microsoft.Graph.ServiceException: Code: InvalidAuthenticationToken
Message: Lifetime validation failed, the token is expired.
Inner error:
	AdditionalData:
	date: 2026-05-28T12:44:47
	request-id: ee452468-49a9-454c-8282-a3d2b51e19fb
	client-request-id: ee452468-49a9-454c-8282-a3d2b51e19fb
ClientRequestId: ee452468-49a9-454c-8282-a3d2b51e19fb

   at Microsoft.Graph.HttpProvider.<SendAsync>d__18.MoveNext()<---
 System.AggregateException: One or more errors occurred. ---> Microsoft.Graph.ServiceException: Code: InvalidAuthenticationToken
Message: Lifetime validation failed, the token is expired.
Inner error:
	AdditionalData:
	date: 2026-05-28T12:44:47
	request-id: ee452468-49a9-454c-8282-a3d2b51e19fb
	client-request-id: ee452468-49a9-454c-8282-a3d2b51e19fb
ClientRequestId: ee452468-49a9-454c-8282-a3d2b51e19fb

   at Microsoft.Graph.HttpProvider.<SendAsync>d__18.MoveNext()
   --- End of inner exception stack trace ---
   at FHMC.Graph.BaseClass.makeGraphRequest(String url, HttpMethod method, Object content, Dictionary`2 headers, ContentType contentType) in T:\Griffin\SVNDev\FHMC.Graph\FHMC.Graph\BaseClass.cs:line 197
   at FHMC.Graph.Email.getChildFolders(String url) in T:\Griffin\SVNDev\FHMC.Graph\FHMC.Graph\Email.cs:line 215
---> (Inner Exception #0) Status Code: Unauthorized
Microsoft.Graph.ServiceException: Code: InvalidAuthenticationToken
Message: Lifetime validation failed, the token is expired.
Inner error:
	AdditionalData:
	date: 2026-05-28T12:44:47
	request-id: ee452468-49a9-454c-8282-a3d2b51e19fb
	client-request-id: ee452468-49a9-454c-8282-a3d2b51e19fb
ClientRequestId: ee452468-49a9-454c-8282-a3d2b51e19fb

   at Microsoft.Graph.HttpProvider.<SendAsync>d__18.MoveNext()<---

2026-05-28 08:44:47.9167 ERROR Error Retrieving Folder for Inbox/Completed/VOESystemMatched in voe@firsthome.com 
2026-05-28 08:44:47.9487 ERROR System.Exception: Parent Folder Not Found for Inbox/Completed/VOESystemMatched in voe@firsthome.com
   at FHMC.Graph.Email.getMailFolder(String emailAddress, String folderPath) in T:\Griffin\SVNDev\FHMC.Graph\FHMC.Graph\Email.cs:line 166 System.Exception: Parent Folder Not Found for Inbox/Completed/VOESystemMatched in voe@firsthome.com
   at FHMC.Graph.Email.getMailFolder(String emailAddress, String folderPath) in T:\Griffin\SVNDev\FHMC.Graph\FHMC.Graph\Email.cs:line 166
2026-05-28 08:44:48.6717 ERROR GraphAPI Failed to Retrieve Folders 
2026-05-28 08:44:48.6997 ERROR System.AggregateException: One or more errors occurred. ---> Microsoft.Graph.ServiceException: Code: InvalidAuthenticationToken
Message: Lifetime validation failed, the token is expired.
Inner error:
	AdditionalData:
	date: 2026-05-28T12:44:48
	request-id: 20aa34af-e34e-4a1a-a62e-1ada4006ca58
	client-request-id: 20aa34af-e34e-4a1a-a62e-1ada4006ca58
ClientRequestId: 20aa34af-e34e-4a1a-a62e-1ada4006ca58

   at Microsoft.Graph.HttpProvider.<SendAsync>d__18.MoveNext()
   --- End of inner exception stack trace ---
   at FHMC.Graph.BaseClass.makeGraphRequest(String url, HttpMethod method, Object content, Dictionary`2 headers, ContentType contentType) in T:\Griffin\SVNDev\FHMC.Graph\FHMC.Graph\BaseClass.cs:line 197
   at FHMC.Graph.Email.getChildFolders(String url) in T:\Griffin\SVNDev\FHMC.Graph\FHMC.Graph\Email.cs:line 215
---> (Inner Exception #0) Status Code: Unauthorized
Microsoft.Graph.ServiceException: Code: InvalidAuthenticationToken
Message: Lifetime validation failed, the token is expired.
Inner error:
	AdditionalData:
	date: 2026-05-28T12:44:48
	request-id: 20aa34af-e34e-4a1a-a62e-1ada4006ca58
	client-request-id: 20aa34af-e34e-4a1a-a62e-1ada4006ca58
ClientRequestId: 20aa34af-e34e-4a1a-a62e-1ada4006ca58

   at Microsoft.Graph.HttpProvider.<SendAsync>d__18.MoveNext()<---
 System.AggregateException: One or more errors occurred. ---> Microsoft.Graph.ServiceException: Code: InvalidAuthenticationToken
Message: Lifetime validation failed, the token is expired.
Inner error:
	AdditionalData:
	date: 2026-05-28T12:44:48
	request-id: 20aa34af-e34e-4a1a-a62e-1ada4006ca58
	client-request-id: 20aa34af-e34e-4a1a-a62e-1ada4006ca58
ClientRequestId: 20aa34af-e34e-4a1a-a62e-1ada4006ca58

   at Microsoft.Graph.HttpProvider.<SendAsync>d__18.MoveNext()
   --- End of inner exception stack trace ---
   at FHMC.Graph.BaseClass.makeGraphRequest(String url, HttpMethod method, Object content, Dictionary`2 headers, ContentType contentType) in T:\Griffin\SVNDev\FHMC.Graph\FHMC.Graph\BaseClass.cs:line 197
   at FHMC.Graph.Email.getChildFolders(String url) in T:\Griffin\SVNDev\FHMC.Graph\FHMC.Graph\Email.cs:line 215
---> (Inner Exception #0) Status Code: Unauthorized
Microsoft.Graph.ServiceException: Code: InvalidAuthenticationToken
Message: Lifetime validation failed, the token is expired.
Inner error:
	AdditionalData:
	date: 2026-05-28T12:44:48
	request-id: 20aa34af-e34e-4a1a-a62e-1ada4006ca58
	client-request-id: 20aa34af-e34e-4a1a-a62e-1ada4006ca58
ClientRequestId: 20aa34af-e34e-4a1a-a62e-1ada4006ca58

   at Microsoft.Graph.HttpProvider.<SendAsync>d__18.MoveNext()<---

2026-05-28 08:44:48.7412 ERROR Error Retrieving Folder for Inbox/Completed/VOESystemMatched in voe@firsthome.com 
2026-05-28 08:44:48.7722 ERROR System.Exception: Parent Folder Not Found for Inbox/Completed/VOESystemMatched in voe@firsthome.com
   at FHMC.Graph.Email.getMailFolder(String emailAddress, String folderPath) in T:\Griffin\SVNDev\FHMC.Graph\FHMC.Graph\Email.cs:line 166 System.Exception: Parent Folder Not Found for Inbox/Completed/VOESystemMatched in voe@firsthome.com
   at FHMC.Graph.Email.getMailFolder(String emailAddress, String folderPath) in T:\Griffin\SVNDev\FHMC.Graph\FHMC.Graph\Email.cs:line 166
2026-05-28 08:44:49.4021 ERROR GraphAPI Failed to Retrieve Folders 
2026-05-28 08:44:49.4301 ERROR System.AggregateException: One or more errors occurred. ---> Microsoft.Graph.ServiceException: Code: InvalidAuthenticationToken
Message: Lifetime validation failed, the token is expired.
Inner error:
	AdditionalData:
	date: 2026-05-28T12:44:49
	request-id: 86bc9b77-1e3f-4f49-b565-57fccb1e32d5
	client-request-id: 86bc9b77-1e3f-4f49-b565-57fccb1e32d5
ClientRequestId: 86bc9b77-1e3f-4f49-b565-57fccb1e32d5

   at Microsoft.Graph.HttpProvider.<SendAsync>d__18.MoveNext()
   --- End of inner exception stack trace ---
   at FHMC.Graph.BaseClass.makeGraphRequest(String url, HttpMethod method, Object content, Dictionary`2 headers, ContentType contentType) in T:\Griffin\SVNDev\FHMC.Graph\FHMC.Graph\BaseClass.cs:line 197
   at FHMC.Graph.Email.getChildFolders(String url) in T:\Griffin\SVNDev\FHMC.Graph\FHMC.Graph\Email.cs:line 215
---> (Inner Exception #0) Status Code: Unauthorized
Microsoft.Graph.ServiceException: Code: InvalidAuthenticationToken
Message: Lifetime validation failed, the token is expired.
Inner error:
	AdditionalData:
	date: 2026-05-28T12:44:49
	request-id: 86bc9b77-1e3f-4f49-b565-57fccb1e32d5
	client-request-id: 86bc9b77-1e3f-4f49-b565-57fccb1e32d5
ClientRequestId: 86bc9b77-1e3f-4f49-b565-57fccb1e32d5

   at Microsoft.Graph.HttpProvider.<SendAsync>d__18.MoveNext()<---
 System.AggregateException: One or more errors occurred. ---> Microsoft.Graph.ServiceException: Code: InvalidAuthenticationToken
Message: Lifetime validation failed, the token is expired.
Inner error:
	AdditionalData:
	date: 2026-05-28T12:44:49
	request-id: 86bc9b77-1e3f-4f49-b565-57fccb1e32d5
	client-request-id: 86bc9b77-1e3f-4f49-b565-57fccb1e32d5
ClientRequestId: 86bc9b77-1e3f-4f49-b565-57fccb1e32d5

   at Microsoft.Graph.HttpProvider.<SendAsync>d__18.MoveNext()
   --- End of inner exception stack trace ---
   at FHMC.Graph.BaseClass.makeGraphRequest(String url, HttpMethod method, Object content, Dictionary`2 headers, ContentType contentType) in T:\Griffin\SVNDev\FHMC.Graph\FHMC.Graph\BaseClass.cs:line 197
   at FHMC.Graph.Email.getChildFolders(String url) in T:\Griffin\SVNDev\FHMC.Graph\FHMC.Graph\Email.cs:line 215
---> (Inner Exception #0) Status Code: Unauthorized
Microsoft.Graph.ServiceException: Code: InvalidAuthenticationToken
Message: Lifetime validation failed, the token is expired.
Inner error:
	AdditionalData:
	date: 2026-05-28T12:44:49
	request-id: 86bc9b77-1e3f-4f49-b565-57fccb1e32d5
	client-request-id: 86bc9b77-1e3f-4f49-b565-57fccb1e32d5
ClientRequestId: 86bc9b77-1e3f-4f49-b565-57fccb1e32d5

   at Microsoft.Graph.HttpProvider.<SendAsync>d__18.MoveNext()<---

2026-05-28 08:44:49.4691 ERROR Error Retrieving Folder for Inbox/Completed/VOESystemMatched in voe@firsthome.com 
2026-05-28 08:44:49.5025 ERROR System.Exception: Parent Folder Not Found for Inbox/Completed/VOESystemMatched in voe@firsthome.com
   at FHMC.Graph.Email.getMailFolder(String emailAddress, String folderPath) in T:\Griffin\SVNDev\FHMC.Graph\FHMC.Graph\Email.cs:line 166 System.Exception: Parent Folder Not Found for Inbox/Completed/VOESystemMatched in voe@firsthome.com
   at FHMC.Graph.Email.getMailFolder(String emailAddress, String folderPath) in T:\Griffin\SVNDev\FHMC.Graph\FHMC.Graph\Email.cs:line 166
2026-05-28 08:44:54.2246 ERROR GraphAPI Failed to Retrieve Folders 
2026-05-28 08:44:54.2616 ERROR System.AggregateException: One or more errors occurred. ---> Microsoft.Graph.ServiceException: Code: InvalidAuthenticationToken
Message: Lifetime validation failed, the token is expired.
Inner error:
	AdditionalData:
	date: 2026-05-28T12:44:54
	request-id: b60a512b-9cb5-4abc-bf7f-d0cb9add6777
	client-request-id: b60a512b-9cb5-4abc-bf7f-d0cb9add6777
ClientRequestId: b60a512b-9cb5-4abc-bf7f-d0cb9add6777

   at Microsoft.Graph.HttpProvider.<SendAsync>d__18.MoveNext()
   --- End of inner exception stack trace ---
   at FHMC.Graph.BaseClass.makeGraphRequest(String url, HttpMethod method, Object content, Dictionary`2 headers, ContentType contentType) in T:\Griffin\SVNDev\FHMC.Graph\FHMC.Graph\BaseClass.cs:line 197
   at FHMC.Graph.Email.getChildFolders(String url) in T:\Griffin\SVNDev\FHMC.Graph\FHMC.Graph\Email.cs:line 215
---> (Inner Exception #0) Status Code: Unauthorized
Microsoft.Graph.ServiceException: Code: InvalidAuthenticationToken
Message: Lifetime validation failed, the token is expired.
Inner error:
	AdditionalData:
	date: 2026-05-28T12:44:54
	request-id: b60a512b-9cb5-4abc-bf7f-d0cb9add6777
	client-request-id: b60a512b-9cb5-4abc-bf7f-d0cb9add6777
ClientRequestId: b60a512b-9cb5-4abc-bf7f-d0cb9add6777

   at Microsoft.Graph.HttpProvider.<SendAsync>d__18.MoveNext()<---
 System.AggregateException: One or more errors occurred. ---> Microsoft.Graph.ServiceException: Code: InvalidAuthenticationToken
Message: Lifetime validation failed, the token is expired.
Inner error:
	AdditionalData:
	date: 2026-05-28T12:44:54
	request-id: b60a512b-9cb5-4abc-bf7f-d0cb9add6777
	client-request-id: b60a512b-9cb5-4abc-bf7f-d0cb9add6777
ClientRequestId: b60a512b-9cb5-4abc-bf7f-d0cb9add6777

   at Microsoft.Graph.HttpProvider.<SendAsync>d__18.MoveNext()
   --- End of inner exception stack trace ---
   at FHMC.Graph.BaseClass.makeGraphRequest(String url, HttpMethod method, Object content, Dictionary`2 headers, ContentType contentType) in T:\Griffin\SVNDev\FHMC.Graph\FHMC.Graph\BaseClass.cs:line 197
   at FHMC.Graph.Email.getChildFolders(String url) in T:\Griffin\SVNDev\FHMC.Graph\FHMC.Graph\Email.cs:line 215
---> (Inner Exception #0) Status Code: Unauthorized
Microsoft.Graph.ServiceException: Code: InvalidAuthenticationToken
Message: Lifetime validation failed, the token is expired.
Inner error:
	AdditionalData:
	date: 2026-05-28T12:44:54
	request-id: b60a512b-9cb5-4abc-bf7f-d0cb9add6777
	client-request-id: b60a512b-9cb5-4abc-bf7f-d0cb9add6777
ClientRequestId: b60a512b-9cb5-4abc-bf7f-d0cb9add6777

   at Microsoft.Graph.HttpProvider.<SendAsync>d__18.MoveNext()<---

2026-05-28 08:44:54.3102 ERROR Error Retrieving Folder for Inbox/VOESystemUnmatched in voe@firsthome.com 
2026-05-28 08:44:54.3422 ERROR System.Exception: Parent Folder Not Found for Inbox/VOESystemUnmatched in voe@firsthome.com
   at FHMC.Graph.Email.getMailFolder(String emailAddress, String folderPath) in T:\Griffin\SVNDev\FHMC.Graph\FHMC.Graph\Email.cs:line 166 System.Exception: Parent Folder Not Found for Inbox/VOESystemUnmatched in voe@firsthome.com
   at FHMC.Graph.Email.getMailFolder(String emailAddress, String folderPath) in T:\Griffin\SVNDev\FHMC.Graph\FHMC.Graph\Email.cs:line 166
2026-05-28 08:44:54.4347 ERROR GraphAPI Failed to Retrieve Folders 
2026-05-28 08:44:54.4677 ERROR System.AggregateException: One or more errors occurred. ---> Microsoft.Graph.ServiceException: Code: InvalidAuthenticationToken
Message: Lifetime validation failed, the token is expired.
Inner error:
	AdditionalData:
	date: 2026-05-28T12:44:54
	request-id: 7580baeb-2392-4868-8a6d-287d52693934
	client-request-id: 7580baeb-2392-4868-8a6d-287d52693934
ClientRequestId: 7580baeb-2392-4868-8a6d-287d52693934

   at Microsoft.Graph.HttpProvider.<SendAsync>d__18.MoveNext()
   --- End of inner exception stack trace ---
   at FHMC.Graph.BaseClass.makeGraphRequest(String url, HttpMethod method, Object content, Dictionary`2 headers, ContentType contentType) in T:\Griffin\SVNDev\FHMC.Graph\FHMC.Graph\BaseClass.cs:line 197
   at FHMC.Graph.Email.getChildFolders(String url) in T:\Griffin\SVNDev\FHMC.Graph\FHMC.Graph\Email.cs:line 215
---> (Inner Exception #0) Status Code: Unauthorized
Microsoft.Graph.ServiceException: Code: InvalidAuthenticationToken
Message: Lifetime validation failed, the token is expired.
Inner error:
	AdditionalData:
	date: 2026-05-28T12:44:54
	request-id: 7580baeb-2392-4868-8a6d-287d52693934
	client-request-id: 7580baeb-2392-4868-8a6d-287d52693934
ClientRequestId: 7580baeb-2392-4868-8a6d-287d52693934

   at Microsoft.Graph.HttpProvider.<SendAsync>d__18.MoveNext()<---
 System.AggregateException: One or more errors occurred. ---> Microsoft.Graph.ServiceException: Code: InvalidAuthenticationToken
Message: Lifetime validation failed, the token is expired.
Inner error:
	AdditionalData:
	date: 2026-05-28T12:44:54
	request-id: 7580baeb-2392-4868-8a6d-287d52693934
	client-request-id: 7580baeb-2392-4868-8a6d-287d52693934
ClientRequestId: 7580baeb-2392-4868-8a6d-287d52693934

   at Microsoft.Graph.HttpProvider.<SendAsync>d__18.MoveNext()
   --- End of inner exception stack trace ---
   at FHMC.Graph.BaseClass.makeGraphRequest(String url, HttpMethod method, Object content, Dictionary`2 headers, ContentType contentType) in T:\Griffin\SVNDev\FHMC.Graph\FHMC.Graph\BaseClass.cs:line 197
   at FHMC.Graph.Email.getChildFolders(String url) in T:\Griffin\SVNDev\FHMC.Graph\FHMC.Graph\Email.cs:line 215
---> (Inner Exception #0) Status Code: Unauthorized
Microsoft.Graph.ServiceException: Code: InvalidAuthenticationToken
Message: Lifetime validation failed, the token is expired.
Inner error:
	AdditionalData:
	date: 2026-05-28T12:44:54
	request-id: 7580baeb-2392-4868-8a6d-287d52693934
	client-request-id: 7580baeb-2392-4868-8a6d-287d52693934
ClientRequestId: 7580baeb-2392-4868-8a6d-287d52693934

   at Microsoft.Graph.HttpProvider.<SendAsync>d__18.MoveNext()<---

2026-05-28 08:44:54.5112 ERROR Error Retrieving Folder for Inbox/VOESystemUnmatched in voe@firsthome.com 
2026-05-28 08:44:54.5517 ERROR System.Exception: Parent Folder Not Found for Inbox/VOESystemUnmatched in voe@firsthome.com
   at FHMC.Graph.Email.getMailFolder(String emailAddress, String folderPath) in T:\Griffin\SVNDev\FHMC.Graph\FHMC.Graph\Email.cs:line 166 System.Exception: Parent Folder Not Found for Inbox/VOESystemUnmatched in voe@firsthome.com
   at FHMC.Graph.Email.getMailFolder(String emailAddress, String folderPath) in T:\Griffin\SVNDev\FHMC.Graph\FHMC.Graph\Email.cs:line 166
2026-05-28 08:44:54.6713 ERROR GraphAPI Failed to Retrieve Folders 
2026-05-28 08:44:54.7215 ERROR System.AggregateException: One or more errors occurred. ---> Microsoft.Graph.ServiceException: Code: InvalidAuthenticationToken
Message: Lifetime validation failed, the token is expired.
Inner error:
	AdditionalData:
	date: 2026-05-28T12:44:54
	request-id: 1d3fc975-8318-4abf-b532-45f0f10052a2
	client-request-id: 1d3fc975-8318-4abf-b532-45f0f10052a2
ClientRequestId: 1d3fc975-8318-4abf-b532-45f0f10052a2

   at Microsoft.Graph.HttpProvider.<SendAsync>d__18.MoveNext()
   --- End of inner exception stack trace ---
   at FHMC.Graph.BaseClass.makeGraphRequest(String url, HttpMethod method, Object content, Dictionary`2 headers, ContentType contentType) in T:\Griffin\SVNDev\FHMC.Graph\FHMC.Graph\BaseClass.cs:line 197
   at FHMC.Graph.Email.getChildFolders(String url) in T:\Griffin\SVNDev\FHMC.Graph\FHMC.Graph\Email.cs:line 215
---> (Inner Exception #0) Status Code: Unauthorized
Microsoft.Graph.ServiceException: Code: InvalidAuthenticationToken
Message: Lifetime validation failed, the token is expired.
Inner error:
	AdditionalData:
	date: 2026-05-28T12:44:54
	request-id: 1d3fc975-8318-4abf-b532-45f0f10052a2
	client-request-id: 1d3fc975-8318-4abf-b532-45f0f10052a2
ClientRequestId: 1d3fc975-8318-4abf-b532-45f0f10052a2

   at Microsoft.Graph.HttpProvider.<SendAsync>d__18.MoveNext()<---
 System.AggregateException: One or more errors occurred. ---> Microsoft.Graph.ServiceException: Code: InvalidAuthenticationToken
Message: Lifetime validation failed, the token is expired.
Inner error:
	AdditionalData:
	date: 2026-05-28T12:44:54
	request-id: 1d3fc975-8318-4abf-b532-45f0f10052a2
	client-request-id: 1d3fc975-8318-4abf-b532-45f0f10052a2
ClientRequestId: 1d3fc975-8318-4abf-b532-45f0f10052a2

   at Microsoft.Graph.HttpProvider.<SendAsync>d__18.MoveNext()
   --- End of inner exception stack trace ---
   at FHMC.Graph.BaseClass.makeGraphRequest(String url, HttpMethod method, Object content, Dictionary`2 headers, ContentType contentType) in T:\Griffin\SVNDev\FHMC.Graph\FHMC.Graph\BaseClass.cs:line 197
   at FHMC.Graph.Email.getChildFolders(String url) in T:\Griffin\SVNDev\FHMC.Graph\FHMC.Graph\Email.cs:line 215
---> (Inner Exception #0) Status Code: Unauthorized
Microsoft.Graph.ServiceException: Code: InvalidAuthenticationToken
Message: Lifetime validation failed, the token is expired.
Inner error:
	AdditionalData:
	date: 2026-05-28T12:44:54
	request-id: 1d3fc975-8318-4abf-b532-45f0f10052a2
	client-request-id: 1d3fc975-8318-4abf-b532-45f0f10052a2
ClientRequestId: 1d3fc975-8318-4abf-b532-45f0f10052a2

   at Microsoft.Graph.HttpProvider.<SendAsync>d__18.MoveNext()<---

2026-05-28 08:44:54.7793 ERROR Error Retrieving Folder for Inbox/VOESystemUnmatched in voe@firsthome.com 
2026-05-28 08:44:54.8131 ERROR System.Exception: Parent Folder Not Found for Inbox/VOESystemUnmatched in voe@firsthome.com
   at FHMC.Graph.Email.getMailFolder(String emailAddress, String folderPath) in T:\Griffin\SVNDev\FHMC.Graph\FHMC.Graph\Email.cs:line 166 System.Exception: Parent Folder Not Found for Inbox/VOESystemUnmatched in voe@firsthome.com
   at FHMC.Graph.Email.getMailFolder(String emailAddress, String folderPath) in T:\Griffin\SVNDev\FHMC.Graph\FHMC.Graph\Email.cs:line 166
2026-05-28 08:44:54.8897 ERROR GraphAPI Failed to Retrieve Folders 
2026-05-28 08:44:54.9263 ERROR System.AggregateException: One or more errors occurred. ---> Microsoft.Graph.ServiceException: Code: InvalidAuthenticationToken
Message: Lifetime validation failed, the token is expired.
Inner error:
	AdditionalData:
	date: 2026-05-28T12:44:54
	request-id: c38e63de-7149-4ec4-8688-3f0b7ad229db
	client-request-id: c38e63de-7149-4ec4-8688-3f0b7ad229db
ClientRequestId: c38e63de-7149-4ec4-8688-3f0b7ad229db

   at Microsoft.Graph.HttpProvider.<SendAsync>d__18.MoveNext()
   --- End of inner exception stack trace ---
   at FHMC.Graph.BaseClass.makeGraphRequest(String url, HttpMethod method, Object content, Dictionary`2 headers, ContentType contentType) in T:\Griffin\SVNDev\FHMC.Graph\FHMC.Graph\BaseClass.cs:line 197
   at FHMC.Graph.Email.getChildFolders(String url) in T:\Griffin\SVNDev\FHMC.Graph\FHMC.Graph\Email.cs:line 215
---> (Inner Exception #0) Status Code: Unauthorized
Microsoft.Graph.ServiceException: Code: InvalidAuthenticationToken
Message: Lifetime validation failed, the token is expired.
Inner error:
	AdditionalData:
	date: 2026-05-28T12:44:54
	request-id: c38e63de-7149-4ec4-8688-3f0b7ad229db
	client-request-id: c38e63de-7149-4ec4-8688-3f0b7ad229db
ClientRequestId: c38e63de-7149-4ec4-8688-3f0b7ad229db

   at Microsoft.Graph.HttpProvider.<SendAsync>d__18.MoveNext()<---
 System.AggregateException: One or more errors occurred. ---> Microsoft.Graph.ServiceException: Code: InvalidAuthenticationToken
Message: Lifetime validation failed, the token is expired.
Inner error:
	AdditionalData:
	date: 2026-05-28T12:44:54
	request-id: c38e63de-7149-4ec4-8688-3f0b7ad229db
	client-request-id: c38e63de-7149-4ec4-8688-3f0b7ad229db
ClientRequestId: c38e63de-7149-4ec4-8688-3f0b7ad229db

   at Microsoft.Graph.HttpProvider.<SendAsync>d__18.MoveNext()
   --- End of inner exception stack trace ---
   at FHMC.Graph.BaseClass.makeGraphRequest(String url, HttpMethod method, Object content, Dictionary`2 headers, ContentType contentType) in T:\Griffin\SVNDev\FHMC.Graph\FHMC.Graph\BaseClass.cs:line 197
   at FHMC.Graph.Email.getChildFolders(String url) in T:\Griffin\SVNDev\FHMC.Graph\FHMC.Graph\Email.cs:line 215
---> (Inner Exception #0) Status Code: Unauthorized
Microsoft.Graph.ServiceException: Code: InvalidAuthenticationToken
Message: Lifetime validation failed, the token is expired.
Inner error:
	AdditionalData:
	date: 2026-05-28T12:44:54
	request-id: c38e63de-7149-4ec4-8688-3f0b7ad229db
	client-request-id: c38e63de-7149-4ec4-8688-3f0b7ad229db
ClientRequestId: c38e63de-7149-4ec4-8688-3f0b7ad229db

   at Microsoft.Graph.HttpProvider.<SendAsync>d__18.MoveNext()<---

2026-05-28 08:44:54.9743 ERROR Error Retrieving Folder for Inbox/VOESystemUnmatched in voe@firsthome.com 
2026-05-28 08:44:55.0198 ERROR System.Exception: Parent Folder Not Found for Inbox/VOESystemUnmatched in voe@firsthome.com
   at FHMC.Graph.Email.getMailFolder(String emailAddress, String folderPath) in T:\Griffin\SVNDev\FHMC.Graph\FHMC.Graph\Email.cs:line 166 System.Exception: Parent Folder Not Found for Inbox/VOESystemUnmatched in voe@firsthome.com
   at FHMC.Graph.Email.getMailFolder(String emailAddress, String folderPath) in T:\Griffin\SVNDev\FHMC.Graph\FHMC.Graph\Email.cs:line 166
2026-05-28 08:44:55.1008 ERROR GraphAPI Failed to Retrieve Folders 
2026-05-28 08:44:55.1330 ERROR System.AggregateException: One or more errors occurred. ---> Microsoft.Graph.ServiceException: Code: InvalidAuthenticationToken
Message: Lifetime validation failed, the token is expired.
Inner error:
	AdditionalData:
	date: 2026-05-28T12:44:55
	request-id: cc7d2d97-fc12-4e11-b0b3-8011d80d3c78
	client-request-id: cc7d2d97-fc12-4e11-b0b3-8011d80d3c78
ClientRequestId: cc7d2d97-fc12-4e11-b0b3-8011d80d3c78

   at Microsoft.Graph.HttpProvider.<SendAsync>d__18.MoveNext()
   --- End of inner exception stack trace ---
   at FHMC.Graph.BaseClass.makeGraphRequest(String url, HttpMethod method, Object content, Dictionary`2 headers, ContentType contentType) in T:\Griffin\SVNDev\FHMC.Graph\FHMC.Graph\BaseClass.cs:line 197
   at FHMC.Graph.Email.getChildFolders(String url) in T:\Griffin\SVNDev\FHMC.Graph\FHMC.Graph\Email.cs:line 215
---> (Inner Exception #0) Status Code: Unauthorized
Microsoft.Graph.ServiceException: Code: InvalidAuthenticationToken
Message: Lifetime validation failed, the token is expired.
Inner error:
	AdditionalData:
	date: 2026-05-28T12:44:55
	request-id: cc7d2d97-fc12-4e11-b0b3-8011d80d3c78
	client-request-id: cc7d2d97-fc12-4e11-b0b3-8011d80d3c78
ClientRequestId: cc7d2d97-fc12-4e11-b0b3-8011d80d3c78

   at Microsoft.Graph.HttpProvider.<SendAsync>d__18.MoveNext()<---
 System.AggregateException: One or more errors occurred. ---> Microsoft.Graph.ServiceException: Code: InvalidAuthenticationToken
Message: Lifetime validation failed, the token is expired.
Inner error:
	AdditionalData:
	date: 2026-05-28T12:44:55
	request-id: cc7d2d97-fc12-4e11-b0b3-8011d80d3c78
	client-request-id: cc7d2d97-fc12-4e11-b0b3-8011d80d3c78
ClientRequestId: cc7d2d97-fc12-4e11-b0b3-8011d80d3c78

   at Microsoft.Graph.HttpProvider.<SendAsync>d__18.MoveNext()
   --- End of inner exception stack trace ---
   at FHMC.Graph.BaseClass.makeGraphRequest(String url, HttpMethod method, Object content, Dictionary`2 headers, ContentType contentType) in T:\Griffin\SVNDev\FHMC.Graph\FHMC.Graph\BaseClass.cs:line 197
   at FHMC.Graph.Email.getChildFolders(String url) in T:\Griffin\SVNDev\FHMC.Graph\FHMC.Graph\Email.cs:line 215
---> (Inner Exception #0) Status Code: Unauthorized
Microsoft.Graph.ServiceException: Code: InvalidAuthenticationToken
Message: Lifetime validation failed, the token is expired.
Inner error:
	AdditionalData:
	date: 2026-05-28T12:44:55
	request-id: cc7d2d97-fc12-4e11-b0b3-8011d80d3c78
	client-request-id: cc7d2d97-fc12-4e11-b0b3-8011d80d3c78
ClientRequestId: cc7d2d97-fc12-4e11-b0b3-8011d80d3c78

   at Microsoft.Graph.HttpProvider.<SendAsync>d__18.MoveNext()<---

2026-05-28 08:44:55.1766 ERROR Error Retrieving Folder for Inbox/VOESystemUnmatched in voe@firsthome.com 
2026-05-28 08:44:55.2097 ERROR System.Exception: Parent Folder Not Found for Inbox/VOESystemUnmatched in voe@firsthome.com
   at FHMC.Graph.Email.getMailFolder(String emailAddress, String folderPath) in T:\Griffin\SVNDev\FHMC.Graph\FHMC.Graph\Email.cs:line 166 System.Exception: Parent Folder Not Found for Inbox/VOESystemUnmatched in voe@firsthome.com
   at FHMC.Graph.Email.getMailFolder(String emailAddress, String folderPath) in T:\Griffin\SVNDev\FHMC.Graph\FHMC.Graph\Email.cs:line 166
2026-05-28 08:44:55.2907 ERROR GraphAPI Failed to Retrieve Folders 
2026-05-28 08:44:55.3242 ERROR System.AggregateException: One or more errors occurred. ---> Microsoft.Graph.ServiceException: Code: InvalidAuthenticationToken
Message: Lifetime validation failed, the token is expired.
Inner error:
	AdditionalData:
	date: 2026-05-28T12:44:55
	request-id: 07839d68-87fa-4697-a2a4-6fdb1b373a02
	client-request-id: 07839d68-87fa-4697-a2a4-6fdb1b373a02
ClientRequestId: 07839d68-87fa-4697-a2a4-6fdb1b373a02

   at Microsoft.Graph.HttpProvider.<SendAsync>d__18.MoveNext()
   --- End of inner exception stack trace ---
   at FHMC.Graph.BaseClass.makeGraphRequest(String url, HttpMethod method, Object content, Dictionary`2 headers, ContentType contentType) in T:\Griffin\SVNDev\FHMC.Graph\FHMC.Graph\BaseClass.cs:line 197
   at FHMC.Graph.Email.getChildFolders(String url) in T:\Griffin\SVNDev\FHMC.Graph\FHMC.Graph\Email.cs:line 215
---> (Inner Exception #0) Status Code: Unauthorized
Microsoft.Graph.ServiceException: Code: InvalidAuthenticationToken
Message: Lifetime validation failed, the token is expired.
Inner error:
	AdditionalData:
	date: 2026-05-28T12:44:55
	request-id: 07839d68-87fa-4697-a2a4-6fdb1b373a02
	client-request-id: 07839d68-87fa-4697-a2a4-6fdb1b373a02
ClientRequestId: 07839d68-87fa-4697-a2a4-6fdb1b373a02

   at Microsoft.Graph.HttpProvider.<SendAsync>d__18.MoveNext()<---
 System.AggregateException: One or more errors occurred. ---> Microsoft.Graph.ServiceException: Code: InvalidAuthenticationToken
Message: Lifetime validation failed, the token is expired.
Inner error:
	AdditionalData:
	date: 2026-05-28T12:44:55
	request-id: 07839d68-87fa-4697-a2a4-6fdb1b373a02
	client-request-id: 07839d68-87fa-4697-a2a4-6fdb1b373a02
ClientRequestId: 07839d68-87fa-4697-a2a4-6fdb1b373a02

   at Microsoft.Graph.HttpProvider.<SendAsync>d__18.MoveNext()
   --- End of inner exception stack trace ---
   at FHMC.Graph.BaseClass.makeGraphRequest(String url, HttpMethod method, Object content, Dictionary`2 headers, ContentType contentType) in T:\Griffin\SVNDev\FHMC.Graph\FHMC.Graph\BaseClass.cs:line 197
   at FHMC.Graph.Email.getChildFolders(String url) in T:\Griffin\SVNDev\FHMC.Graph\FHMC.Graph\Email.cs:line 215
---> (Inner Exception #0) Status Code: Unauthorized
Microsoft.Graph.ServiceException: Code: InvalidAuthenticationToken
Message: Lifetime validation failed, the token is expired.
Inner error:
	AdditionalData:
	date: 2026-05-28T12:44:55
	request-id: 07839d68-87fa-4697-a2a4-6fdb1b373a02
	client-request-id: 07839d68-87fa-4697-a2a4-6fdb1b373a02
ClientRequestId: 07839d68-87fa-4697-a2a4-6fdb1b373a02

   at Microsoft.Graph.HttpProvider.<SendAsync>d__18.MoveNext()<---

2026-05-28 08:44:55.3692 ERROR Error Retrieving Folder for Inbox/VOESystemUnmatched in voe@firsthome.com 
2026-05-28 08:44:55.4147 ERROR System.Exception: Parent Folder Not Found for Inbox/VOESystemUnmatched in voe@firsthome.com
   at FHMC.Graph.Email.getMailFolder(String emailAddress, String folderPath) in T:\Griffin\SVNDev\FHMC.Graph\FHMC.Graph\Email.cs:line 166 System.Exception: Parent Folder Not Found for Inbox/VOESystemUnmatched in voe@firsthome.com
   at FHMC.Graph.Email.getMailFolder(String emailAddress, String folderPath) in T:\Griffin\SVNDev\FHMC.Graph\FHMC.Graph\Email.cs:line 166
2026-05-28 08:44:55.5072 ERROR GraphAPI Failed to Retrieve Folders 
2026-05-28 08:44:55.5422 ERROR System.AggregateException: One or more errors occurred. ---> Microsoft.Graph.ServiceException: Code: InvalidAuthenticationToken
Message: Lifetime validation failed, the token is expired.
Inner error:
	AdditionalData:
	date: 2026-05-28T12:44:55
	request-id: ef76e206-e796-4243-82d4-f8e9f637ddb2
	client-request-id: ef76e206-e796-4243-82d4-f8e9f637ddb2
ClientRequestId: ef76e206-e796-4243-82d4-f8e9f637ddb2

   at Microsoft.Graph.HttpProvider.<SendAsync>d__18.MoveNext()
   --- End of inner exception stack trace ---
   at FHMC.Graph.BaseClass.makeGraphRequest(String url, HttpMethod method, Object content, Dictionary`2 headers, ContentType contentType) in T:\Griffin\SVNDev\FHMC.Graph\FHMC.Graph\BaseClass.cs:line 197
   at FHMC.Graph.Email.getChildFolders(String url) in T:\Griffin\SVNDev\FHMC.Graph\FHMC.Graph\Email.cs:line 215
---> (Inner Exception #0) Status Code: Unauthorized
Microsoft.Graph.ServiceException: Code: InvalidAuthenticationToken
Message: Lifetime validation failed, the token is expired.
Inner error:
	AdditionalData:
	date: 2026-05-28T12:44:55
	request-id: ef76e206-e796-4243-82d4-f8e9f637ddb2
	client-request-id: ef76e206-e796-4243-82d4-f8e9f637ddb2
ClientRequestId: ef76e206-e796-4243-82d4-f8e9f637ddb2

   at Microsoft.Graph.HttpProvider.<SendAsync>d__18.MoveNext()<---
 System.AggregateException: One or more errors occurred. ---> Microsoft.Graph.ServiceException: Code: InvalidAuthenticationToken
Message: Lifetime validation failed, the token is expired.
Inner error:
	AdditionalData:
	date: 2026-05-28T12:44:55
	request-id: ef76e206-e796-4243-82d4-f8e9f637ddb2
	client-request-id: ef76e206-e796-4243-82d4-f8e9f637ddb2
ClientRequestId: ef76e206-e796-4243-82d4-f8e9f637ddb2

   at Microsoft.Graph.HttpProvider.<SendAsync>d__18.MoveNext()
   --- End of inner exception stack trace ---
   at FHMC.Graph.BaseClass.makeGraphRequest(String url, HttpMethod method, Object content, Dictionary`2 headers, ContentType contentType) in T:\Griffin\SVNDev\FHMC.Graph\FHMC.Graph\BaseClass.cs:line 197
   at FHMC.Graph.Email.getChildFolders(String url) in T:\Griffin\SVNDev\FHMC.Graph\FHMC.Graph\Email.cs:line 215
---> (Inner Exception #0) Status Code: Unauthorized
Microsoft.Graph.ServiceException: Code: InvalidAuthenticationToken
Message: Lifetime validation failed, the token is expired.
Inner error:
	AdditionalData:
	date: 2026-05-28T12:44:55
	request-id: ef76e206-e796-4243-82d4-f8e9f637ddb2
	client-request-id: ef76e206-e796-4243-82d4-f8e9f637ddb2
ClientRequestId: ef76e206-e796-4243-82d4-f8e9f637ddb2

   at Microsoft.Graph.HttpProvider.<SendAsync>d__18.MoveNext()<---

2026-05-28 08:44:55.6606 ERROR Error Retrieving Folder for Inbox/VOESystemUnmatched in voe@firsthome.com 
2026-05-28 08:44:55.6996 ERROR System.Exception: Parent Folder Not Found for Inbox/VOESystemUnmatched in voe@firsthome.com
   at FHMC.Graph.Email.getMailFolder(String emailAddress, String folderPath) in T:\Griffin\SVNDev\FHMC.Graph\FHMC.Graph\Email.cs:line 166 System.Exception: Parent Folder Not Found for Inbox/VOESystemUnmatched in voe@firsthome.com
   at FHMC.Graph.Email.getMailFolder(String emailAddress, String folderPath) in T:\Griffin\SVNDev\FHMC.Graph\FHMC.Graph\Email.cs:line 166
2026-05-28 08:44:55.7820 ERROR GraphAPI Failed to Retrieve Folders 
2026-05-28 08:44:55.8311 ERROR System.AggregateException: One or more errors occurred. ---> Microsoft.Graph.ServiceException: Code: InvalidAuthenticationToken
Message: Lifetime validation failed, the token is expired.
Inner error:
	AdditionalData:
	date: 2026-05-28T12:44:55
	request-id: bacead56-0fdf-471f-bac6-d593e195704d
	client-request-id: bacead56-0fdf-471f-bac6-d593e195704d
ClientRequestId: bacead56-0fdf-471f-bac6-d593e195704d

   at Microsoft.Graph.HttpProvider.<SendAsync>d__18.MoveNext()
   --- End of inner exception stack trace ---
   at FHMC.Graph.BaseClass.makeGraphRequest(String url, HttpMethod method, Object content, Dictionary`2 headers, ContentType contentType) in T:\Griffin\SVNDev\FHMC.Graph\FHMC.Graph\BaseClass.cs:line 197
   at FHMC.Graph.Email.getChildFolders(String url) in T:\Griffin\SVNDev\FHMC.Graph\FHMC.Graph\Email.cs:line 215
---> (Inner Exception #0) Status Code: Unauthorized
Microsoft.Graph.ServiceException: Code: InvalidAuthenticationToken
Message: Lifetime validation failed, the token is expired.
Inner error:
	AdditionalData:
	date: 2026-05-28T12:44:55
	request-id: bacead56-0fdf-471f-bac6-d593e195704d
	client-request-id: bacead56-0fdf-471f-bac6-d593e195704d
ClientRequestId: bacead56-0fdf-471f-bac6-d593e195704d

   at Microsoft.Graph.HttpProvider.<SendAsync>d__18.MoveNext()<---
 System.AggregateException: One or more errors occurred. ---> Microsoft.Graph.ServiceException: Code: InvalidAuthenticationToken
Message: Lifetime validation failed, the token is expired.
Inner error:
	AdditionalData:
	date: 2026-05-28T12:44:55
	request-id: bacead56-0fdf-471f-bac6-d593e195704d
	client-request-id: bacead56-0fdf-471f-bac6-d593e195704d
ClientRequestId: bacead56-0fdf-471f-bac6-d593e195704d

   at Microsoft.Graph.HttpProvider.<SendAsync>d__18.MoveNext()
   --- End of inner exception stack trace ---
   at FHMC.Graph.BaseClass.makeGraphRequest(String url, HttpMethod method, Object content, Dictionary`2 headers, ContentType contentType) in T:\Griffin\SVNDev\FHMC.Graph\FHMC.Graph\BaseClass.cs:line 197
   at FHMC.Graph.Email.getChildFolders(String url) in T:\Griffin\SVNDev\FHMC.Graph\FHMC.Graph\Email.cs:line 215
---> (Inner Exception #0) Status Code: Unauthorized
Microsoft.Graph.ServiceException: Code: InvalidAuthenticationToken
Message: Lifetime validation failed, the token is expired.
Inner error:
	AdditionalData:
	date: 2026-05-28T12:44:55
	request-id: bacead56-0fdf-471f-bac6-d593e195704d
	client-request-id: bacead56-0fdf-471f-bac6-d593e195704d
ClientRequestId: bacead56-0fdf-471f-bac6-d593e195704d

   at Microsoft.Graph.HttpProvider.<SendAsync>d__18.MoveNext()<---

2026-05-28 08:44:55.9041 ERROR Error Retrieving Folder for Inbox/VOESystemUnmatched in voe@firsthome.com 
2026-05-28 08:44:55.9381 ERROR System.Exception: Parent Folder Not Found for Inbox/VOESystemUnmatched in voe@firsthome.com
   at FHMC.Graph.Email.getMailFolder(String emailAddress, String folderPath) in T:\Griffin\SVNDev\FHMC.Graph\FHMC.Graph\Email.cs:line 166 System.Exception: Parent Folder Not Found for Inbox/VOESystemUnmatched in voe@firsthome.com
   at FHMC.Graph.Email.getMailFolder(String emailAddress, String folderPath) in T:\Griffin\SVNDev\FHMC.Graph\FHMC.Graph\Email.cs:line 166
2026-05-28 08:44:56.0127 ERROR GraphAPI Failed to Retrieve Folders 
2026-05-28 08:44:56.0417 ERROR System.AggregateException: One or more errors occurred. ---> Microsoft.Graph.ServiceException: Code: InvalidAuthenticationToken
Message: Lifetime validation failed, the token is expired.
Inner error:
	AdditionalData:
	date: 2026-05-28T12:44:55
	request-id: ac2b1a67-4291-4a2b-92cf-1c9f80877302
	client-request-id: ac2b1a67-4291-4a2b-92cf-1c9f80877302
ClientRequestId: ac2b1a67-4291-4a2b-92cf-1c9f80877302

   at Microsoft.Graph.HttpProvider.<SendAsync>d__18.MoveNext()
   --- End of inner exception stack trace ---
   at FHMC.Graph.BaseClass.makeGraphRequest(String url, HttpMethod method, Object content, Dictionary`2 headers, ContentType contentType) in T:\Griffin\SVNDev\FHMC.Graph\FHMC.Graph\BaseClass.cs:line 197
   at FHMC.Graph.Email.getChildFolders(String url) in T:\Griffin\SVNDev\FHMC.Graph\FHMC.Graph\Email.cs:line 215
---> (Inner Exception #0) Status Code: Unauthorized
Microsoft.Graph.ServiceException: Code: InvalidAuthenticationToken
Message: Lifetime validation failed, the token is expired.
Inner error:
	AdditionalData:
	date: 2026-05-28T12:44:55
	request-id: ac2b1a67-4291-4a2b-92cf-1c9f80877302
	client-request-id: ac2b1a67-4291-4a2b-92cf-1c9f80877302
ClientRequestId: ac2b1a67-4291-4a2b-92cf-1c9f80877302

   at Microsoft.Graph.HttpProvider.<SendAsync>d__18.MoveNext()<---
 System.AggregateException: One or more errors occurred. ---> Microsoft.Graph.ServiceException: Code: InvalidAuthenticationToken
Message: Lifetime validation failed, the token is expired.
Inner error:
	AdditionalData:
	date: 2026-05-28T12:44:55
	request-id: ac2b1a67-4291-4a2b-92cf-1c9f80877302
	client-request-id: ac2b1a67-4291-4a2b-92cf-1c9f80877302
ClientRequestId: ac2b1a67-4291-4a2b-92cf-1c9f80877302

   at Microsoft.Graph.HttpProvider.<SendAsync>d__18.MoveNext()
   --- End of inner exception stack trace ---
   at FHMC.Graph.BaseClass.makeGraphRequest(String url, HttpMethod method, Object content, Dictionary`2 headers, ContentType contentType) in T:\Griffin\SVNDev\FHMC.Graph\FHMC.Graph\BaseClass.cs:line 197
   at FHMC.Graph.Email.getChildFolders(String url) in T:\Griffin\SVNDev\FHMC.Graph\FHMC.Graph\Email.cs:line 215
---> (Inner Exception #0) Status Code: Unauthorized
Microsoft.Graph.ServiceException: Code: InvalidAuthenticationToken
Message: Lifetime validation failed, the token is expired.
Inner error:
	AdditionalData:
	date: 2026-05-28T12:44:55
	request-id: ac2b1a67-4291-4a2b-92cf-1c9f80877302
	client-request-id: ac2b1a67-4291-4a2b-92cf-1c9f80877302
ClientRequestId: ac2b1a67-4291-4a2b-92cf-1c9f80877302

   at Microsoft.Graph.HttpProvider.<SendAsync>d__18.MoveNext()<---

2026-05-28 08:44:56.0852 ERROR Error Retrieving Folder for Inbox/VOESystemUnmatched in voe@firsthome.com 
2026-05-28 08:44:56.1192 ERROR System.Exception: Parent Folder Not Found for Inbox/VOESystemUnmatched in voe@firsthome.com
   at FHMC.Graph.Email.getMailFolder(String emailAddress, String folderPath) in T:\Griffin\SVNDev\FHMC.Graph\FHMC.Graph\Email.cs:line 166 System.Exception: Parent Folder Not Found for Inbox/VOESystemUnmatched in voe@firsthome.com
   at FHMC.Graph.Email.getMailFolder(String emailAddress, String folderPath) in T:\Griffin\SVNDev\FHMC.Graph\FHMC.Graph\Email.cs:line 166
2026-05-28 08:44:56.2135 ERROR GraphAPI Failed to Retrieve Folders 
2026-05-28 08:44:56.2856 ERROR System.AggregateException: One or more errors occurred. ---> Microsoft.Graph.ServiceException: Code: InvalidAuthenticationToken
Message: Lifetime validation failed, the token is expired.
Inner error:
	AdditionalData:
	date: 2026-05-28T12:44:56
	request-id: 0ded01ba-1cc2-4edf-a874-77fed648313a
	client-request-id: 0ded01ba-1cc2-4edf-a874-77fed648313a
ClientRequestId: 0ded01ba-1cc2-4edf-a874-77fed648313a

   at Microsoft.Graph.HttpProvider.<SendAsync>d__18.MoveNext()
   --- End of inner exception stack trace ---
   at FHMC.Graph.BaseClass.makeGraphRequest(String url, HttpMethod method, Object content, Dictionary`2 headers, ContentType contentType) in T:\Griffin\SVNDev\FHMC.Graph\FHMC.Graph\BaseClass.cs:line 197
   at FHMC.Graph.Email.getChildFolders(String url) in T:\Griffin\SVNDev\FHMC.Graph\FHMC.Graph\Email.cs:line 215
---> (Inner Exception #0) Status Code: Unauthorized
Microsoft.Graph.ServiceException: Code: InvalidAuthenticationToken
Message: Lifetime validation failed, the token is expired.
Inner error:
	AdditionalData:
	date: 2026-05-28T12:44:56
	request-id: 0ded01ba-1cc2-4edf-a874-77fed648313a
	client-request-id: 0ded01ba-1cc2-4edf-a874-77fed648313a
ClientRequestId: 0ded01ba-1cc2-4edf-a874-77fed648313a

   at Microsoft.Graph.HttpProvider.<SendAsync>d__18.MoveNext()<---
 System.AggregateException: One or more errors occurred. ---> Microsoft.Graph.ServiceException: Code: InvalidAuthenticationToken
Message: Lifetime validation failed, the token is expired.
Inner error:
	AdditionalData:
	date: 2026-05-28T12:44:56
	request-id: 0ded01ba-1cc2-4edf-a874-77fed648313a
	client-request-id: 0ded01ba-1cc2-4edf-a874-77fed648313a
ClientRequestId: 0ded01ba-1cc2-4edf-a874-77fed648313a

   at Microsoft.Graph.HttpProvider.<SendAsync>d__18.MoveNext()
   --- End of inner exception stack trace ---
   at FHMC.Graph.BaseClass.makeGraphRequest(String url, HttpMethod method, Object content, Dictionary`2 headers, ContentType contentType) in T:\Griffin\SVNDev\FHMC.Graph\FHMC.Graph\BaseClass.cs:line 197
   at FHMC.Graph.Email.getChildFolders(String url) in T:\Griffin\SVNDev\FHMC.Graph\FHMC.Graph\Email.cs:line 215
---> (Inner Exception #0) Status Code: Unauthorized
Microsoft.Graph.ServiceException: Code: InvalidAuthenticationToken
Message: Lifetime validation failed, the token is expired.
Inner error:
	AdditionalData:
	date: 2026-05-28T12:44:56
	request-id: 0ded01ba-1cc2-4edf-a874-77fed648313a
	client-request-id: 0ded01ba-1cc2-4edf-a874-77fed648313a
ClientRequestId: 0ded01ba-1cc2-4edf-a874-77fed648313a

   at Microsoft.Graph.HttpProvider.<SendAsync>d__18.MoveNext()<---

2026-05-28 08:44:56.3281 ERROR Error Retrieving Folder for Inbox/VOESystemUnmatched in voe@firsthome.com 
2026-05-28 08:44:56.3601 ERROR System.Exception: Parent Folder Not Found for Inbox/VOESystemUnmatched in voe@firsthome.com
   at FHMC.Graph.Email.getMailFolder(String emailAddress, String folderPath) in T:\Griffin\SVNDev\FHMC.Graph\FHMC.Graph\Email.cs:line 166 System.Exception: Parent Folder Not Found for Inbox/VOESystemUnmatched in voe@firsthome.com
   at FHMC.Graph.Email.getMailFolder(String emailAddress, String folderPath) in T:\Griffin\SVNDev\FHMC.Graph\FHMC.Graph\Email.cs:line 166
2026-05-28 08:44:56.4577 ERROR GraphAPI Failed to Retrieve Folders 
2026-05-28 08:44:56.4847 ERROR System.AggregateException: One or more errors occurred. ---> Microsoft.Graph.ServiceException: Code: InvalidAuthenticationToken
Message: Lifetime validation failed, the token is expired.
Inner error:
	AdditionalData:
	date: 2026-05-28T12:44:56
	request-id: 1e51dce7-d306-4197-9678-55cf06b909e6
	client-request-id: 1e51dce7-d306-4197-9678-55cf06b909e6
ClientRequestId: 1e51dce7-d306-4197-9678-55cf06b909e6

   at Microsoft.Graph.HttpProvider.<SendAsync>d__18.MoveNext()
   --- End of inner exception stack trace ---
   at FHMC.Graph.BaseClass.makeGraphRequest(String url, HttpMethod method, Object content, Dictionary`2 headers, ContentType contentType) in T:\Griffin\SVNDev\FHMC.Graph\FHMC.Graph\BaseClass.cs:line 197
   at FHMC.Graph.Email.getChildFolders(String url) in T:\Griffin\SVNDev\FHMC.Graph\FHMC.Graph\Email.cs:line 215
---> (Inner Exception #0) Status Code: Unauthorized
Microsoft.Graph.ServiceException: Code: InvalidAuthenticationToken
Message: Lifetime validation failed, the token is expired.
Inner error:
	AdditionalData:
	date: 2026-05-28T12:44:56
	request-id: 1e51dce7-d306-4197-9678-55cf06b909e6
	client-request-id: 1e51dce7-d306-4197-9678-55cf06b909e6
ClientRequestId: 1e51dce7-d306-4197-9678-55cf06b909e6

   at Microsoft.Graph.HttpProvider.<SendAsync>d__18.MoveNext()<---
 System.AggregateException: One or more errors occurred. ---> Microsoft.Graph.ServiceException: Code: InvalidAuthenticationToken
Message: Lifetime validation failed, the token is expired.
Inner error:
	AdditionalData:
	date: 2026-05-28T12:44:56
	request-id: 1e51dce7-d306-4197-9678-55cf06b909e6
	client-request-id: 1e51dce7-d306-4197-9678-55cf06b909e6
ClientRequestId: 1e51dce7-d306-4197-9678-55cf06b909e6

   at Microsoft.Graph.HttpProvider.<SendAsync>d__18.MoveNext()
   --- End of inner exception stack trace ---
   at FHMC.Graph.BaseClass.makeGraphRequest(String url, HttpMethod method, Object content, Dictionary`2 headers, ContentType contentType) in T:\Griffin\SVNDev\FHMC.Graph\FHMC.Graph\BaseClass.cs:line 197
   at FHMC.Graph.Email.getChildFolders(String url) in T:\Griffin\SVNDev\FHMC.Graph\FHMC.Graph\Email.cs:line 215
---> (Inner Exception #0) Status Code: Unauthorized
Microsoft.Graph.ServiceException: Code: InvalidAuthenticationToken
Message: Lifetime validation failed, the token is expired.
Inner error:
	AdditionalData:
	date: 2026-05-28T12:44:56
	request-id: 1e51dce7-d306-4197-9678-55cf06b909e6
	client-request-id: 1e51dce7-d306-4197-9678-55cf06b909e6
ClientRequestId: 1e51dce7-d306-4197-9678-55cf06b909e6

   at Microsoft.Graph.HttpProvider.<SendAsync>d__18.MoveNext()<---

2026-05-28 08:44:56.5302 ERROR Error Retrieving Folder for Inbox/VOESystemUnmatched in voe@firsthome.com 
2026-05-28 08:44:56.5572 ERROR System.Exception: Parent Folder Not Found for Inbox/VOESystemUnmatched in voe@firsthome.com
   at FHMC.Graph.Email.getMailFolder(String emailAddress, String folderPath) in T:\Griffin\SVNDev\FHMC.Graph\FHMC.Graph\Email.cs:line 166 System.Exception: Parent Folder Not Found for Inbox/VOESystemUnmatched in voe@firsthome.com
   at FHMC.Graph.Email.getMailFolder(String emailAddress, String folderPath) in T:\Griffin\SVNDev\FHMC.Graph\FHMC.Graph\Email.cs:line 166
2026-05-28 08:44:56.6393 ERROR GraphAPI Failed to Retrieve Folders 
2026-05-28 08:44:56.6698 ERROR System.AggregateException: One or more errors occurred. ---> Microsoft.Graph.ServiceException: Code: InvalidAuthenticationToken
Message: Lifetime validation failed, the token is expired.
Inner error:
	AdditionalData:
	date: 2026-05-28T12:44:56
	request-id: c7b90225-4141-4e7a-8b79-63541aaa2f08
	client-request-id: c7b90225-4141-4e7a-8b79-63541aaa2f08
ClientRequestId: c7b90225-4141-4e7a-8b79-63541aaa2f08

   at Microsoft.Graph.HttpProvider.<SendAsync>d__18.MoveNext()
   --- End of inner exception stack trace ---
   at FHMC.Graph.BaseClass.makeGraphRequest(String url, HttpMethod method, Object content, Dictionary`2 headers, ContentType contentType) in T:\Griffin\SVNDev\FHMC.Graph\FHMC.Graph\BaseClass.cs:line 197
   at FHMC.Graph.Email.getChildFolders(String url) in T:\Griffin\SVNDev\FHMC.Graph\FHMC.Graph\Email.cs:line 215
---> (Inner Exception #0) Status Code: Unauthorized
Microsoft.Graph.ServiceException: Code: InvalidAuthenticationToken
Message: Lifetime validation failed, the token is expired.
Inner error:
	AdditionalData:
	date: 2026-05-28T12:44:56
	request-id: c7b90225-4141-4e7a-8b79-63541aaa2f08
	client-request-id: c7b90225-4141-4e7a-8b79-63541aaa2f08
ClientRequestId: c7b90225-4141-4e7a-8b79-63541aaa2f08

   at Microsoft.Graph.HttpProvider.<SendAsync>d__18.MoveNext()<---
 System.AggregateException: One or more errors occurred. ---> Microsoft.Graph.ServiceException: Code: InvalidAuthenticationToken
Message: Lifetime validation failed, the token is expired.
Inner error:
	AdditionalData:
	date: 2026-05-28T12:44:56
	request-id: c7b90225-4141-4e7a-8b79-63541aaa2f08
	client-request-id: c7b90225-4141-4e7a-8b79-63541aaa2f08
ClientRequestId: c7b90225-4141-4e7a-8b79-63541aaa2f08

   at Microsoft.Graph.HttpProvider.<SendAsync>d__18.MoveNext()
   --- End of inner exception stack trace ---
   at FHMC.Graph.BaseClass.makeGraphRequest(String url, HttpMethod method, Object content, Dictionary`2 headers, ContentType contentType) in T:\Griffin\SVNDev\FHMC.Graph\FHMC.Graph\BaseClass.cs:line 197
   at FHMC.Graph.Email.getChildFolders(String url) in T:\Griffin\SVNDev\FHMC.Graph\FHMC.Graph\Email.cs:line 215
---> (Inner Exception #0) Status Code: Unauthorized
Microsoft.Graph.ServiceException: Code: InvalidAuthenticationToken
Message: Lifetime validation failed, the token is expired.
Inner error:
	AdditionalData:
	date: 2026-05-28T12:44:56
	request-id: c7b90225-4141-4e7a-8b79-63541aaa2f08
	client-request-id: c7b90225-4141-4e7a-8b79-63541aaa2f08
ClientRequestId: c7b90225-4141-4e7a-8b79-63541aaa2f08

   at Microsoft.Graph.HttpProvider.<SendAsync>d__18.MoveNext()<---

2026-05-28 08:44:56.7058 ERROR Error Retrieving Folder for Inbox/VOESystemUnmatched in voe@firsthome.com 
2026-05-28 08:44:56.7313 ERROR System.Exception: Parent Folder Not Found for Inbox/VOESystemUnmatched in voe@firsthome.com
   at FHMC.Graph.Email.getMailFolder(String emailAddress, String folderPath) in T:\Griffin\SVNDev\FHMC.Graph\FHMC.Graph\Email.cs:line 166 System.Exception: Parent Folder Not Found for Inbox/VOESystemUnmatched in voe@firsthome.com
   at FHMC.Graph.Email.getMailFolder(String emailAddress, String folderPath) in T:\Griffin\SVNDev\FHMC.Graph\FHMC.Graph\Email.cs:line 166
2026-05-28 08:44:56.8053 ERROR GraphAPI Failed to Retrieve Folders 
2026-05-28 08:44:56.8318 ERROR System.AggregateException: One or more errors occurred. ---> Microsoft.Graph.ServiceException: Code: InvalidAuthenticationToken
Message: Lifetime validation failed, the token is expired.
Inner error:
	AdditionalData:
	date: 2026-05-28T12:44:56
	request-id: e6ebad71-7fd0-4749-b912-4cccb5b628de
	client-request-id: e6ebad71-7fd0-4749-b912-4cccb5b628de
ClientRequestId: e6ebad71-7fd0-4749-b912-4cccb5b628de

   at Microsoft.Graph.HttpProvider.<SendAsync>d__18.MoveNext()
   --- End of inner exception stack trace ---
   at FHMC.Graph.BaseClass.makeGraphRequest(String url, HttpMethod method, Object content, Dictionary`2 headers, ContentType contentType) in T:\Griffin\SVNDev\FHMC.Graph\FHMC.Graph\BaseClass.cs:line 197
   at FHMC.Graph.Email.getChildFolders(String url) in T:\Griffin\SVNDev\FHMC.Graph\FHMC.Graph\Email.cs:line 215
---> (Inner Exception #0) Status Code: Unauthorized
Microsoft.Graph.ServiceException: Code: InvalidAuthenticationToken
Message: Lifetime validation failed, the token is expired.
Inner error:
	AdditionalData:
	date: 2026-05-28T12:44:56
	request-id: e6ebad71-7fd0-4749-b912-4cccb5b628de
	client-request-id: e6ebad71-7fd0-4749-b912-4cccb5b628de
ClientRequestId: e6ebad71-7fd0-4749-b912-4cccb5b628de

   at Microsoft.Graph.HttpProvider.<SendAsync>d__18.MoveNext()<---
 System.AggregateException: One or more errors occurred. ---> Microsoft.Graph.ServiceException: Code: InvalidAuthenticationToken
Message: Lifetime validation failed, the token is expired.
Inner error:
	AdditionalData:
	date: 2026-05-28T12:44:56
	request-id: e6ebad71-7fd0-4749-b912-4cccb5b628de
	client-request-id: e6ebad71-7fd0-4749-b912-4cccb5b628de
ClientRequestId: e6ebad71-7fd0-4749-b912-4cccb5b628de

   at Microsoft.Graph.HttpProvider.<SendAsync>d__18.MoveNext()
   --- End of inner exception stack trace ---
   at FHMC.Graph.BaseClass.makeGraphRequest(String url, HttpMethod method, Object content, Dictionary`2 headers, ContentType contentType) in T:\Griffin\SVNDev\FHMC.Graph\FHMC.Graph\BaseClass.cs:line 197
   at FHMC.Graph.Email.getChildFolders(String url) in T:\Griffin\SVNDev\FHMC.Graph\FHMC.Graph\Email.cs:line 215
---> (Inner Exception #0) Status Code: Unauthorized
Microsoft.Graph.ServiceException: Code: InvalidAuthenticationToken
Message: Lifetime validation failed, the token is expired.
Inner error:
	AdditionalData:
	date: 2026-05-28T12:44:56
	request-id: e6ebad71-7fd0-4749-b912-4cccb5b628de
	client-request-id: e6ebad71-7fd0-4749-b912-4cccb5b628de
ClientRequestId: e6ebad71-7fd0-4749-b912-4cccb5b628de

   at Microsoft.Graph.HttpProvider.<SendAsync>d__18.MoveNext()<---

2026-05-28 08:44:56.8748 ERROR Error Retrieving Folder for Inbox/VOESystemUnmatched in voe@firsthome.com 
2026-05-28 08:44:56.9019 ERROR System.Exception: Parent Folder Not Found for Inbox/VOESystemUnmatched in voe@firsthome.com
   at FHMC.Graph.Email.getMailFolder(String emailAddress, String folderPath) in T:\Griffin\SVNDev\FHMC.Graph\FHMC.Graph\Email.cs:line 166 System.Exception: Parent Folder Not Found for Inbox/VOESystemUnmatched in voe@firsthome.com
   at FHMC.Graph.Email.getMailFolder(String emailAddress, String folderPath) in T:\Griffin\SVNDev\FHMC.Graph\FHMC.Graph\Email.cs:line 166
2026-05-28 08:44:56.9818 ERROR GraphAPI Failed to Retrieve Folders 
2026-05-28 08:44:57.0109 ERROR System.AggregateException: One or more errors occurred. ---> Microsoft.Graph.ServiceException: Code: InvalidAuthenticationToken
Message: Lifetime validation failed, the token is expired.
Inner error:
	AdditionalData:
	date: 2026-05-28T12:44:56
	request-id: 1d307ad4-bc56-4d9d-8948-339fee035325
	client-request-id: 1d307ad4-bc56-4d9d-8948-339fee035325
ClientRequestId: 1d307ad4-bc56-4d9d-8948-339fee035325

   at Microsoft.Graph.HttpProvider.<SendAsync>d__18.MoveNext()
   --- End of inner exception stack trace ---
   at FHMC.Graph.BaseClass.makeGraphRequest(String url, HttpMethod method, Object content, Dictionary`2 headers, ContentType contentType) in T:\Griffin\SVNDev\FHMC.Graph\FHMC.Graph\BaseClass.cs:line 197
   at FHMC.Graph.Email.getChildFolders(String url) in T:\Griffin\SVNDev\FHMC.Graph\FHMC.Graph\Email.cs:line 215
---> (Inner Exception #0) Status Code: Unauthorized
Microsoft.Graph.ServiceException: Code: InvalidAuthenticationToken
Message: Lifetime validation failed, the token is expired.
Inner error:
	AdditionalData:
	date: 2026-05-28T12:44:56
	request-id: 1d307ad4-bc56-4d9d-8948-339fee035325
	client-request-id: 1d307ad4-bc56-4d9d-8948-339fee035325
ClientRequestId: 1d307ad4-bc56-4d9d-8948-339fee035325

   at Microsoft.Graph.HttpProvider.<SendAsync>d__18.MoveNext()<---
 System.AggregateException: One or more errors occurred. ---> Microsoft.Graph.ServiceException: Code: InvalidAuthenticationToken
Message: Lifetime validation failed, the token is expired.
Inner error:
	AdditionalData:
	date: 2026-05-28T12:44:56
	request-id: 1d307ad4-bc56-4d9d-8948-339fee035325
	client-request-id: 1d307ad4-bc56-4d9d-8948-339fee035325
ClientRequestId: 1d307ad4-bc56-4d9d-8948-339fee035325

   at Microsoft.Graph.HttpProvider.<SendAsync>d__18.MoveNext()
   --- End of inner exception stack trace ---
   at FHMC.Graph.BaseClass.makeGraphRequest(String url, HttpMethod method, Object content, Dictionary`2 headers, ContentType contentType) in T:\Griffin\SVNDev\FHMC.Graph\FHMC.Graph\BaseClass.cs:line 197
   at FHMC.Graph.Email.getChildFolders(String url) in T:\Griffin\SVNDev\FHMC.Graph\FHMC.Graph\Email.cs:line 215
---> (Inner Exception #0) Status Code: Unauthorized
Microsoft.Graph.ServiceException: Code: InvalidAuthenticationToken
Message: Lifetime validation failed, the token is expired.
Inner error:
	AdditionalData:
	date: 2026-05-28T12:44:56
	request-id: 1d307ad4-bc56-4d9d-8948-339fee035325
	client-request-id: 1d307ad4-bc56-4d9d-8948-339fee035325
ClientRequestId: 1d307ad4-bc56-4d9d-8948-339fee035325

   at Microsoft.Graph.HttpProvider.<SendAsync>d__18.MoveNext()<---

2026-05-28 08:44:57.0479 ERROR Error Retrieving Folder for Inbox/VOESystemUnmatched in voe@firsthome.com 
2026-05-28 08:44:57.0754 ERROR System.Exception: Parent Folder Not Found for Inbox/VOESystemUnmatched in voe@firsthome.com
   at FHMC.Graph.Email.getMailFolder(String emailAddress, String folderPath) in T:\Griffin\SVNDev\FHMC.Graph\FHMC.Graph\Email.cs:line 166 System.Exception: Parent Folder Not Found for Inbox/VOESystemUnmatched in voe@firsthome.com
   at FHMC.Graph.Email.getMailFolder(String emailAddress, String folderPath) in T:\Griffin\SVNDev\FHMC.Graph\FHMC.Graph\Email.cs:line 166
2026-05-28 08:44:57.1476 ERROR GraphAPI Failed to Retrieve Folders 
2026-05-28 08:44:57.1746 ERROR System.AggregateException: One or more errors occurred. ---> Microsoft.Graph.ServiceException: Code: InvalidAuthenticationToken
Message: Lifetime validation failed, the token is expired.
Inner error:
	AdditionalData:
	date: 2026-05-28T12:44:57
	request-id: dbe51ec2-ecc4-461d-8b0f-5a4ca04580de
	client-request-id: dbe51ec2-ecc4-461d-8b0f-5a4ca04580de
ClientRequestId: dbe51ec2-ecc4-461d-8b0f-5a4ca04580de

   at Microsoft.Graph.HttpProvider.<SendAsync>d__18.MoveNext()
   --- End of inner exception stack trace ---
   at FHMC.Graph.BaseClass.makeGraphRequest(String url, HttpMethod method, Object content, Dictionary`2 headers, ContentType contentType) in T:\Griffin\SVNDev\FHMC.Graph\FHMC.Graph\BaseClass.cs:line 197
   at FHMC.Graph.Email.getChildFolders(String url) in T:\Griffin\SVNDev\FHMC.Graph\FHMC.Graph\Email.cs:line 215
---> (Inner Exception #0) Status Code: Unauthorized
Microsoft.Graph.ServiceException: Code: InvalidAuthenticationToken
Message: Lifetime validation failed, the token is expired.
Inner error:
	AdditionalData:
	date: 2026-05-28T12:44:57
	request-id: dbe51ec2-ecc4-461d-8b0f-5a4ca04580de
	client-request-id: dbe51ec2-ecc4-461d-8b0f-5a4ca04580de
ClientRequestId: dbe51ec2-ecc4-461d-8b0f-5a4ca04580de

   at Microsoft.Graph.HttpProvider.<SendAsync>d__18.MoveNext()<---
 System.AggregateException: One or more errors occurred. ---> Microsoft.Graph.ServiceException: Code: InvalidAuthenticationToken
Message: Lifetime validation failed, the token is expired.
Inner error:
	AdditionalData:
	date: 2026-05-28T12:44:57
	request-id: dbe51ec2-ecc4-461d-8b0f-5a4ca04580de
	client-request-id: dbe51ec2-ecc4-461d-8b0f-5a4ca04580de
ClientRequestId: dbe51ec2-ecc4-461d-8b0f-5a4ca04580de

   at Microsoft.Graph.HttpProvider.<SendAsync>d__18.MoveNext()
   --- End of inner exception stack trace ---
   at FHMC.Graph.BaseClass.makeGraphRequest(String url, HttpMethod method, Object content, Dictionary`2 headers, ContentType contentType) in T:\Griffin\SVNDev\FHMC.Graph\FHMC.Graph\BaseClass.cs:line 197
   at FHMC.Graph.Email.getChildFolders(String url) in T:\Griffin\SVNDev\FHMC.Graph\FHMC.Graph\Email.cs:line 215
---> (Inner Exception #0) Status Code: Unauthorized
Microsoft.Graph.ServiceException: Code: InvalidAuthenticationToken
Message: Lifetime validation failed, the token is expired.
Inner error:
	AdditionalData:
	date: 2026-05-28T12:44:57
	request-id: dbe51ec2-ecc4-461d-8b0f-5a4ca04580de
	client-request-id: dbe51ec2-ecc4-461d-8b0f-5a4ca04580de
ClientRequestId: dbe51ec2-ecc4-461d-8b0f-5a4ca04580de

   at Microsoft.Graph.HttpProvider.<SendAsync>d__18.MoveNext()<---

2026-05-28 08:44:57.2111 ERROR Error Retrieving Folder for Inbox/VOESystemUnmatched in voe@firsthome.com 
2026-05-28 08:44:57.2381 ERROR System.Exception: Parent Folder Not Found for Inbox/VOESystemUnmatched in voe@firsthome.com
   at FHMC.Graph.Email.getMailFolder(String emailAddress, String folderPath) in T:\Griffin\SVNDev\FHMC.Graph\FHMC.Graph\Email.cs:line 166 System.Exception: Parent Folder Not Found for Inbox/VOESystemUnmatched in voe@firsthome.com
   at FHMC.Graph.Email.getMailFolder(String emailAddress, String folderPath) in T:\Griffin\SVNDev\FHMC.Graph\FHMC.Graph\Email.cs:line 166
2026-05-28 08:45:02.6593 INFO Automatically Submitting 0 orders to Truv 
2026-05-28 08:45:25.6382 INFO Getting messages for folder voe@firsthome.com: Inbox 
2026-05-28 08:45:28.7485 INFO Getting message voe@firsthome.com: AAkALgAAAAAAHYQDEapmEc2byACqAC-EWg0A-XGp6OdBg0CxQrF5bBnBPAAHIriKhgAA 
2026-05-28 08:45:29.0486 INFO Getting message HTML voe@firsthome.com: AAkALgAAAAAAHYQDEapmEc2byACqAC-EWg0A-XGp6OdBg0CxQrF5bBnBPAAHIriKhgAA 
2026-05-28 08:45:29.0918 INFO Getting message voe@firsthome.com: AAkALgAAAAAAHYQDEapmEc2byACqAC-EWg0A-XGp6OdBg0CxQrF5bBnBPAAHIriKhgAA 
2026-05-28 08:45:30.9281 INFO Email Logged: Read: URGENT: Verification of Employment Request John Francis Egan [7040522600-02] 
2026-05-28 08:45:30.9862 INFO Email Logged to Database: AAkALgAAAAAAHYQDEapmEc2byACqAC-EWg0A-XGp6OdBg0CxQrF5bBnBPAAHIriKhgAA Read: URGENT: Verification of Employment Request John Francis Egan [7040522600-02] 8:36 AM 
2026-05-28 08:45:31.0192 INFO Getting message voe@firsthome.com: AAkALgAAAAAAHYQDEapmEc2byACqAC-EWg0A-XGp6OdBg0CxQrF5bBnBPAAHIriKgQAA 
2026-05-28 08:45:31.1690 INFO Getting message HTML voe@firsthome.com: AAkALgAAAAAAHYQDEapmEc2byACqAC-EWg0A-XGp6OdBg0CxQrF5bBnBPAAHIriKgQAA 
2026-05-28 08:45:31.1990 INFO Getting message voe@firsthome.com: AAkALgAAAAAAHYQDEapmEc2byACqAC-EWg0A-XGp6OdBg0CxQrF5bBnBPAAHIriKgQAA 
2026-05-28 08:45:38.5717 INFO Email Logged: Liliana Gomez, First Home Mortgage would like to verify your income and employment 
2026-05-28 08:45:38.6227 INFO Email Logged to Database: AAkALgAAAAAAHYQDEapmEc2byACqAC-EWg0A-XGp6OdBg0CxQrF5bBnBPAAHIriKgQAA Liliana Gomez, First Home Mortgage would like to verify your income and employment 8:35 AM 
2026-05-28 08:45:38.6540 INFO Getting message voe@firsthome.com: AAkALgAAAAAAHYQDEapmEc2byACqAC-EWg0A-XGp6OdBg0CxQrF5bBnBPAAHIriKbQAA 
2026-05-28 08:45:38.7973 INFO Getting message HTML voe@firsthome.com: AAkALgAAAAAAHYQDEapmEc2byACqAC-EWg0A-XGp6OdBg0CxQrF5bBnBPAAHIriKbQAA 
2026-05-28 08:45:38.8301 INFO Getting message voe@firsthome.com: AAkALgAAAAAAHYQDEapmEc2byACqAC-EWg0A-XGp6OdBg0CxQrF5bBnBPAAHIriKbQAA 
2026-05-28 08:45:39.2000 INFO Email Logged: Re: Final Verification MyBiz Request [1081518749-04] 
2026-05-28 08:45:39.2406 INFO Email Logged to Database: AAkALgAAAAAAHYQDEapmEc2byACqAC-EWg0A-XGp6OdBg0CxQrF5bBnBPAAHIriKbQAA Re: Final Verification MyBiz Request [1081518749-04] 8:16 AM 
2026-05-28 08:45:39.2736 INFO Getting message voe@firsthome.com: AAkALgAAAAAAHYQDEapmEc2byACqAC-EWg0A-XGp6OdBg0CxQrF5bBnBPAAHIriJQAAA 
2026-05-28 08:45:39.4236 INFO Getting message HTML voe@firsthome.com: AAkALgAAAAAAHYQDEapmEc2byACqAC-EWg0A-XGp6OdBg0CxQrF5bBnBPAAHIriJQAAA 
2026-05-28 08:45:39.4551 INFO Getting message voe@firsthome.com: AAkALgAAAAAAHYQDEapmEc2byACqAC-EWg0A-XGp6OdBg0CxQrF5bBnBPAAHIriJQAAA 
2026-05-28 08:45:48.7041 INFO Email Logged: Claudia Acosta, First Home Mortgage would like to verify your income and employment 
2026-05-28 08:45:48.7386 INFO Email Logged to Database: AAkALgAAAAAAHYQDEapmEc2byACqAC-EWg0A-XGp6OdBg0CxQrF5bBnBPAAHIriJQAAA Claudia Acosta, First Home Mortgage would like to verify your income and employment 8:15 AM 
2026-05-28 08:45:48.7656 INFO Getting message voe@firsthome.com: AAkALgAAAAAAHYQDEapmEc2byACqAC-EWg0A-XGp6OdBg0CxQrF5bBnBPAAHIriJKQAA 
2026-05-28 08:45:48.9282 INFO Getting message HTML voe@firsthome.com: AAkALgAAAAAAHYQDEapmEc2byACqAC-EWg0A-XGp6OdBg0CxQrF5bBnBPAAHIriJKQAA 
2026-05-28 08:45:48.9547 INFO Getting message voe@firsthome.com: AAkALgAAAAAAHYQDEapmEc2byACqAC-EWg0A-XGp6OdBg0CxQrF5bBnBPAAHIriJKQAA 
2026-05-28 08:45:49.2725 INFO Skipping Attachment - DisallowedFileType: image001.png in AAkALgAAAAAAHYQDEapmEc2byACqAC-EWg0A-XGp6OdBg0CxQrF5bBnBPAAHIriJKQAA 
2026-05-28 08:45:49.3005 INFO Skipping Attachment - DisallowedFileType: image002.png in AAkALgAAAAAAHYQDEapmEc2byACqAC-EWg0A-XGp6OdBg0CxQrF5bBnBPAAHIriJKQAA 
2026-05-28 08:45:49.3435 INFO Email Logged: RE: URGENT CPA UNABLE TO COMPLETE CPA Comfort Letter Request Eduardo R Loja Guaman [7040525665-01] 
2026-05-28 08:45:49.3825 INFO Email Logged to Database: AAkALgAAAAAAHYQDEapmEc2byACqAC-EWg0A-XGp6OdBg0CxQrF5bBnBPAAHIriJKQAA RE: URGENT CPA UNABLE TO COMPLETE CPA Comfort Letter Request Eduardo R Loja Guaman [7040525665-01] 8:13 AM 
2026-05-28 08:45:49.4085 INFO Getting message voe@firsthome.com: AAkALgAAAAAAHYQDEapmEc2byACqAC-EWg0A-XGp6OdBg0CxQrF5bBnBPAAHIriJJAAA 
2026-05-28 08:45:49.5666 INFO Getting message HTML voe@firsthome.com: AAkALgAAAAAAHYQDEapmEc2byACqAC-EWg0A-XGp6OdBg0CxQrF5bBnBPAAHIriJJAAA 
2026-05-28 08:45:49.5936 INFO Getting message voe@firsthome.com: AAkALgAAAAAAHYQDEapmEc2byACqAC-EWg0A-XGp6OdBg0CxQrF5bBnBPAAHIriJJAAA 
2026-05-28 08:45:49.8707 INFO Email Logged: Re: URGENT CPA UNABLE TO COMPLETE CPA Comfort Letter Request Eduardo R Loja Guaman [7040525665-01] 
2026-05-28 08:45:49.9052 INFO Email Logged to Database: AAkALgAAAAAAHYQDEapmEc2byACqAC-EWg0A-XGp6OdBg0CxQrF5bBnBPAAHIriJJAAA Re: URGENT CPA UNABLE TO COMPLETE CPA Comfort Letter Request Eduardo R Loja Guaman [7040525665-01] 8:12 AM 
2026-05-28 08:45:49.9317 INFO Getting message voe@firsthome.com: AAkALgAAAAAAHYQDEapmEc2byACqAC-EWg0A-XGp6OdBg0CxQrF5bBnBPAAHIriJHAAA 
2026-05-28 08:45:50.0638 INFO Getting message HTML voe@firsthome.com: AAkALgAAAAAAHYQDEapmEc2byACqAC-EWg0A-XGp6OdBg0CxQrF5bBnBPAAHIriJHAAA 
2026-05-28 08:45:50.0930 INFO Getting message voe@firsthome.com: AAkALgAAAAAAHYQDEapmEc2byACqAC-EWg0A-XGp6OdBg0CxQrF5bBnBPAAHIriJHAAA 
2026-05-28 08:45:50.3887 INFO Email Not Matched: AAkALgAAAAAAHYQDEapmEc2byACqAC-EWg0A-XGp6OdBg0CxQrF5bBnBPAAHIriJHAAA Order(s) Update: On-Demand Employment Verification 8:10 AM 
2026-05-28 08:45:50.4257 INFO Getting message voe@firsthome.com: AAkALgAAAAAAHYQDEapmEc2byACqAC-EWg0A-XGp6OdBg0CxQrF5bBnBPAAHIriJGAAA 
2026-05-28 08:45:50.5844 INFO Getting message HTML voe@firsthome.com: AAkALgAAAAAAHYQDEapmEc2byACqAC-EWg0A-XGp6OdBg0CxQrF5bBnBPAAHIriJGAAA 
2026-05-28 08:45:50.6120 INFO Getting message voe@firsthome.com: AAkALgAAAAAAHYQDEapmEc2byACqAC-EWg0A-XGp6OdBg0CxQrF5bBnBPAAHIriJGAAA 
2026-05-28 08:45:50.8882 INFO Email Not Matched: AAkALgAAAAAAHYQDEapmEc2byACqAC-EWg0A-XGp6OdBg0CxQrF5bBnBPAAHIriJGAAA 3 advanced tax moves for business owners this month 8:08 AM 
2026-05-28 08:45:50.9313 INFO Getting message voe@firsthome.com: AAkALgAAAAAAHYQDEapmEc2byACqAC-EWg0A-XGp6OdBg0CxQrF5bBnBPAAHIriJFAAA 
2026-05-28 08:45:51.0663 INFO Getting message HTML voe@firsthome.com: AAkALgAAAAAAHYQDEapmEc2byACqAC-EWg0A-XGp6OdBg0CxQrF5bBnBPAAHIriJFAAA 
2026-05-28 08:45:51.0985 INFO Getting message voe@firsthome.com: AAkALgAAAAAAHYQDEapmEc2byACqAC-EWg0A-XGp6OdBg0CxQrF5bBnBPAAHIriJFAAA 
2026-05-28 08:45:51.5743 ERROR Error Importing Email: AAkALgAAAAAAHYQDEapmEc2byACqAC-EWg0A-XGp6OdBg0CxQrF5bBnBPAAHIriJFAAA <ACTION REQUIRED> First Home Mortgage needs an update on your application 8:05 AM 
2026-05-28 08:45:51.6047 ERROR System.Exception: Truv Redirect URL Not Found
   at VOEBackend.Email.BaseClass.getOrderRequestFromTruvRedirect(IDbConnection dbConn, String emailBody) in T:\Griffin\SVNDev\VOESystem\VOEBackend\VOEBackend.Email\BaseClass.cs:line 274
   at VOEBackend.Email.EmailOps.insertMail(IMailMessage msg) in T:\Griffin\SVNDev\VOESystem\VOEBackend\VOEBackend.Email\EmailOps.cs:line 73 System.Exception: Truv Redirect URL Not Found
   at VOEBackend.Email.BaseClass.getOrderRequestFromTruvRedirect(IDbConnection dbConn, String emailBody) in T:\Griffin\SVNDev\VOESystem\VOEBackend\VOEBackend.Email\BaseClass.cs:line 274
   at VOEBackend.Email.EmailOps.insertMail(IMailMessage msg) in T:\Griffin\SVNDev\VOESystem\VOEBackend\VOEBackend.Email\EmailOps.cs:line 73
2026-05-28 08:45:51.6789 INFO Getting message voe@firsthome.com: AAkALgAAAAAAHYQDEapmEc2byACqAC-EWg0A-XGp6OdBg0CxQrF5bBnBPAAHIriJEAAA 
2026-05-28 08:45:51.8184 INFO Getting message HTML voe@firsthome.com: AAkALgAAAAAAHYQDEapmEc2byACqAC-EWg0A-XGp6OdBg0CxQrF5bBnBPAAHIriJEAAA 
2026-05-28 08:45:51.8495 INFO Getting message voe@firsthome.com: AAkALgAAAAAAHYQDEapmEc2byACqAC-EWg0A-XGp6OdBg0CxQrF5bBnBPAAHIriJEAAA 
2026-05-28 08:45:52.1056 ERROR Error Importing Email: AAkALgAAAAAAHYQDEapmEc2byACqAC-EWg0A-XGp6OdBg0CxQrF5bBnBPAAHIriJEAAA <ACTION REQUIRED> First Home Mortgage needs an update on your application 8:05 AM 
2026-05-28 08:45:52.1366 ERROR System.Exception: Truv Redirect URL Not Found
   at VOEBackend.Email.BaseClass.getOrderRequestFromTruvRedirect(IDbConnection dbConn, String emailBody) in T:\Griffin\SVNDev\VOESystem\VOEBackend\VOEBackend.Email\BaseClass.cs:line 274
   at VOEBackend.Email.EmailOps.insertMail(IMailMessage msg) in T:\Griffin\SVNDev\VOESystem\VOEBackend\VOEBackend.Email\EmailOps.cs:line 73 System.Exception: Truv Redirect URL Not Found
   at VOEBackend.Email.BaseClass.getOrderRequestFromTruvRedirect(IDbConnection dbConn, String emailBody) in T:\Griffin\SVNDev\VOESystem\VOEBackend\VOEBackend.Email\BaseClass.cs:line 274
   at VOEBackend.Email.EmailOps.insertMail(IMailMessage msg) in T:\Griffin\SVNDev\VOESystem\VOEBackend\VOEBackend.Email\EmailOps.cs:line 73
2026-05-28 08:45:52.1767 INFO Getting message voe@firsthome.com: AAkALgAAAAAAHYQDEapmEc2byACqAC-EWg0A-XGp6OdBg0CxQrF5bBnBPAAHIriJDAAA 
2026-05-28 08:45:52.3172 INFO Getting message HTML voe@firsthome.com: AAkALgAAAAAAHYQDEapmEc2byACqAC-EWg0A-XGp6OdBg0CxQrF5bBnBPAAHIriJDAAA 
2026-05-28 08:45:52.3437 INFO Getting message voe@firsthome.com: AAkALgAAAAAAHYQDEapmEc2byACqAC-EWg0A-XGp6OdBg0CxQrF5bBnBPAAHIriJDAAA 
2026-05-28 08:45:52.5979 ERROR Error Importing Email: AAkALgAAAAAAHYQDEapmEc2byACqAC-EWg0A-XGp6OdBg0CxQrF5bBnBPAAHIriJDAAA <ACTION REQUIRED> First Home Mortgage needs an update on your application 8:05 AM 
2026-05-28 08:45:52.6289 ERROR System.Exception: Truv Redirect URL Not Found
   at VOEBackend.Email.BaseClass.getOrderRequestFromTruvRedirect(IDbConnection dbConn, String emailBody) in T:\Griffin\SVNDev\VOESystem\VOEBackend\VOEBackend.Email\BaseClass.cs:line 274
   at VOEBackend.Email.EmailOps.insertMail(IMailMessage msg) in T:\Griffin\SVNDev\VOESystem\VOEBackend\VOEBackend.Email\EmailOps.cs:line 73 System.Exception: Truv Redirect URL Not Found
   at VOEBackend.Email.BaseClass.getOrderRequestFromTruvRedirect(IDbConnection dbConn, String emailBody) in T:\Griffin\SVNDev\VOESystem\VOEBackend\VOEBackend.Email\BaseClass.cs:line 274
   at VOEBackend.Email.EmailOps.insertMail(IMailMessage msg) in T:\Griffin\SVNDev\VOESystem\VOEBackend\VOEBackend.Email\EmailOps.cs:line 73
2026-05-28 08:45:52.6765 INFO Getting message voe@firsthome.com: AAkALgAAAAAAHYQDEapmEc2byACqAC-EWg0A-XGp6OdBg0CxQrF5bBnBPAAHIriJCAAA 
2026-05-28 08:45:52.8150 INFO Getting message HTML voe@firsthome.com: AAkALgAAAAAAHYQDEapmEc2byACqAC-EWg0A-XGp6OdBg0CxQrF5bBnBPAAHIriJCAAA 
2026-05-28 08:45:52.8480 INFO Getting message voe@firsthome.com: AAkALgAAAAAAHYQDEapmEc2byACqAC-EWg0A-XGp6OdBg0CxQrF5bBnBPAAHIriJCAAA 
2026-05-28 08:45:53.1504 ERROR Error Importing Email: AAkALgAAAAAAHYQDEapmEc2byACqAC-EWg0A-XGp6OdBg0CxQrF5bBnBPAAHIriJCAAA <ACTION REQUIRED> First Home Mortgage needs an update on your application 8:05 AM 
2026-05-28 08:45:53.1824 ERROR System.Exception: Truv Redirect URL Not Found
   at VOEBackend.Email.BaseClass.getOrderRequestFromTruvRedirect(IDbConnection dbConn, String emailBody) in T:\Griffin\SVNDev\VOESystem\VOEBackend\VOEBackend.Email\BaseClass.cs:line 274
   at VOEBackend.Email.EmailOps.insertMail(IMailMessage msg) in T:\Griffin\SVNDev\VOESystem\VOEBackend\VOEBackend.Email\EmailOps.cs:line 73 System.Exception: Truv Redirect URL Not Found
   at VOEBackend.Email.BaseClass.getOrderRequestFromTruvRedirect(IDbConnection dbConn, String emailBody) in T:\Griffin\SVNDev\VOESystem\VOEBackend\VOEBackend.Email\BaseClass.cs:line 274
   at VOEBackend.Email.EmailOps.insertMail(IMailMessage msg) in T:\Griffin\SVNDev\VOESystem\VOEBackend\VOEBackend.Email\EmailOps.cs:line 73
2026-05-28 08:45:53.2244 INFO Getting message voe@firsthome.com: AAkALgAAAAAAHYQDEapmEc2byACqAC-EWg0A-XGp6OdBg0CxQrF5bBnBPAAHIriJBAAA 
2026-05-28 08:45:53.3666 INFO Getting message HTML voe@firsthome.com: AAkALgAAAAAAHYQDEapmEc2byACqAC-EWg0A-XGp6OdBg0CxQrF5bBnBPAAHIriJBAAA 
2026-05-28 08:45:53.3956 INFO Getting message voe@firsthome.com: AAkALgAAAAAAHYQDEapmEc2byACqAC-EWg0A-XGp6OdBg0CxQrF5bBnBPAAHIriJBAAA 
2026-05-28 08:45:53.7139 ERROR Error Importing Email: AAkALgAAAAAAHYQDEapmEc2byACqAC-EWg0A-XGp6OdBg0CxQrF5bBnBPAAHIriJBAAA <ACTION REQUIRED> First Home Mortgage needs an update on your application 8:05 AM 
2026-05-28 08:45:53.7429 ERROR System.Exception: Truv Redirect URL Not Found
   at VOEBackend.Email.BaseClass.getOrderRequestFromTruvRedirect(IDbConnection dbConn, String emailBody) in T:\Griffin\SVNDev\VOESystem\VOEBackend\VOEBackend.Email\BaseClass.cs:line 274
   at VOEBackend.Email.EmailOps.insertMail(IMailMessage msg) in T:\Griffin\SVNDev\VOESystem\VOEBackend\VOEBackend.Email\EmailOps.cs:line 73 System.Exception: Truv Redirect URL Not Found
   at VOEBackend.Email.BaseClass.getOrderRequestFromTruvRedirect(IDbConnection dbConn, String emailBody) in T:\Griffin\SVNDev\VOESystem\VOEBackend\VOEBackend.Email\BaseClass.cs:line 274
   at VOEBackend.Email.EmailOps.insertMail(IMailMessage msg) in T:\Griffin\SVNDev\VOESystem\VOEBackend\VOEBackend.Email\EmailOps.cs:line 73
2026-05-28 08:45:53.7959 INFO Getting message voe@firsthome.com: AAkALgAAAAAAHYQDEapmEc2byACqAC-EWg0A-XGp6OdBg0CxQrF5bBnBPAAHIriI-wAA 
2026-05-28 08:45:53.9435 INFO Getting message HTML voe@firsthome.com: AAkALgAAAAAAHYQDEapmEc2byACqAC-EWg0A-XGp6OdBg0CxQrF5bBnBPAAHIriI-wAA 
2026-05-28 08:45:53.9730 INFO Getting message voe@firsthome.com: AAkALgAAAAAAHYQDEapmEc2byACqAC-EWg0A-XGp6OdBg0CxQrF5bBnBPAAHIriI-wAA 
2026-05-28 08:45:54.2802 ERROR Error Importing Email: AAkALgAAAAAAHYQDEapmEc2byACqAC-EWg0A-XGp6OdBg0CxQrF5bBnBPAAHIriI-wAA <ACTION REQUIRED> First Home Mortgage needs an update on your application 8:05 AM 
2026-05-28 08:45:54.3182 ERROR System.Exception: Truv Redirect URL Not Found
   at VOEBackend.Email.BaseClass.getOrderRequestFromTruvRedirect(IDbConnection dbConn, String emailBody) in T:\Griffin\SVNDev\VOESystem\VOEBackend\VOEBackend.Email\BaseClass.cs:line 274
   at VOEBackend.Email.EmailOps.insertMail(IMailMessage msg) in T:\Griffin\SVNDev\VOESystem\VOEBackend\VOEBackend.Email\EmailOps.cs:line 73 System.Exception: Truv Redirect URL Not Found
   at VOEBackend.Email.BaseClass.getOrderRequestFromTruvRedirect(IDbConnection dbConn, String emailBody) in T:\Griffin\SVNDev\VOESystem\VOEBackend\VOEBackend.Email\BaseClass.cs:line 274
   at VOEBackend.Email.EmailOps.insertMail(IMailMessage msg) in T:\Griffin\SVNDev\VOESystem\VOEBackend\VOEBackend.Email\EmailOps.cs:line 73
2026-05-28 08:45:54.3632 INFO Getting message voe@firsthome.com: AAkALgAAAAAAHYQDEapmEc2byACqAC-EWg0A-XGp6OdBg0CxQrF5bBnBPAAHIriI_wAA 
2026-05-28 08:45:54.5810 INFO Getting message HTML voe@firsthome.com: AAkALgAAAAAAHYQDEapmEc2byACqAC-EWg0A-XGp6OdBg0CxQrF5bBnBPAAHIriI_wAA 
2026-05-28 08:45:54.6170 INFO Getting message voe@firsthome.com: AAkALgAAAAAAHYQDEapmEc2byACqAC-EWg0A-XGp6OdBg0CxQrF5bBnBPAAHIriI_wAA 
2026-05-28 08:45:54.9162 ERROR Error Importing Email: AAkALgAAAAAAHYQDEapmEc2byACqAC-EWg0A-XGp6OdBg0CxQrF5bBnBPAAHIriI_wAA <ACTION REQUIRED> First Home Mortgage needs an update on your application 8:05 AM 
2026-05-28 08:45:54.9527 ERROR System.Exception: Truv Redirect URL Not Found
   at VOEBackend.Email.BaseClass.getOrderRequestFromTruvRedirect(IDbConnection dbConn, String emailBody) in T:\Griffin\SVNDev\VOESystem\VOEBackend\VOEBackend.Email\BaseClass.cs:line 274
   at VOEBackend.Email.EmailOps.insertMail(IMailMessage msg) in T:\Griffin\SVNDev\VOESystem\VOEBackend\VOEBackend.Email\EmailOps.cs:line 73 System.Exception: Truv Redirect URL Not Found
   at VOEBackend.Email.BaseClass.getOrderRequestFromTruvRedirect(IDbConnection dbConn, String emailBody) in T:\Griffin\SVNDev\VOESystem\VOEBackend\VOEBackend.Email\BaseClass.cs:line 274
   at VOEBackend.Email.EmailOps.insertMail(IMailMessage msg) in T:\Griffin\SVNDev\VOESystem\VOEBackend\VOEBackend.Email\EmailOps.cs:line 73
2026-05-28 08:45:54.9917 INFO Getting message voe@firsthome.com: AAkALgAAAAAAHYQDEapmEc2byACqAC-EWg0A-XGp6OdBg0CxQrF5bBnBPAAHIriI9wAA 
2026-05-28 08:45:55.1750 INFO Getting message HTML voe@firsthome.com: AAkALgAAAAAAHYQDEapmEc2byACqAC-EWg0A-XGp6OdBg0CxQrF5bBnBPAAHIriI9wAA 
2026-05-28 08:45:55.2010 INFO Getting message voe@firsthome.com: AAkALgAAAAAAHYQDEapmEc2byACqAC-EWg0A-XGp6OdBg0CxQrF5bBnBPAAHIriI9wAA 
2026-05-28 08:45:55.4931 ERROR Error Importing Email: AAkALgAAAAAAHYQDEapmEc2byACqAC-EWg0A-XGp6OdBg0CxQrF5bBnBPAAHIriI9wAA <ACTION REQUIRED> First Home Mortgage needs an update on your application 8:05 AM 
2026-05-28 08:45:55.5201 ERROR System.Exception: Truv Redirect URL Not Found
   at VOEBackend.Email.BaseClass.getOrderRequestFromTruvRedirect(IDbConnection dbConn, String emailBody) in T:\Griffin\SVNDev\VOESystem\VOEBackend\VOEBackend.Email\BaseClass.cs:line 274
   at VOEBackend.Email.EmailOps.insertMail(IMailMessage msg) in T:\Griffin\SVNDev\VOESystem\VOEBackend\VOEBackend.Email\EmailOps.cs:line 73 System.Exception: Truv Redirect URL Not Found
   at VOEBackend.Email.BaseClass.getOrderRequestFromTruvRedirect(IDbConnection dbConn, String emailBody) in T:\Griffin\SVNDev\VOESystem\VOEBackend\VOEBackend.Email\BaseClass.cs:line 274
   at VOEBackend.Email.EmailOps.insertMail(IMailMessage msg) in T:\Griffin\SVNDev\VOESystem\VOEBackend\VOEBackend.Email\EmailOps.cs:line 73
2026-05-28 08:45:55.5568 INFO Getting message voe@firsthome.com: AAkALgAAAAAAHYQDEapmEc2byACqAC-EWg0A-XGp6OdBg0CxQrF5bBnBPAAHIriI9AAA 
2026-05-28 08:45:55.7064 INFO Getting message HTML voe@firsthome.com: AAkALgAAAAAAHYQDEapmEc2byACqAC-EWg0A-XGp6OdBg0CxQrF5bBnBPAAHIriI9AAA 
2026-05-28 08:45:55.7319 INFO Getting message voe@firsthome.com: AAkALgAAAAAAHYQDEapmEc2byACqAC-EWg0A-XGp6OdBg0CxQrF5bBnBPAAHIriI9AAA 
2026-05-28 08:45:56.0252 ERROR Error Importing Email: AAkALgAAAAAAHYQDEapmEc2byACqAC-EWg0A-XGp6OdBg0CxQrF5bBnBPAAHIriI9AAA <ACTION REQUIRED> First Home Mortgage needs an update on your application 8:05 AM 
2026-05-28 08:45:56.0517 ERROR System.Exception: Truv Redirect URL Not Found
   at VOEBackend.Email.BaseClass.getOrderRequestFromTruvRedirect(IDbConnection dbConn, String emailBody) in T:\Griffin\SVNDev\VOESystem\VOEBackend\VOEBackend.Email\BaseClass.cs:line 274
   at VOEBackend.Email.EmailOps.insertMail(IMailMessage msg) in T:\Griffin\SVNDev\VOESystem\VOEBackend\VOEBackend.Email\EmailOps.cs:line 73 System.Exception: Truv Redirect URL Not Found
   at VOEBackend.Email.BaseClass.getOrderRequestFromTruvRedirect(IDbConnection dbConn, String emailBody) in T:\Griffin\SVNDev\VOESystem\VOEBackend\VOEBackend.Email\BaseClass.cs:line 274
   at VOEBackend.Email.EmailOps.insertMail(IMailMessage msg) in T:\Griffin\SVNDev\VOESystem\VOEBackend\VOEBackend.Email\EmailOps.cs:line 73
2026-05-28 08:45:56.0886 INFO Getting message voe@firsthome.com: AAkALgAAAAAAHYQDEapmEc2byACqAC-EWg0A-XGp6OdBg0CxQrF5bBnBPAAHIriI7wAA 
2026-05-28 08:45:56.2598 INFO Getting message HTML voe@firsthome.com: AAkALgAAAAAAHYQDEapmEc2byACqAC-EWg0A-XGp6OdBg0CxQrF5bBnBPAAHIriI7wAA 
2026-05-28 08:45:56.2868 INFO Getting message voe@firsthome.com: AAkALgAAAAAAHYQDEapmEc2byACqAC-EWg0A-XGp6OdBg0CxQrF5bBnBPAAHIriI7wAA 
2026-05-28 08:45:56.5530 ERROR Error Importing Email: AAkALgAAAAAAHYQDEapmEc2byACqAC-EWg0A-XGp6OdBg0CxQrF5bBnBPAAHIriI7wAA <ACTION REQUIRED> First Home Mortgage needs an update on your application 8:05 AM 
2026-05-28 08:45:56.5790 ERROR System.Exception: Truv Redirect URL Not Found
   at VOEBackend.Email.BaseClass.getOrderRequestFromTruvRedirect(IDbConnection dbConn, String emailBody) in T:\Griffin\SVNDev\VOESystem\VOEBackend\VOEBackend.Email\BaseClass.cs:line 274
   at VOEBackend.Email.EmailOps.insertMail(IMailMessage msg) in T:\Griffin\SVNDev\VOESystem\VOEBackend\VOEBackend.Email\EmailOps.cs:line 73 System.Exception: Truv Redirect URL Not Found
   at VOEBackend.Email.BaseClass.getOrderRequestFromTruvRedirect(IDbConnection dbConn, String emailBody) in T:\Griffin\SVNDev\VOESystem\VOEBackend\VOEBackend.Email\BaseClass.cs:line 274
   at VOEBackend.Email.EmailOps.insertMail(IMailMessage msg) in T:\Griffin\SVNDev\VOESystem\VOEBackend\VOEBackend.Email\EmailOps.cs:line 73
2026-05-28 08:45:56.6180 INFO Getting message voe@firsthome.com: AAkALgAAAAAAHYQDEapmEc2byACqAC-EWg0A-XGp6OdBg0CxQrF5bBnBPAAHIriI7AAA 
2026-05-28 08:45:56.7660 INFO Getting message HTML voe@firsthome.com: AAkALgAAAAAAHYQDEapmEc2byACqAC-EWg0A-XGp6OdBg0CxQrF5bBnBPAAHIriI7AAA 
2026-05-28 08:45:56.7980 INFO Getting message voe@firsthome.com: AAkALgAAAAAAHYQDEapmEc2byACqAC-EWg0A-XGp6OdBg0CxQrF5bBnBPAAHIriI7AAA 
2026-05-28 08:45:57.0696 ERROR Error Importing Email: AAkALgAAAAAAHYQDEapmEc2byACqAC-EWg0A-XGp6OdBg0CxQrF5bBnBPAAHIriI7AAA <ACTION REQUIRED> First Home Mortgage needs an update on your application 8:05 AM 
2026-05-28 08:45:57.1007 ERROR System.Exception: Truv Redirect URL Not Found
   at VOEBackend.Email.BaseClass.getOrderRequestFromTruvRedirect(IDbConnection dbConn, String emailBody) in T:\Griffin\SVNDev\VOESystem\VOEBackend\VOEBackend.Email\BaseClass.cs:line 274
   at VOEBackend.Email.EmailOps.insertMail(IMailMessage msg) in T:\Griffin\SVNDev\VOESystem\VOEBackend\VOEBackend.Email\EmailOps.cs:line 73 System.Exception: Truv Redirect URL Not Found
   at VOEBackend.Email.BaseClass.getOrderRequestFromTruvRedirect(IDbConnection dbConn, String emailBody) in T:\Griffin\SVNDev\VOESystem\VOEBackend\VOEBackend.Email\BaseClass.cs:line 274
   at VOEBackend.Email.EmailOps.insertMail(IMailMessage msg) in T:\Griffin\SVNDev\VOESystem\VOEBackend\VOEBackend.Email\EmailOps.cs:line 73
2026-05-28 08:45:57.1407 INFO Getting message voe@firsthome.com: AAkALgAAAAAAHYQDEapmEc2byACqAC-EWg0A-XGp6OdBg0CxQrF5bBnBPAAHIriI6QAA 
2026-05-28 08:45:57.3388 INFO Getting message HTML voe@firsthome.com: AAkALgAAAAAAHYQDEapmEc2byACqAC-EWg0A-XGp6OdBg0CxQrF5bBnBPAAHIriI6QAA 
2026-05-28 08:45:57.3683 INFO Getting message voe@firsthome.com: AAkALgAAAAAAHYQDEapmEc2byACqAC-EWg0A-XGp6OdBg0CxQrF5bBnBPAAHIriI6QAA 
2026-05-28 08:45:57.6189 INFO Email Logged: Truv Reverify Sent [4022486564-06] 
2026-05-28 08:45:57.6557 INFO Email Logged to Database: AAkALgAAAAAAHYQDEapmEc2byACqAC-EWg0A-XGp6OdBg0CxQrF5bBnBPAAHIriI6QAA Truv Reverify Sent [4022486564-06] 8:05 AM 
2026-05-28 08:45:57.6857 INFO Getting message voe@firsthome.com: AAkALgAAAAAAHYQDEapmEc2byACqAC-EWg0A-XGp6OdBg0CxQrF5bBnBPAAHIriI4gAA 
2026-05-28 08:45:58.0768 INFO Getting message HTML voe@firsthome.com: AAkALgAAAAAAHYQDEapmEc2byACqAC-EWg0A-XGp6OdBg0CxQrF5bBnBPAAHIriI4gAA 
2026-05-28 08:45:58.1070 INFO Getting message voe@firsthome.com: AAkALgAAAAAAHYQDEapmEc2byACqAC-EWg0A-XGp6OdBg0CxQrF5bBnBPAAHIriI4gAA 
2026-05-28 08:45:58.5182 INFO Email Logged: Truv Reverify Sent [1083523404-05] 
2026-05-28 08:45:58.6079 INFO Email Logged to Database: AAkALgAAAAAAHYQDEapmEc2byACqAC-EWg0A-XGp6OdBg0CxQrF5bBnBPAAHIriI4gAA Truv Reverify Sent [1083523404-05] 8:05 AM 
2026-05-28 08:45:58.6815 INFO Getting message voe@firsthome.com: AAkALgAAAAAAHYQDEapmEc2byACqAC-EWg0A-XGp6OdBg0CxQrF5bBnBPAAHIriI2wAA 
2026-05-28 08:45:58.8986 INFO Getting message HTML voe@firsthome.com: AAkALgAAAAAAHYQDEapmEc2byACqAC-EWg0A-XGp6OdBg0CxQrF5bBnBPAAHIriI2wAA 
2026-05-28 08:45:59.0337 INFO Getting message voe@firsthome.com: AAkALgAAAAAAHYQDEapmEc2byACqAC-EWg0A-XGp6OdBg0CxQrF5bBnBPAAHIriI2wAA 
2026-05-28 08:45:59.3510 INFO Email Logged: Truv Reverify Sent [1083523404-04] 
2026-05-28 08:45:59.4621 INFO Email Logged to Database: AAkALgAAAAAAHYQDEapmEc2byACqAC-EWg0A-XGp6OdBg0CxQrF5bBnBPAAHIriI2wAA Truv Reverify Sent [1083523404-04] 8:05 AM 
2026-05-28 08:45:59.5957 INFO Getting message voe@firsthome.com: AAkALgAAAAAAHYQDEapmEc2byACqAC-EWg0A-XGp6OdBg0CxQrF5bBnBPAAHIriI1AAA 
2026-05-28 08:45:59.7869 INFO Getting message HTML voe@firsthome.com: AAkALgAAAAAAHYQDEapmEc2byACqAC-EWg0A-XGp6OdBg0CxQrF5bBnBPAAHIriI1AAA 
2026-05-28 08:45:59.8339 INFO Getting message voe@firsthome.com: AAkALgAAAAAAHYQDEapmEc2byACqAC-EWg0A-XGp6OdBg0CxQrF5bBnBPAAHIriI1AAA 
2026-05-28 08:46:00.1391 INFO Email Logged: Truv Reverify Sent [1081525455-02] 
2026-05-28 08:46:00.1906 INFO Email Logged to Database: AAkALgAAAAAAHYQDEapmEc2byACqAC-EWg0A-XGp6OdBg0CxQrF5bBnBPAAHIriI1AAA Truv Reverify Sent [1081525455-02] 8:05 AM 
2026-05-28 08:46:00.2326 INFO Getting message voe@firsthome.com: AAkALgAAAAAAHYQDEapmEc2byACqAC-EWg0A-XGp6OdBg0CxQrF5bBnBPAAHIriIzQAA 
2026-05-28 08:46:00.3856 INFO Getting message HTML voe@firsthome.com: AAkALgAAAAAAHYQDEapmEc2byACqAC-EWg0A-XGp6OdBg0CxQrF5bBnBPAAHIriIzQAA 
2026-05-28 08:46:00.4266 INFO Getting message voe@firsthome.com: AAkALgAAAAAAHYQDEapmEc2byACqAC-EWg0A-XGp6OdBg0CxQrF5bBnBPAAHIriIzQAA 
2026-05-28 08:46:00.7437 INFO Email Logged: Truv Reverify Sent [1081523545-03] 
2026-05-28 08:46:00.8210 INFO Email Logged to Database: AAkALgAAAAAAHYQDEapmEc2byACqAC-EWg0A-XGp6OdBg0CxQrF5bBnBPAAHIriIzQAA Truv Reverify Sent [1081523545-03] 8:05 AM 
2026-05-28 08:46:00.8701 INFO Getting message voe@firsthome.com: AAkALgAAAAAAHYQDEapmEc2byACqAC-EWg0A-XGp6OdBg0CxQrF5bBnBPAAHIriIxgAA 
2026-05-28 08:46:01.0964 INFO Getting message HTML voe@firsthome.com: AAkALgAAAAAAHYQDEapmEc2byACqAC-EWg0A-XGp6OdBg0CxQrF5bBnBPAAHIriIxgAA 
2026-05-28 08:46:01.1659 INFO Getting message voe@firsthome.com: AAkALgAAAAAAHYQDEapmEc2byACqAC-EWg0A-XGp6OdBg0CxQrF5bBnBPAAHIriIxgAA 
2026-05-28 08:46:01.4816 INFO Email Logged: Truv Reverify Sent [1081520430-04] 
2026-05-28 08:46:01.5186 INFO Email Logged to Database: AAkALgAAAAAAHYQDEapmEc2byACqAC-EWg0A-XGp6OdBg0CxQrF5bBnBPAAHIriIxgAA Truv Reverify Sent [1081520430-04] 8:05 AM 
2026-05-28 08:46:01.5446 INFO Getting message voe@firsthome.com: AAkALgAAAAAAHYQDEapmEc2byACqAC-EWg0A-XGp6OdBg0CxQrF5bBnBPAAHIriIvwAA 
2026-05-28 08:46:01.6807 INFO Getting message HTML voe@firsthome.com: AAkALgAAAAAAHYQDEapmEc2byACqAC-EWg0A-XGp6OdBg0CxQrF5bBnBPAAHIriIvwAA 
2026-05-28 08:46:01.7085 INFO Getting message voe@firsthome.com: AAkALgAAAAAAHYQDEapmEc2byACqAC-EWg0A-XGp6OdBg0CxQrF5bBnBPAAHIriIvwAA 
2026-05-28 08:46:01.9998 INFO Email Logged: Truv Reverify Sent [1081520430-03] 
2026-05-28 08:46:02.0298 INFO Email Logged to Database: AAkALgAAAAAAHYQDEapmEc2byACqAC-EWg0A-XGp6OdBg0CxQrF5bBnBPAAHIriIvwAA Truv Reverify Sent [1081520430-03] 8:05 AM 
2026-05-28 08:46:02.0589 INFO Getting message voe@firsthome.com: AAkALgAAAAAAHYQDEapmEc2byACqAC-EWg0A-XGp6OdBg0CxQrF5bBnBPAAHIriIuAAA 
2026-05-28 08:46:02.1950 INFO Getting message HTML voe@firsthome.com: AAkALgAAAAAAHYQDEapmEc2byACqAC-EWg0A-XGp6OdBg0CxQrF5bBnBPAAHIriIuAAA 
2026-05-28 08:46:02.2270 INFO Getting message voe@firsthome.com: AAkALgAAAAAAHYQDEapmEc2byACqAC-EWg0A-XGp6OdBg0CxQrF5bBnBPAAHIriIuAAA 
2026-05-28 08:46:02.4806 INFO Email Logged: Truv Reverify Sent [1024523286-03] 
2026-05-28 08:46:02.5110 INFO Email Logged to Database: AAkALgAAAAAAHYQDEapmEc2byACqAC-EWg0A-XGp6OdBg0CxQrF5bBnBPAAHIriIuAAA Truv Reverify Sent [1024523286-03] 8:05 AM 
2026-05-28 08:46:02.5396 INFO Getting message voe@firsthome.com: AAkALgAAAAAAHYQDEapmEc2byACqAC-EWg0A-XGp6OdBg0CxQrF5bBnBPAAHIriIsQAA 
2026-05-28 08:46:02.6731 INFO Getting message HTML voe@firsthome.com: AAkALgAAAAAAHYQDEapmEc2byACqAC-EWg0A-XGp6OdBg0CxQrF5bBnBPAAHIriIsQAA 
2026-05-28 08:46:02.7061 INFO Getting message voe@firsthome.com: AAkALgAAAAAAHYQDEapmEc2byACqAC-EWg0A-XGp6OdBg0CxQrF5bBnBPAAHIriIsQAA 
2026-05-28 08:46:03.0159 INFO Email Logged: Truv Reverify Sent [1018524284-06] 
2026-05-28 08:46:03.0635 INFO Email Logged to Database: AAkALgAAAAAAHYQDEapmEc2byACqAC-EWg0A-XGp6OdBg0CxQrF5bBnBPAAHIriIsQAA Truv Reverify Sent [1018524284-06] 8:05 AM 
2026-05-28 08:46:03.0935 INFO Getting message voe@firsthome.com: AAkALgAAAAAAHYQDEapmEc2byACqAC-EWg0A-XGp6OdBg0CxQrF5bBnBPAAHIriIqgAA 
2026-05-28 08:46:03.3479 INFO Getting message HTML voe@firsthome.com: AAkALgAAAAAAHYQDEapmEc2byACqAC-EWg0A-XGp6OdBg0CxQrF5bBnBPAAHIriIqgAA 
2026-05-28 08:46:03.3764 INFO Getting message voe@firsthome.com: AAkALgAAAAAAHYQDEapmEc2byACqAC-EWg0A-XGp6OdBg0CxQrF5bBnBPAAHIriIqgAA 
2026-05-28 08:46:03.6343 INFO Email Logged: Truv Reverify Sent [1010523266-03] 
2026-05-28 08:46:03.7670 INFO Email Logged to Database: AAkALgAAAAAAHYQDEapmEc2byACqAC-EWg0A-XGp6OdBg0CxQrF5bBnBPAAHIriIqgAA Truv Reverify Sent [1010523266-03] 8:05 AM 
2026-05-28 08:46:03.8101 INFO Getting message voe@firsthome.com: AAkALgAAAAAAHYQDEapmEc2byACqAC-EWg0A-XGp6OdBg0CxQrF5bBnBPAAHIriIpQAA 
2026-05-28 08:46:03.9901 INFO Getting message HTML voe@firsthome.com: AAkALgAAAAAAHYQDEapmEc2byACqAC-EWg0A-XGp6OdBg0CxQrF5bBnBPAAHIriIpQAA 
2026-05-28 08:46:04.0281 INFO Getting message voe@firsthome.com: AAkALgAAAAAAHYQDEapmEc2byACqAC-EWg0A-XGp6OdBg0CxQrF5bBnBPAAHIriIpQAA 
2026-05-28 08:46:04.3429 INFO Email Logged: Truv Reverify Sent [1009524895-02] 
2026-05-28 08:46:04.3810 INFO Email Logged to Database: AAkALgAAAAAAHYQDEapmEc2byACqAC-EWg0A-XGp6OdBg0CxQrF5bBnBPAAHIriIpQAA Truv Reverify Sent [1009524895-02] 8:05 AM 
2026-05-28 08:46:04.4080 INFO Getting message voe@firsthome.com: AAkALgAAAAAAHYQDEapmEc2byACqAC-EWg0A-XGp6OdBg0CxQrF5bBnBPAAHIriInAAA 
2026-05-28 08:46:04.5615 INFO Getting message HTML voe@firsthome.com: AAkALgAAAAAAHYQDEapmEc2byACqAC-EWg0A-XGp6OdBg0CxQrF5bBnBPAAHIriInAAA 
2026-05-28 08:46:04.6170 INFO Getting message voe@firsthome.com: AAkALgAAAAAAHYQDEapmEc2byACqAC-EWg0A-XGp6OdBg0CxQrF5bBnBPAAHIriInAAA 
2026-05-28 08:46:04.8987 INFO Email Logged: Read: Verification of Employment Request Andrew Almeida [1012525496-01] 
2026-05-28 08:46:04.9622 INFO Email Logged to Database: AAkALgAAAAAAHYQDEapmEc2byACqAC-EWg0A-XGp6OdBg0CxQrF5bBnBPAAHIriInAAA Read: Verification of Employment Request Andrew Almeida [1012525496-01] 8:02 AM 
2026-05-28 08:46:04.9942 INFO Getting message voe@firsthome.com: AAkALgAAAAAAHYQDEapmEc2byACqAC-EWg0A-XGp6OdBg0CxQrF5bBnBPAAHIriIlwAA 
2026-05-28 08:46:05.1495 INFO Getting message HTML voe@firsthome.com: AAkALgAAAAAAHYQDEapmEc2byACqAC-EWg0A-XGp6OdBg0CxQrF5bBnBPAAHIriIlwAA 
2026-05-28 08:46:05.1970 INFO Getting message voe@firsthome.com: AAkALgAAAAAAHYQDEapmEc2byACqAC-EWg0A-XGp6OdBg0CxQrF5bBnBPAAHIriIlwAA 
2026-05-28 08:47:45.5049 ERROR Error making web redirect request: https://url.usb.m.mimecastprotect.com/s/XJHhC4Wr9YfzVkklCWs7U4VwtD?domain=url4970.truv.com 
2026-05-28 08:47:45.5472 ERROR System.Net.WebException: The operation has timed out
   at System.Net.HttpWebRequest.GetResponse()
   at VOESystem.Data.Business.BusinessBase.getWebRequestRedirect(String URL) in C:\Data\FirstMortgage\BitBucket\voesystem\VOEFrontend\VOESystem.Data\Business\BusinessBase.cs:line 607 System.Net.WebException: The operation has timed out
   at System.Net.HttpWebRequest.GetResponse()
   at VOESystem.Data.Business.BusinessBase.getWebRequestRedirect(String URL) in C:\Data\FirstMortgage\BitBucket\voesystem\VOEFrontend\VOESystem.Data\Business\BusinessBase.cs:line 607
2026-05-28 08:47:45.6466 INFO Retrying Redirect URL: The operation has timed out 
2026-05-28 08:49:25.7002 ERROR Error making web redirect request: https://url.usb.m.mimecastprotect.com/s/XJHhC4Wr9YfzVkklCWs7U4VwtD?domain=url4970.truv.com 
2026-05-28 08:49:25.7644 ERROR System.Net.WebException: The operation has timed out
   at System.Net.HttpWebRequest.GetResponse()
   at VOESystem.Data.Business.BusinessBase.getWebRequestRedirect(String URL) in C:\Data\FirstMortgage\BitBucket\voesystem\VOEFrontend\VOESystem.Data\Business\BusinessBase.cs:line 607 System.Net.WebException: The operation has timed out
   at System.Net.HttpWebRequest.GetResponse()
   at VOESystem.Data.Business.BusinessBase.getWebRequestRedirect(String URL) in C:\Data\FirstMortgage\BitBucket\voesystem\VOEFrontend\VOESystem.Data\Business\BusinessBase.cs:line 607
2026-05-28 08:49:25.8219 INFO Retrying Redirect URL: The operation has timed out 
2026-05-28 08:51:05.9160 ERROR Error making web redirect request: https://url.usb.m.mimecastprotect.com/s/XJHhC4Wr9YfzVkklCWs7U4VwtD?domain=url4970.truv.com 
2026-05-28 08:51:05.9551 ERROR System.Net.WebException: The operation has timed out
   at System.Net.HttpWebRequest.GetResponse()
   at VOESystem.Data.Business.BusinessBase.getWebRequestRedirect(String URL) in C:\Data\FirstMortgage\BitBucket\voesystem\VOEFrontend\VOESystem.Data\Business\BusinessBase.cs:line 607 System.Net.WebException: The operation has timed out
   at System.Net.HttpWebRequest.GetResponse()
   at VOESystem.Data.Business.BusinessBase.getWebRequestRedirect(String URL) in C:\Data\FirstMortgage\BitBucket\voesystem\VOEFrontend\VOESystem.Data\Business\BusinessBase.cs:line 607
2026-05-28 08:51:05.9931 INFO Retrying Redirect URL: The operation has timed out 
2026-05-28 08:51:06.0291 ERROR Error Importing Email: AAkALgAAAAAAHYQDEapmEc2byACqAC-EWg0A-XGp6OdBg0CxQrF5bBnBPAAHIriIlwAA Cathleen Flynn, First Home Mortgage would like to verify your income and employment 8:00 AM 
2026-05-28 08:51:06.0566 ERROR System.Exception: Truv Redirect Order URL Not Found
   at VOEBackend.Email.BaseClass.getOrderRequestFromTruvRedirect(IDbConnection dbConn, String emailBody) in T:\Griffin\SVNDev\VOESystem\VOEBackend\VOEBackend.Email\BaseClass.cs:line 298
   at VOEBackend.Email.EmailOps.insertMail(IMailMessage msg) in T:\Griffin\SVNDev\VOESystem\VOEBackend\VOEBackend.Email\EmailOps.cs:line 73 System.Exception: Truv Redirect Order URL Not Found
   at VOEBackend.Email.BaseClass.getOrderRequestFromTruvRedirect(IDbConnection dbConn, String emailBody) in T:\Griffin\SVNDev\VOESystem\VOEBackend\VOEBackend.Email\BaseClass.cs:line 298
   at VOEBackend.Email.EmailOps.insertMail(IMailMessage msg) in T:\Griffin\SVNDev\VOESystem\VOEBackend\VOEBackend.Email\EmailOps.cs:line 73
2026-05-28 08:51:06.0956 INFO Getting message voe@firsthome.com: AAkALgAAAAAAHYQDEapmEc2byACqAC-EWg0A-XGp6OdBg0CxQrF5bBnBPAAHIriIkwAA 
2026-05-28 08:51:06.3172 INFO Getting message HTML voe@firsthome.com: AAkALgAAAAAAHYQDEapmEc2byACqAC-EWg0A-XGp6OdBg0CxQrF5bBnBPAAHIriIkwAA 
2026-05-28 08:51:06.3516 INFO Getting message voe@firsthome.com: AAkALgAAAAAAHYQDEapmEc2byACqAC-EWg0A-XGp6OdBg0CxQrF5bBnBPAAHIriIkwAA 
2026-05-28 08:52:46.7405 ERROR Error making web redirect request: https://url.usb.m.mimecastprotect.com/s/_e97C2Gp91hVYyyKs2sjU5DJzu?domain=url4970.truv.com 
2026-05-28 08:52:46.7786 ERROR System.Net.WebException: The operation has timed out
   at System.Net.HttpWebRequest.GetResponse()
   at VOESystem.Data.Business.BusinessBase.getWebRequestRedirect(String URL) in C:\Data\FirstMortgage\BitBucket\voesystem\VOEFrontend\VOESystem.Data\Business\BusinessBase.cs:line 607 System.Net.WebException: The operation has timed out
   at System.Net.HttpWebRequest.GetResponse()
   at VOESystem.Data.Business.BusinessBase.getWebRequestRedirect(String URL) in C:\Data\FirstMortgage\BitBucket\voesystem\VOEFrontend\VOESystem.Data\Business\BusinessBase.cs:line 607
2026-05-28 08:52:46.8156 INFO Retrying Redirect URL: The operation has timed out 
2026-05-28 08:54:26.8626 ERROR Error making web redirect request: https://url.usb.m.mimecastprotect.com/s/_e97C2Gp91hVYyyKs2sjU5DJzu?domain=url4970.truv.com 
2026-05-28 08:54:26.9051 ERROR System.Net.WebException: The operation has timed out
   at System.Net.HttpWebRequest.GetResponse()
   at VOESystem.Data.Business.BusinessBase.getWebRequestRedirect(String URL) in C:\Data\FirstMortgage\BitBucket\voesystem\VOEFrontend\VOESystem.Data\Business\BusinessBase.cs:line 607 System.Net.WebException: The operation has timed out
   at System.Net.HttpWebRequest.GetResponse()
   at VOESystem.Data.Business.BusinessBase.getWebRequestRedirect(String URL) in C:\Data\FirstMortgage\BitBucket\voesystem\VOEFrontend\VOESystem.Data\Business\BusinessBase.cs:line 607
2026-05-28 08:54:26.9561 INFO Retrying Redirect URL: The operation has timed out 
2026-05-28 08:56:07.0378 ERROR Error making web redirect request: https://url.usb.m.mimecastprotect.com/s/_e97C2Gp91hVYyyKs2sjU5DJzu?domain=url4970.truv.com 
2026-05-28 08:56:07.0838 ERROR System.Net.WebException: The operation has timed out
   at System.Net.HttpWebRequest.GetResponse()
   at VOESystem.Data.Business.BusinessBase.getWebRequestRedirect(String URL) in C:\Data\FirstMortgage\BitBucket\voesystem\VOEFrontend\VOESystem.Data\Business\BusinessBase.cs:line 607 System.Net.WebException: The operation has timed out
   at System.Net.HttpWebRequest.GetResponse()
   at VOESystem.Data.Business.BusinessBase.getWebRequestRedirect(String URL) in C:\Data\FirstMortgage\BitBucket\voesystem\VOEFrontend\VOESystem.Data\Business\BusinessBase.cs:line 607
2026-05-28 08:56:07.1394 INFO Retrying Redirect URL: The operation has timed out 
2026-05-28 08:56:07.1944 ERROR Error Importing Email: AAkALgAAAAAAHYQDEapmEc2byACqAC-EWg0A-XGp6OdBg0CxQrF5bBnBPAAHIriIkwAA Nader Barjesteh, First Home Mortgage would like to verify your income and employment 8:00 AM 
2026-05-28 08:56:07.2299 ERROR System.Exception: Truv Redirect Order URL Not Found
   at VOEBackend.Email.BaseClass.getOrderRequestFromTruvRedirect(IDbConnection dbConn, String emailBody) in T:\Griffin\SVNDev\VOESystem\VOEBackend\VOEBackend.Email\BaseClass.cs:line 298
   at VOEBackend.Email.EmailOps.insertMail(IMailMessage msg) in T:\Griffin\SVNDev\VOESystem\VOEBackend\VOEBackend.Email\EmailOps.cs:line 73 System.Exception: Truv Redirect Order URL Not Found
   at VOEBackend.Email.BaseClass.getOrderRequestFromTruvRedirect(IDbConnection dbConn, String emailBody) in T:\Griffin\SVNDev\VOESystem\VOEBackend\VOEBackend.Email\BaseClass.cs:line 298
   at VOEBackend.Email.EmailOps.insertMail(IMailMessage msg) in T:\Griffin\SVNDev\VOESystem\VOEBackend\VOEBackend.Email\EmailOps.cs:line 73
2026-05-28 08:56:07.2779 INFO Getting message voe@firsthome.com: AAkALgAAAAAAHYQDEapmEc2byACqAC-EWg0A-XGp6OdBg0CxQrF5bBnBPAAHIriIkQAA 
2026-05-28 08:56:07.4299 INFO Getting message HTML voe@firsthome.com: AAkALgAAAAAAHYQDEapmEc2byACqAC-EWg0A-XGp6OdBg0CxQrF5bBnBPAAHIriIkQAA 
2026-05-28 08:56:07.4649 INFO Getting message voe@firsthome.com: AAkALgAAAAAAHYQDEapmEc2byACqAC-EWg0A-XGp6OdBg0CxQrF5bBnBPAAHIriIkQAA 
2026-05-28 08:56:07.7286 INFO Email Logged: Read: Verification of Employment Request Emily Whitall [1018524822-01] 
2026-05-28 08:56:07.7707 INFO Email Logged to Database: AAkALgAAAAAAHYQDEapmEc2byACqAC-EWg0A-XGp6OdBg0CxQrF5bBnBPAAHIriIkQAA Read: Verification of Employment Request Emily Whitall [1018524822-01] 7:54 AM 
2026-05-28 08:56:07.8114 INFO Getting message voe@firsthome.com: AAkALgAAAAAAHYQDEapmEc2byACqAC-EWg0A-XGp6OdBg0CxQrF5bBnBPAAHIriIjgAA 
2026-05-28 08:56:07.9535 INFO Getting message HTML voe@firsthome.com: AAkALgAAAAAAHYQDEapmEc2byACqAC-EWg0A-XGp6OdBg0CxQrF5bBnBPAAHIriIjgAA 
2026-05-28 08:56:07.9935 INFO Getting message voe@firsthome.com: AAkALgAAAAAAHYQDEapmEc2byACqAC-EWg0A-XGp6OdBg0CxQrF5bBnBPAAHIriIjgAA 
2026-05-28 08:56:08.2917 INFO Email Logged: Read: Verification of Employment Request Amelia Alison Dickson [1018521658-03] 
2026-05-28 08:56:08.3297 INFO Email Logged to Database: AAkALgAAAAAAHYQDEapmEc2byACqAC-EWg0A-XGp6OdBg0CxQrF5bBnBPAAHIriIjgAA Read: Verification of Employment Request Amelia Alison Dickson [1018521658-03] 7:49 AM 
2026-05-28 08:56:08.3597 INFO Getting message voe@firsthome.com: AAkALgAAAAAAHYQDEapmEc2byACqAC-EWg0A-XGp6OdBg0CxQrF5bBnBPAAHIriIigAA 
2026-05-28 08:56:08.5018 INFO Getting message HTML voe@firsthome.com: AAkALgAAAAAAHYQDEapmEc2byACqAC-EWg0A-XGp6OdBg0CxQrF5bBnBPAAHIriIigAA 
2026-05-28 08:56:08.5338 INFO Getting message voe@firsthome.com: AAkALgAAAAAAHYQDEapmEc2byACqAC-EWg0A-XGp6OdBg0CxQrF5bBnBPAAHIriIigAA 
2026-05-28 08:57:48.8000 ERROR Error making web redirect request: https://url.usb.m.mimecastprotect.com/s/-hHrCyp4mJf71VGEtRsvUxwatu?domain=url4970.truv.com 
2026-05-28 08:57:48.8385 ERROR System.Net.WebException: The operation has timed out
   at System.Net.HttpWebRequest.GetResponse()
   at VOESystem.Data.Business.BusinessBase.getWebRequestRedirect(String URL) in C:\Data\FirstMortgage\BitBucket\voesystem\VOEFrontend\VOESystem.Data\Business\BusinessBase.cs:line 607 System.Net.WebException: The operation has timed out
   at System.Net.HttpWebRequest.GetResponse()
   at VOESystem.Data.Business.BusinessBase.getWebRequestRedirect(String URL) in C:\Data\FirstMortgage\BitBucket\voesystem\VOEFrontend\VOESystem.Data\Business\BusinessBase.cs:line 607
2026-05-28 08:57:48.8805 INFO Retrying Redirect URL: The operation has timed out 
2026-05-28 08:59:28.9291 ERROR Error making web redirect request: https://url.usb.m.mimecastprotect.com/s/-hHrCyp4mJf71VGEtRsvUxwatu?domain=url4970.truv.com 
2026-05-28 08:59:28.9672 ERROR System.Net.WebException: The operation has timed out
   at System.Net.HttpWebRequest.GetResponse()
   at VOESystem.Data.Business.BusinessBase.getWebRequestRedirect(String URL) in C:\Data\FirstMortgage\BitBucket\voesystem\VOEFrontend\VOESystem.Data\Business\BusinessBase.cs:line 607 System.Net.WebException: The operation has timed out
   at System.Net.HttpWebRequest.GetResponse()
   at VOESystem.Data.Business.BusinessBase.getWebRequestRedirect(String URL) in C:\Data\FirstMortgage\BitBucket\voesystem\VOEFrontend\VOESystem.Data\Business\BusinessBase.cs:line 607
2026-05-28 08:59:29.0102 INFO Retrying Redirect URL: The operation has timed out 
2026-05-28 09:01:09.0677 ERROR Error making web redirect request: https://url.usb.m.mimecastprotect.com/s/-hHrCyp4mJf71VGEtRsvUxwatu?domain=url4970.truv.com 
2026-05-28 09:01:09.1158 ERROR System.Net.WebException: The operation has timed out
   at System.Net.HttpWebRequest.GetResponse()
   at VOESystem.Data.Business.BusinessBase.getWebRequestRedirect(String URL) in C:\Data\FirstMortgage\BitBucket\voesystem\VOEFrontend\VOESystem.Data\Business\BusinessBase.cs:line 607 System.Net.WebException: The operation has timed out
   at System.Net.HttpWebRequest.GetResponse()
   at VOESystem.Data.Business.BusinessBase.getWebRequestRedirect(String URL) in C:\Data\FirstMortgage\BitBucket\voesystem\VOEFrontend\VOESystem.Data\Business\BusinessBase.cs:line 607
2026-05-28 09:01:09.1643 INFO Retrying Redirect URL: The operation has timed out 
2026-05-28 09:01:09.2073 ERROR Error Importing Email: AAkALgAAAAAAHYQDEapmEc2byACqAC-EWg0A-XGp6OdBg0CxQrF5bBnBPAAHIriIigAA Andrea Horvath Marques, First Home Mortgage would like to verify your income and employment 7:46 AM 
2026-05-28 09:01:09.2403 ERROR System.Exception: Truv Redirect Order URL Not Found
   at VOEBackend.Email.BaseClass.getOrderRequestFromTruvRedirect(IDbConnection dbConn, String emailBody) in T:\Griffin\SVNDev\VOESystem\VOEBackend\VOEBackend.Email\BaseClass.cs:line 298
   at VOEBackend.Email.EmailOps.insertMail(IMailMessage msg) in T:\Griffin\SVNDev\VOESystem\VOEBackend\VOEBackend.Email\EmailOps.cs:line 73 System.Exception: Truv Redirect Order URL Not Found
   at VOEBackend.Email.BaseClass.getOrderRequestFromTruvRedirect(IDbConnection dbConn, String emailBody) in T:\Griffin\SVNDev\VOESystem\VOEBackend\VOEBackend.Email\BaseClass.cs:line 298
   at VOEBackend.Email.EmailOps.insertMail(IMailMessage msg) in T:\Griffin\SVNDev\VOESystem\VOEBackend\VOEBackend.Email\EmailOps.cs:line 73
2026-05-28 09:01:09.2873 INFO Getting message voe@firsthome.com: AAkALgAAAAAAHYQDEapmEc2byACqAC-EWg0A-XGp6OdBg0CxQrF5bBnBPAAHIriEiQAA 
2026-05-28 09:01:09.4604 INFO Getting message HTML voe@firsthome.com: AAkALgAAAAAAHYQDEapmEc2byACqAC-EWg0A-XGp6OdBg0CxQrF5bBnBPAAHIriEiQAA 
2026-05-28 09:01:09.4994 INFO Getting message voe@firsthome.com: AAkALgAAAAAAHYQDEapmEc2byACqAC-EWg0A-XGp6OdBg0CxQrF5bBnBPAAHIriEiQAA 
2026-05-28 09:02:49.7813 ERROR Error making web redirect request: https://url.usb.m.mimecastprotect.com/s/NbKlCjAwnOcYrNO9U7s8UmihvC?domain=url4970.truv.com 
2026-05-28 09:02:49.8239 ERROR System.Net.WebException: The operation has timed out
   at System.Net.HttpWebRequest.GetResponse()
   at VOESystem.Data.Business.BusinessBase.getWebRequestRedirect(String URL) in C:\Data\FirstMortgage\BitBucket\voesystem\VOEFrontend\VOESystem.Data\Business\BusinessBase.cs:line 607 System.Net.WebException: The operation has timed out
   at System.Net.HttpWebRequest.GetResponse()
   at VOESystem.Data.Business.BusinessBase.getWebRequestRedirect(String URL) in C:\Data\FirstMortgage\BitBucket\voesystem\VOEFrontend\VOESystem.Data\Business\BusinessBase.cs:line 607
2026-05-28 09:02:49.8789 INFO Retrying Redirect URL: The operation has timed out 
2026-05-28 09:04:29.9466 ERROR Error making web redirect request: https://url.usb.m.mimecastprotect.com/s/NbKlCjAwnOcYrNO9U7s8UmihvC?domain=url4970.truv.com 
2026-05-28 09:04:29.9878 ERROR System.Net.WebException: The operation has timed out
   at System.Net.HttpWebRequest.GetResponse()
   at VOESystem.Data.Business.BusinessBase.getWebRequestRedirect(String URL) in C:\Data\FirstMortgage\BitBucket\voesystem\VOEFrontend\VOESystem.Data\Business\BusinessBase.cs:line 607 System.Net.WebException: The operation has timed out
   at System.Net.HttpWebRequest.GetResponse()
   at VOESystem.Data.Business.BusinessBase.getWebRequestRedirect(String URL) in C:\Data\FirstMortgage\BitBucket\voesystem\VOEFrontend\VOESystem.Data\Business\BusinessBase.cs:line 607
2026-05-28 09:04:30.0308 INFO Retrying Redirect URL: The operation has timed out 
2026-05-28 09:06:10.0803 ERROR Error making web redirect request: https://url.usb.m.mimecastprotect.com/s/NbKlCjAwnOcYrNO9U7s8UmihvC?domain=url4970.truv.com 
2026-05-28 09:06:10.1274 ERROR System.Net.WebException: The operation has timed out
   at System.Net.HttpWebRequest.GetResponse()
   at VOESystem.Data.Business.BusinessBase.getWebRequestRedirect(String URL) in C:\Data\FirstMortgage\BitBucket\voesystem\VOEFrontend\VOESystem.Data\Business\BusinessBase.cs:line 607 System.Net.WebException: The operation has timed out
   at System.Net.HttpWebRequest.GetResponse()
   at VOESystem.Data.Business.BusinessBase.getWebRequestRedirect(String URL) in C:\Data\FirstMortgage\BitBucket\voesystem\VOEFrontend\VOESystem.Data\Business\BusinessBase.cs:line 607
2026-05-28 09:06:10.1794 INFO Retrying Redirect URL: The operation has timed out 
2026-05-28 09:06:10.2344 ERROR Error Importing Email: AAkALgAAAAAAHYQDEapmEc2byACqAC-EWg0A-XGp6OdBg0CxQrF5bBnBPAAHIriEiQAA Erica Smith, First Home Mortgage would like to verify your income and employment 7:35 AM 
2026-05-28 09:06:10.2674 ERROR System.Exception: Truv Redirect Order URL Not Found
   at VOEBackend.Email.BaseClass.getOrderRequestFromTruvRedirect(IDbConnection dbConn, String emailBody) in T:\Griffin\SVNDev\VOESystem\VOEBackend\VOEBackend.Email\BaseClass.cs:line 298
   at VOEBackend.Email.EmailOps.insertMail(IMailMessage msg) in T:\Griffin\SVNDev\VOESystem\VOEBackend\VOEBackend.Email\EmailOps.cs:line 73 System.Exception: Truv Redirect Order URL Not Found
   at VOEBackend.Email.BaseClass.getOrderRequestFromTruvRedirect(IDbConnection dbConn, String emailBody) in T:\Griffin\SVNDev\VOESystem\VOEBackend\VOEBackend.Email\BaseClass.cs:line 298
   at VOEBackend.Email.EmailOps.insertMail(IMailMessage msg) in T:\Griffin\SVNDev\VOESystem\VOEBackend\VOEBackend.Email\EmailOps.cs:line 73
2026-05-28 09:06:10.3139 INFO Getting message voe@firsthome.com: AAkALgAAAAAAHYQDEapmEc2byACqAC-EWg0A-XGp6OdBg0CxQrF5bBnBPAAHIriEhQAA 
2026-05-28 09:06:10.4815 INFO Getting message HTML voe@firsthome.com: AAkALgAAAAAAHYQDEapmEc2byACqAC-EWg0A-XGp6OdBg0CxQrF5bBnBPAAHIriEhQAA 
2026-05-28 09:06:10.5185 INFO Getting message voe@firsthome.com: AAkALgAAAAAAHYQDEapmEc2byACqAC-EWg0A-XGp6OdBg0CxQrF5bBnBPAAHIriEhQAA 
2026-05-28 09:07:50.8860 ERROR Error making web redirect request: https://url.usb.m.mimecastprotect.com/s/4dz_C0An9XckxPyZSWsBU9udW5?domain=url4970.truv.com 
2026-05-28 09:07:50.9305 ERROR System.Net.WebException: The operation has timed out
   at System.Net.HttpWebRequest.GetResponse()
   at VOESystem.Data.Business.BusinessBase.getWebRequestRedirect(String URL) in C:\Data\FirstMortgage\BitBucket\voesystem\VOEFrontend\VOESystem.Data\Business\BusinessBase.cs:line 607 System.Net.WebException: The operation has timed out
   at System.Net.HttpWebRequest.GetResponse()
   at VOESystem.Data.Business.BusinessBase.getWebRequestRedirect(String URL) in C:\Data\FirstMortgage\BitBucket\voesystem\VOEFrontend\VOESystem.Data\Business\BusinessBase.cs:line 607
2026-05-28 09:07:51.0290 INFO Retrying Redirect URL: The operation has timed out 
2026-05-28 09:09:31.1010 ERROR Error making web redirect request: https://url.usb.m.mimecastprotect.com/s/4dz_C0An9XckxPyZSWsBU9udW5?domain=url4970.truv.com 
2026-05-28 09:09:31.1411 ERROR System.Net.WebException: The operation has timed out
   at System.Net.HttpWebRequest.GetResponse()
   at VOESystem.Data.Business.BusinessBase.getWebRequestRedirect(String URL) in C:\Data\FirstMortgage\BitBucket\voesystem\VOEFrontend\VOESystem.Data\Business\BusinessBase.cs:line 607 System.Net.WebException: The operation has timed out
   at System.Net.HttpWebRequest.GetResponse()
   at VOESystem.Data.Business.BusinessBase.getWebRequestRedirect(String URL) in C:\Data\FirstMortgage\BitBucket\voesystem\VOEFrontend\VOESystem.Data\Business\BusinessBase.cs:line 607
2026-05-28 09:09:31.1821 INFO Retrying Redirect URL: The operation has timed out 
2026-05-28 09:11:11.2433 ERROR Error making web redirect request: https://url.usb.m.mimecastprotect.com/s/4dz_C0An9XckxPyZSWsBU9udW5?domain=url4970.truv.com 
2026-05-28 09:11:11.2873 ERROR System.Net.WebException: The operation has timed out
   at System.Net.HttpWebRequest.GetResponse()
   at VOESystem.Data.Business.BusinessBase.getWebRequestRedirect(String URL) in C:\Data\FirstMortgage\BitBucket\voesystem\VOEFrontend\VOESystem.Data\Business\BusinessBase.cs:line 607 System.Net.WebException: The operation has timed out
   at System.Net.HttpWebRequest.GetResponse()
   at VOESystem.Data.Business.BusinessBase.getWebRequestRedirect(String URL) in C:\Data\FirstMortgage\BitBucket\voesystem\VOEFrontend\VOESystem.Data\Business\BusinessBase.cs:line 607
2026-05-28 09:11:11.3304 INFO Retrying Redirect URL: The operation has timed out 
2026-05-28 09:11:11.3845 ERROR Error Importing Email: AAkALgAAAAAAHYQDEapmEc2byACqAC-EWg0A-XGp6OdBg0CxQrF5bBnBPAAHIriEhQAA Erin C Harrington, First Home Mortgage would like to verify your income and employment 7:35 AM 
2026-05-28 09:11:11.4195 ERROR System.Exception: Truv Redirect Order URL Not Found
   at VOEBackend.Email.BaseClass.getOrderRequestFromTruvRedirect(IDbConnection dbConn, String emailBody) in T:\Griffin\SVNDev\VOESystem\VOEBackend\VOEBackend.Email\BaseClass.cs:line 298
   at VOEBackend.Email.EmailOps.insertMail(IMailMessage msg) in T:\Griffin\SVNDev\VOESystem\VOEBackend\VOEBackend.Email\EmailOps.cs:line 73 System.Exception: Truv Redirect Order URL Not Found
   at VOEBackend.Email.BaseClass.getOrderRequestFromTruvRedirect(IDbConnection dbConn, String emailBody) in T:\Griffin\SVNDev\VOESystem\VOEBackend\VOEBackend.Email\BaseClass.cs:line 298
   at VOEBackend.Email.EmailOps.insertMail(IMailMessage msg) in T:\Griffin\SVNDev\VOESystem\VOEBackend\VOEBackend.Email\EmailOps.cs:line 73
2026-05-28 09:11:11.4670 INFO Getting message voe@firsthome.com: AAkALgAAAAAAHYQDEapmEc2byACqAC-EWg0A-XGp6OdBg0CxQrF5bBnBPAAHIriEaQAA 
2026-05-28 09:11:11.6762 INFO Getting message HTML voe@firsthome.com: AAkALgAAAAAAHYQDEapmEc2byACqAC-EWg0A-XGp6OdBg0CxQrF5bBnBPAAHIriEaQAA 
2026-05-28 09:11:11.7082 INFO Getting message voe@firsthome.com: AAkALgAAAAAAHYQDEapmEc2byACqAC-EWg0A-XGp6OdBg0CxQrF5bBnBPAAHIriEaQAA 
2026-05-28 09:11:12.0009 INFO Email Not Matched: AAkALgAAAAAAHYQDEapmEc2byACqAC-EWg0A-XGp6OdBg0CxQrF5bBnBPAAHIriEaQAA E-Card Invitation: Please RSVP for a special celebration event ?? 7:34 AM 
2026-05-28 09:11:12.0535 INFO Getting message voe@firsthome.com: AAkALgAAAAAAHYQDEapmEc2byACqAC-EWg0A-XGp6OdBg0CxQrF5bBnBPAAHIriAewAA 
2026-05-28 09:11:12.2286 INFO Getting message HTML voe@firsthome.com: AAkALgAAAAAAHYQDEapmEc2byACqAC-EWg0A-XGp6OdBg0CxQrF5bBnBPAAHIriAewAA 
2026-05-28 09:11:12.2631 INFO Getting message voe@firsthome.com: AAkALgAAAAAAHYQDEapmEc2byACqAC-EWg0A-XGp6OdBg0CxQrF5bBnBPAAHIriAewAA 
2026-05-28 09:11:13.0131 INFO Email Not Matched: AAkALgAAAAAAHYQDEapmEc2byACqAC-EWg0A-XGp6OdBg0CxQrF5bBnBPAAHIriAewAA RE: Emailing: HANNA closing instructions and fees.pdf 7:16 AM 
2026-05-28 09:11:13.0561 INFO Getting message voe@firsthome.com: AAkALgAAAAAAHYQDEapmEc2byACqAC-EWg0A-XGp6OdBg0CxQrF5bBnBPAAHIrh-tAAA 
2026-05-28 09:11:13.2127 INFO Getting message HTML voe@firsthome.com: AAkALgAAAAAAHYQDEapmEc2byACqAC-EWg0A-XGp6OdBg0CxQrF5bBnBPAAHIrh-tAAA 
2026-05-28 09:11:13.2457 INFO Getting message voe@firsthome.com: AAkALgAAAAAAHYQDEapmEc2byACqAC-EWg0A-XGp6OdBg0CxQrF5bBnBPAAHIrh-tAAA 
2026-05-28 09:11:13.5880 INFO Email Logged: Automatic reply: Confirmation of New VOE Order for Adam Fender [1081526112-01] 
2026-05-28 09:11:13.6270 INFO Email Logged to Database: AAkALgAAAAAAHYQDEapmEc2byACqAC-EWg0A-XGp6OdBg0CxQrF5bBnBPAAHIrh-tAAA Automatic reply: Confirmation of New VOE Order for Adam Fender [1081526112-01] 7:10 AM 
2026-05-28 09:11:13.6585 INFO Getting message voe@firsthome.com: AAkALgAAAAAAHYQDEapmEc2byACqAC-EWg0A-XGp6OdBg0CxQrF5bBnBPAAHIrh-swAA 
2026-05-28 09:11:13.9479 INFO Getting message HTML voe@firsthome.com: AAkALgAAAAAAHYQDEapmEc2byACqAC-EWg0A-XGp6OdBg0CxQrF5bBnBPAAHIrh-swAA 
2026-05-28 09:11:13.9819 INFO Getting message voe@firsthome.com: AAkALgAAAAAAHYQDEapmEc2byACqAC-EWg0A-XGp6OdBg0CxQrF5bBnBPAAHIrh-swAA 
2026-05-28 09:11:14.3385 INFO Email Logged: Automatic reply: Confirmation of New VOE Order for Adam Fender [1081526112-02] 
2026-05-28 09:11:14.3815 INFO Email Logged to Database: AAkALgAAAAAAHYQDEapmEc2byACqAC-EWg0A-XGp6OdBg0CxQrF5bBnBPAAHIrh-swAA Automatic reply: Confirmation of New VOE Order for Adam Fender [1081526112-02] 7:10 AM 
2026-05-28 09:11:14.4145 INFO Getting message voe@firsthome.com: AAkALgAAAAAAHYQDEapmEc2byACqAC-EWg0A-XGp6OdBg0CxQrF5bBnBPAAHIrh-pgAA 
2026-05-28 09:11:14.6227 INFO Getting message HTML voe@firsthome.com: AAkALgAAAAAAHYQDEapmEc2byACqAC-EWg0A-XGp6OdBg0CxQrF5bBnBPAAHIrh-pgAA 
2026-05-28 09:11:14.6543 INFO Getting message voe@firsthome.com: AAkALgAAAAAAHYQDEapmEc2byACqAC-EWg0A-XGp6OdBg0CxQrF5bBnBPAAHIrh-pgAA 
2026-05-28 09:11:24.5343 INFO Email Logged: Cathleen Flynn, First Home Mortgage would like to verify your income and employment 
2026-05-28 09:11:24.6810 INFO Email Logged to Database: AAkALgAAAAAAHYQDEapmEc2byACqAC-EWg0A-XGp6OdBg0CxQrF5bBnBPAAHIrh-pgAA Cathleen Flynn, First Home Mortgage would like to verify your income and employment 7:10 AM 
2026-05-28 09:11:24.7566 INFO Getting message voe@firsthome.com: AAkALgAAAAAAHYQDEapmEc2byACqAC-EWg0A-XGp6OdBg0CxQrF5bBnBPAAHIrh_lQAA 
2026-05-28 09:11:24.9439 INFO Getting message HTML voe@firsthome.com: AAkALgAAAAAAHYQDEapmEc2byACqAC-EWg0A-XGp6OdBg0CxQrF5bBnBPAAHIrh_lQAA 
2026-05-28 09:11:24.9769 INFO Getting message voe@firsthome.com: AAkALgAAAAAAHYQDEapmEc2byACqAC-EWg0A-XGp6OdBg0CxQrF5bBnBPAAHIrh_lQAA 
2026-05-28 09:11:32.7525 INFO Email Logged: Gabriella LePore, First Home Mortgage would like to verify your income and employment 
2026-05-28 09:11:32.7915 INFO Email Logged to Database: AAkALgAAAAAAHYQDEapmEc2byACqAC-EWg0A-XGp6OdBg0CxQrF5bBnBPAAHIrh_lQAA Gabriella LePore, First Home Mortgage would like to verify your income and employment 6:50 AM 
2026-05-28 09:11:32.9058 INFO Getting message voe@firsthome.com: AAkALgAAAAAAHYQDEapmEc2byACqAC-EWg0A-XGp6OdBg0CxQrF5bBnBPAAHIrh_kQAA 
2026-05-28 09:11:33.3760 INFO Getting message HTML voe@firsthome.com: AAkALgAAAAAAHYQDEapmEc2byACqAC-EWg0A-XGp6OdBg0CxQrF5bBnBPAAHIrh_kQAA 
2026-05-28 09:11:33.4050 INFO Getting message voe@firsthome.com: AAkALgAAAAAAHYQDEapmEc2byACqAC-EWg0A-XGp6OdBg0CxQrF5bBnBPAAHIrh_kQAA 
2026-05-28 09:13:13.7262 ERROR Error making web redirect request: https://url.usb.m.mimecastprotect.com/s/_QAoCoABO6cDnWB1i6sJUp3VFb?domain=url4970.truv.com 
2026-05-28 09:13:13.7622 ERROR System.Net.WebException: The operation has timed out
   at System.Net.HttpWebRequest.GetResponse()
   at VOESystem.Data.Business.BusinessBase.getWebRequestRedirect(String URL) in C:\Data\FirstMortgage\BitBucket\voesystem\VOEFrontend\VOESystem.Data\Business\BusinessBase.cs:line 607 System.Net.WebException: The operation has timed out
   at System.Net.HttpWebRequest.GetResponse()
   at VOESystem.Data.Business.BusinessBase.getWebRequestRedirect(String URL) in C:\Data\FirstMortgage\BitBucket\voesystem\VOEFrontend\VOESystem.Data\Business\BusinessBase.cs:line 607
2026-05-28 09:13:13.8037 INFO Retrying Redirect URL: The operation has timed out 
2026-05-28 09:14:53.8528 ERROR Error making web redirect request: https://url.usb.m.mimecastprotect.com/s/_QAoCoABO6cDnWB1i6sJUp3VFb?domain=url4970.truv.com 
2026-05-28 09:14:53.9019 ERROR System.Net.WebException: The operation has timed out
   at System.Net.HttpWebRequest.GetResponse()
   at VOESystem.Data.Business.BusinessBase.getWebRequestRedirect(String URL) in C:\Data\FirstMortgage\BitBucket\voesystem\VOEFrontend\VOESystem.Data\Business\BusinessBase.cs:line 607 System.Net.WebException: The operation has timed out
   at System.Net.HttpWebRequest.GetResponse()
   at VOESystem.Data.Business.BusinessBase.getWebRequestRedirect(String URL) in C:\Data\FirstMortgage\BitBucket\voesystem\VOEFrontend\VOESystem.Data\Business\BusinessBase.cs:line 607
2026-05-28 09:14:53.9489 INFO Retrying Redirect URL: The operation has timed out 
2026-05-28 09:16:33.9863 ERROR Error making web redirect request: https://url.usb.m.mimecastprotect.com/s/_QAoCoABO6cDnWB1i6sJUp3VFb?domain=url4970.truv.com 
2026-05-28 09:16:34.0628 ERROR System.Net.WebException: The operation has timed out
   at System.Net.HttpWebRequest.GetResponse()
   at VOESystem.Data.Business.BusinessBase.getWebRequestRedirect(String URL) in C:\Data\FirstMortgage\BitBucket\voesystem\VOEFrontend\VOESystem.Data\Business\BusinessBase.cs:line 607 System.Net.WebException: The operation has timed out
   at System.Net.HttpWebRequest.GetResponse()
   at VOESystem.Data.Business.BusinessBase.getWebRequestRedirect(String URL) in C:\Data\FirstMortgage\BitBucket\voesystem\VOEFrontend\VOESystem.Data\Business\BusinessBase.cs:line 607
2026-05-28 09:16:34.1662 INFO Retrying Redirect URL: The operation has timed out 
2026-05-28 09:16:34.3421 ERROR Error Importing Email: AAkALgAAAAAAHYQDEapmEc2byACqAC-EWg0A-XGp6OdBg0CxQrF5bBnBPAAHIrh_kQAA Christopher Brett Henderson, First Home Mortgage would like to verify your employment 6:50 AM 
2026-05-28 09:16:34.4917 ERROR System.Exception: Truv Redirect Order URL Not Found
   at VOEBackend.Email.BaseClass.getOrderRequestFromTruvRedirect(IDbConnection dbConn, String emailBody) in T:\Griffin\SVNDev\VOESystem\VOEBackend\VOEBackend.Email\BaseClass.cs:line 298
   at VOEBackend.Email.EmailOps.insertMail(IMailMessage msg) in T:\Griffin\SVNDev\VOESystem\VOEBackend\VOEBackend.Email\EmailOps.cs:line 73 System.Exception: Truv Redirect Order URL Not Found
   at VOEBackend.Email.BaseClass.getOrderRequestFromTruvRedirect(IDbConnection dbConn, String emailBody) in T:\Griffin\SVNDev\VOESystem\VOEBackend\VOEBackend.Email\BaseClass.cs:line 298
   at VOEBackend.Email.EmailOps.insertMail(IMailMessage msg) in T:\Griffin\SVNDev\VOESystem\VOEBackend\VOEBackend.Email\EmailOps.cs:line 73
2026-05-28 09:16:34.5462 INFO Getting message voe@firsthome.com: AAkALgAAAAAAHYQDEapmEc2byACqAC-EWg0A-XGp6OdBg0CxQrF5bBnBPAAHIrh_hQAA 
2026-05-28 09:16:35.3067 INFO Getting message HTML voe@firsthome.com: AAkALgAAAAAAHYQDEapmEc2byACqAC-EWg0A-XGp6OdBg0CxQrF5bBnBPAAHIrh_hQAA 
2026-05-28 09:16:35.3923 INFO Getting message voe@firsthome.com: AAkALgAAAAAAHYQDEapmEc2byACqAC-EWg0A-XGp6OdBg0CxQrF5bBnBPAAHIrh_hQAA 
2026-05-28 09:18:15.8037 ERROR Error making web redirect request: https://url.usb.m.mimecastprotect.com/s/RidzCjAwnOcYrNRpI7s8UmxqDq?domain=url4970.truv.com 
2026-05-28 09:18:15.8427 ERROR System.Net.WebException: The operation has timed out
   at System.Net.HttpWebRequest.GetResponse()
   at VOESystem.Data.Business.BusinessBase.getWebRequestRedirect(String URL) in C:\Data\FirstMortgage\BitBucket\voesystem\VOEFrontend\VOESystem.Data\Business\BusinessBase.cs:line 607 System.Net.WebException: The operation has timed out
   at System.Net.HttpWebRequest.GetResponse()
   at VOESystem.Data.Business.BusinessBase.getWebRequestRedirect(String URL) in C:\Data\FirstMortgage\BitBucket\voesystem\VOEFrontend\VOESystem.Data\Business\BusinessBase.cs:line 607
2026-05-28 09:18:15.8922 INFO Retrying Redirect URL: The operation has timed out 
2026-05-28 09:19:55.9494 ERROR Error making web redirect request: https://url.usb.m.mimecastprotect.com/s/RidzCjAwnOcYrNRpI7s8UmxqDq?domain=url4970.truv.com 
2026-05-28 09:19:56.0725 ERROR System.Net.WebException: The operation has timed out
   at System.Net.HttpWebRequest.GetResponse()
   at VOESystem.Data.Business.BusinessBase.getWebRequestRedirect(String URL) in C:\Data\FirstMortgage\BitBucket\voesystem\VOEFrontend\VOESystem.Data\Business\BusinessBase.cs:line 607 System.Net.WebException: The operation has timed out
   at System.Net.HttpWebRequest.GetResponse()
   at VOESystem.Data.Business.BusinessBase.getWebRequestRedirect(String URL) in C:\Data\FirstMortgage\BitBucket\voesystem\VOEFrontend\VOESystem.Data\Business\BusinessBase.cs:line 607
2026-05-28 09:19:56.1220 INFO Retrying Redirect URL: The operation has timed out 
2026-05-28 09:21:36.1980 ERROR Error making web redirect request: https://url.usb.m.mimecastprotect.com/s/RidzCjAwnOcYrNRpI7s8UmxqDq?domain=url4970.truv.com 
2026-05-28 09:21:36.2386 ERROR System.Net.WebException: The operation has timed out
   at System.Net.HttpWebRequest.GetResponse()
   at VOESystem.Data.Business.BusinessBase.getWebRequestRedirect(String URL) in C:\Data\FirstMortgage\BitBucket\voesystem\VOEFrontend\VOESystem.Data\Business\BusinessBase.cs:line 607 System.Net.WebException: The operation has timed out
   at System.Net.HttpWebRequest.GetResponse()
   at VOESystem.Data.Business.BusinessBase.getWebRequestRedirect(String URL) in C:\Data\FirstMortgage\BitBucket\voesystem\VOEFrontend\VOESystem.Data\Business\BusinessBase.cs:line 607
2026-05-28 09:21:36.2836 INFO Retrying Redirect URL: The operation has timed out 
2026-05-28 09:21:36.3245 ERROR Error Importing Email: AAkALgAAAAAAHYQDEapmEc2byACqAC-EWg0A-XGp6OdBg0CxQrF5bBnBPAAHIrh_hQAA Rachel L Green, First Home Mortgage would like to verify your income and employment 6:30 AM 
2026-05-28 09:21:36.3557 ERROR System.Exception: Truv Redirect Order URL Not Found
   at VOEBackend.Email.BaseClass.getOrderRequestFromTruvRedirect(IDbConnection dbConn, String emailBody) in T:\Griffin\SVNDev\VOESystem\VOEBackend\VOEBackend.Email\BaseClass.cs:line 298
   at VOEBackend.Email.EmailOps.insertMail(IMailMessage msg) in T:\Griffin\SVNDev\VOESystem\VOEBackend\VOEBackend.Email\EmailOps.cs:line 73 System.Exception: Truv Redirect Order URL Not Found
   at VOEBackend.Email.BaseClass.getOrderRequestFromTruvRedirect(IDbConnection dbConn, String emailBody) in T:\Griffin\SVNDev\VOESystem\VOEBackend\VOEBackend.Email\BaseClass.cs:line 298
   at VOEBackend.Email.EmailOps.insertMail(IMailMessage msg) in T:\Griffin\SVNDev\VOESystem\VOEBackend\VOEBackend.Email\EmailOps.cs:line 73
2026-05-28 09:21:36.3967 INFO Getting message voe@firsthome.com: AAkALgAAAAAAHYQDEapmEc2byACqAC-EWg0A-XGp6OdBg0CxQrF5bBnBPAAHIrh8kQAA 
2026-05-28 09:21:36.7136 INFO Getting message HTML voe@firsthome.com: AAkALgAAAAAAHYQDEapmEc2byACqAC-EWg0A-XGp6OdBg0CxQrF5bBnBPAAHIrh8kQAA 
2026-05-28 09:21:36.7459 INFO Getting message voe@firsthome.com: AAkALgAAAAAAHYQDEapmEc2byACqAC-EWg0A-XGp6OdBg0CxQrF5bBnBPAAHIrh8kQAA 
2026-05-28 09:23:17.5213 ERROR Error making web redirect request: https://url.usb.m.mimecastprotect.com/s/BaAyCA8Lm9fZQ4w8TYsAUGJ_84?domain=url4970.truv.com 
2026-05-28 09:23:17.5583 ERROR System.Net.WebException: The operation has timed out
   at System.Net.HttpWebRequest.GetResponse()
   at VOESystem.Data.Business.BusinessBase.getWebRequestRedirect(String URL) in C:\Data\FirstMortgage\BitBucket\voesystem\VOEFrontend\VOESystem.Data\Business\BusinessBase.cs:line 607 System.Net.WebException: The operation has timed out
   at System.Net.HttpWebRequest.GetResponse()
   at VOESystem.Data.Business.BusinessBase.getWebRequestRedirect(String URL) in C:\Data\FirstMortgage\BitBucket\voesystem\VOEFrontend\VOESystem.Data\Business\BusinessBase.cs:line 607
2026-05-28 09:23:17.5993 INFO Retrying Redirect URL: The operation has timed out 
2026-05-28 09:25:37.5891 INFO Getting messages for folder voe@firsthome.com: Inbox 
2026-05-28 09:25:39.8202 INFO Getting message voe@firsthome.com: AAkALgAAAAAAHYQDEapmEc2byACqAC-EWg0A-XGp6OdBg0CxQrF5bBnBPAAHIriUowAA 
2026-05-28 09:25:40.0714 INFO Getting message HTML voe@firsthome.com: AAkALgAAAAAAHYQDEapmEc2byACqAC-EWg0A-XGp6OdBg0CxQrF5bBnBPAAHIriUowAA 
2026-05-28 09:25:40.1058 INFO Getting message voe@firsthome.com: AAkALgAAAAAAHYQDEapmEc2byACqAC-EWg0A-XGp6OdBg0CxQrF5bBnBPAAHIriUowAA 
2026-05-28 09:25:41.8525 INFO Email Logged: Read: URGENT CPA UNABLE TO COMPLETE CPA Comfort Letter Request Eduardo R Loja Guaman [7040525665-01] 
2026-05-28 09:25:41.9281 INFO Email Logged to Database: AAkALgAAAAAAHYQDEapmEc2byACqAC-EWg0A-XGp6OdBg0CxQrF5bBnBPAAHIriUowAA Read: URGENT CPA UNABLE TO COMPLETE CPA Comfort Letter Request Eduardo R Loja Guaman [7040525665-01] 9:23 AM 
2026-05-28 09:25:41.9631 INFO Getting message voe@firsthome.com: AAkALgAAAAAAHYQDEapmEc2byACqAC-EWg0A-XGp6OdBg0CxQrF5bBnBPAAHIrh-tAAA 
2026-05-28 09:25:42.1881 INFO Getting message HTML voe@firsthome.com: AAkALgAAAAAAHYQDEapmEc2byACqAC-EWg0A-XGp6OdBg0CxQrF5bBnBPAAHIrh-tAAA 
2026-05-28 09:25:42.2386 INFO Getting message voe@firsthome.com: AAkALgAAAAAAHYQDEapmEc2byACqAC-EWg0A-XGp6OdBg0CxQrF5bBnBPAAHIrh-tAAA 
2026-05-28 09:25:42.5661 INFO Email Logged: Automatic reply: Confirmation of New VOE Order for Adam Fender [1081526112-01] 
2026-05-28 09:25:42.6042 INFO Email Logged to Database: AAkALgAAAAAAHYQDEapmEc2byACqAC-EWg0A-XGp6OdBg0CxQrF5bBnBPAAHIrh-tAAA Automatic reply: Confirmation of New VOE Order for Adam Fender [1081526112-01] 7:10 AM 
2026-05-28 09:25:42.6427 INFO Getting message voe@firsthome.com: AAkALgAAAAAAHYQDEapmEc2byACqAC-EWg0A-XGp6OdBg0CxQrF5bBnBPAAHIrh-swAA 
2026-05-28 09:25:42.8478 INFO Getting message HTML voe@firsthome.com: AAkALgAAAAAAHYQDEapmEc2byACqAC-EWg0A-XGp6OdBg0CxQrF5bBnBPAAHIrh-swAA 
2026-05-28 09:25:42.8762 INFO Getting message voe@firsthome.com: AAkALgAAAAAAHYQDEapmEc2byACqAC-EWg0A-XGp6OdBg0CxQrF5bBnBPAAHIrh-swAA 
2026-05-28 09:25:43.3969 INFO Email Logged: Automatic reply: Confirmation of New VOE Order for Adam Fender [1081526112-02] 
2026-05-28 09:25:43.4300 INFO Email Logged to Database: AAkALgAAAAAAHYQDEapmEc2byACqAC-EWg0A-XGp6OdBg0CxQrF5bBnBPAAHIrh-swAA Automatic reply: Confirmation of New VOE Order for Adam Fender [1081526112-02] 7:10 AM 
2026-05-28 09:25:43.4559 INFO Getting message voe@firsthome.com: AAkALgAAAAAAHYQDEapmEc2byACqAC-EWg0A-XGp6OdBg0CxQrF5bBnBPAAHIrh-pgAA 
2026-05-28 09:25:43.6118 INFO Getting message HTML voe@firsthome.com: AAkALgAAAAAAHYQDEapmEc2byACqAC-EWg0A-XGp6OdBg0CxQrF5bBnBPAAHIrh-pgAA 
2026-05-28 09:25:43.6488 INFO Getting message voe@firsthome.com: AAkALgAAAAAAHYQDEapmEc2byACqAC-EWg0A-XGp6OdBg0CxQrF5bBnBPAAHIrh-pgAA 
2026-05-28 09:25:44.9477 INFO Email Logged: Cathleen Flynn, First Home Mortgage would like to verify your income and employment 
2026-05-28 09:25:44.9827 INFO Email Logged to Database: AAkALgAAAAAAHYQDEapmEc2byACqAC-EWg0A-XGp6OdBg0CxQrF5bBnBPAAHIrh-pgAA Cathleen Flynn, First Home Mortgage would like to verify your income and employment 7:10 AM 
2026-05-28 09:25:45.0138 INFO Getting message voe@firsthome.com: AAkALgAAAAAAHYQDEapmEc2byACqAC-EWg0A-XGp6OdBg0CxQrF5bBnBPAAHIrh_lQAA 
2026-05-28 09:25:45.1720 INFO Getting message HTML voe@firsthome.com: AAkALgAAAAAAHYQDEapmEc2byACqAC-EWg0A-XGp6OdBg0CxQrF5bBnBPAAHIrh_lQAA 
2026-05-28 09:25:45.2040 INFO Getting message voe@firsthome.com: AAkALgAAAAAAHYQDEapmEc2byACqAC-EWg0A-XGp6OdBg0CxQrF5bBnBPAAHIrh_lQAA 
2026-05-28 09:25:46.0860 INFO Email Logged: Gabriella LePore, First Home Mortgage would like to verify your income and employment 
2026-05-28 09:25:46.1180 INFO Email Logged to Database: AAkALgAAAAAAHYQDEapmEc2byACqAC-EWg0A-XGp6OdBg0CxQrF5bBnBPAAHIrh_lQAA Gabriella LePore, First Home Mortgage would like to verify your income and employment 6:50 AM 
2026-05-28 09:25:46.1540 INFO Getting message voe@firsthome.com: AAkALgAAAAAAHYQDEapmEc2byACqAC-EWg0A-XGp6OdBg0CxQrF5bBnBPAAHIrh_kQAA 
2026-05-28 09:25:46.3171 INFO Getting message HTML voe@firsthome.com: AAkALgAAAAAAHYQDEapmEc2byACqAC-EWg0A-XGp6OdBg0CxQrF5bBnBPAAHIrh_kQAA 
2026-05-28 09:25:46.3731 INFO Getting message voe@firsthome.com: AAkALgAAAAAAHYQDEapmEc2byACqAC-EWg0A-XGp6OdBg0CxQrF5bBnBPAAHIrh_kQAA 
2026-05-28 09:27:26.6893 ERROR Error making web redirect request: https://url.usb.m.mimecastprotect.com/s/_QAoCoABO6cDnWB1i6sJUp3VFb?domain=url4970.truv.com 
2026-05-28 09:27:26.7298 ERROR System.Net.WebException: The operation has timed out
   at System.Net.HttpWebRequest.GetResponse()
   at VOESystem.Data.Business.BusinessBase.getWebRequestRedirect(String URL) in C:\Data\FirstMortgage\BitBucket\voesystem\VOEFrontend\VOESystem.Data\Business\BusinessBase.cs:line 607 System.Net.WebException: The operation has timed out
   at System.Net.HttpWebRequest.GetResponse()
   at VOESystem.Data.Business.BusinessBase.getWebRequestRedirect(String URL) in C:\Data\FirstMortgage\BitBucket\voesystem\VOEFrontend\VOESystem.Data\Business\BusinessBase.cs:line 607
2026-05-28 09:27:26.8793 INFO Retrying Redirect URL: The operation has timed out 
2026-05-28 09:29:06.9530 ERROR Error making web redirect request: https://url.usb.m.mimecastprotect.com/s/_QAoCoABO6cDnWB1i6sJUp3VFb?domain=url4970.truv.com 
2026-05-28 09:29:06.9960 ERROR System.Net.WebException: The operation has timed out
   at System.Net.HttpWebRequest.GetResponse()
   at VOESystem.Data.Business.BusinessBase.getWebRequestRedirect(String URL) in C:\Data\FirstMortgage\BitBucket\voesystem\VOEFrontend\VOESystem.Data\Business\BusinessBase.cs:line 607 System.Net.WebException: The operation has timed out
   at System.Net.HttpWebRequest.GetResponse()
   at VOESystem.Data.Business.BusinessBase.getWebRequestRedirect(String URL) in C:\Data\FirstMortgage\BitBucket\voesystem\VOEFrontend\VOESystem.Data\Business\BusinessBase.cs:line 607
2026-05-28 09:29:07.0455 INFO Retrying Redirect URL: The operation has timed out 
2026-05-28 09:30:47.1142 ERROR Error making web redirect request: https://url.usb.m.mimecastprotect.com/s/_QAoCoABO6cDnWB1i6sJUp3VFb?domain=url4970.truv.com 
2026-05-28 09:30:47.1774 ERROR System.Net.WebException: The operation has timed out
   at System.Net.HttpWebRequest.GetResponse()
   at VOESystem.Data.Business.BusinessBase.getWebRequestRedirect(String URL) in C:\Data\FirstMortgage\BitBucket\voesystem\VOEFrontend\VOESystem.Data\Business\BusinessBase.cs:line 607 System.Net.WebException: The operation has timed out
   at System.Net.HttpWebRequest.GetResponse()
   at VOESystem.Data.Business.BusinessBase.getWebRequestRedirect(String URL) in C:\Data\FirstMortgage\BitBucket\voesystem\VOEFrontend\VOESystem.Data\Business\BusinessBase.cs:line 607
2026-05-28 09:30:47.2749 INFO Retrying Redirect URL: The operation has timed out 
2026-05-28 09:30:47.3129 ERROR Error Importing Email: AAkALgAAAAAAHYQDEapmEc2byACqAC-EWg0A-XGp6OdBg0CxQrF5bBnBPAAHIrh_kQAA Christopher Brett Henderson, First Home Mortgage would like to verify your employment 6:50 AM 
2026-05-28 09:30:47.3444 ERROR System.Exception: Truv Redirect Order URL Not Found
   at VOEBackend.Email.BaseClass.getOrderRequestFromTruvRedirect(IDbConnection dbConn, String emailBody) in T:\Griffin\SVNDev\VOESystem\VOEBackend\VOEBackend.Email\BaseClass.cs:line 298
   at VOEBackend.Email.EmailOps.insertMail(IMailMessage msg) in T:\Griffin\SVNDev\VOESystem\VOEBackend\VOEBackend.Email\EmailOps.cs:line 73 System.Exception: Truv Redirect Order URL Not Found
   at VOEBackend.Email.BaseClass.getOrderRequestFromTruvRedirect(IDbConnection dbConn, String emailBody) in T:\Griffin\SVNDev\VOESystem\VOEBackend\VOEBackend.Email\BaseClass.cs:line 298
   at VOEBackend.Email.EmailOps.insertMail(IMailMessage msg) in T:\Griffin\SVNDev\VOESystem\VOEBackend\VOEBackend.Email\EmailOps.cs:line 73
2026-05-28 09:30:47.4024 INFO Getting message voe@firsthome.com: AAkALgAAAAAAHYQDEapmEc2byACqAC-EWg0A-XGp6OdBg0CxQrF5bBnBPAAHIrh_hQAA 
2026-05-28 09:30:47.6181 INFO Getting message HTML voe@firsthome.com: AAkALgAAAAAAHYQDEapmEc2byACqAC-EWg0A-XGp6OdBg0CxQrF5bBnBPAAHIrh_hQAA 
2026-05-28 09:30:47.6506 INFO Getting message voe@firsthome.com: AAkALgAAAAAAHYQDEapmEc2byACqAC-EWg0A-XGp6OdBg0CxQrF5bBnBPAAHIrh_hQAA 
2026-05-28 09:32:27.9731 ERROR Error making web redirect request: https://url.usb.m.mimecastprotect.com/s/RidzCjAwnOcYrNRpI7s8UmxqDq?domain=url4970.truv.com 
2026-05-28 09:32:28.0141 ERROR System.Net.WebException: The operation has timed out
   at System.Net.HttpWebRequest.GetResponse()
   at VOESystem.Data.Business.BusinessBase.getWebRequestRedirect(String URL) in C:\Data\FirstMortgage\BitBucket\voesystem\VOEFrontend\VOESystem.Data\Business\BusinessBase.cs:line 607 System.Net.WebException: The operation has timed out
   at System.Net.HttpWebRequest.GetResponse()
   at VOESystem.Data.Business.BusinessBase.getWebRequestRedirect(String URL) in C:\Data\FirstMortgage\BitBucket\voesystem\VOEFrontend\VOESystem.Data\Business\BusinessBase.cs:line 607
2026-05-28 09:32:28.1732 INFO Retrying Redirect URL: The operation has timed out 
2026-05-28 09:34:08.2420 ERROR Error making web redirect request: https://url.usb.m.mimecastprotect.com/s/RidzCjAwnOcYrNRpI7s8UmxqDq?domain=url4970.truv.com 
2026-05-28 09:34:08.3131 ERROR System.Net.WebException: The operation has timed out
   at System.Net.HttpWebRequest.GetResponse()
   at VOESystem.Data.Business.BusinessBase.getWebRequestRedirect(String URL) in C:\Data\FirstMortgage\BitBucket\voesystem\VOEFrontend\VOESystem.Data\Business\BusinessBase.cs:line 607 System.Net.WebException: The operation has timed out
   at System.Net.HttpWebRequest.GetResponse()
   at VOESystem.Data.Business.BusinessBase.getWebRequestRedirect(String URL) in C:\Data\FirstMortgage\BitBucket\voesystem\VOEFrontend\VOESystem.Data\Business\BusinessBase.cs:line 607
2026-05-28 09:34:08.3583 INFO Retrying Redirect URL: The operation has timed out 
2026-05-28 09:35:48.4079 ERROR Error making web redirect request: https://url.usb.m.mimecastprotect.com/s/RidzCjAwnOcYrNRpI7s8UmxqDq?domain=url4970.truv.com 
2026-05-28 09:35:48.4659 ERROR System.Net.WebException: The operation has timed out
   at System.Net.HttpWebRequest.GetResponse()
   at VOESystem.Data.Business.BusinessBase.getWebRequestRedirect(String URL) in C:\Data\FirstMortgage\BitBucket\voesystem\VOEFrontend\VOESystem.Data\Business\BusinessBase.cs:line 607 System.Net.WebException: The operation has timed out
   at System.Net.HttpWebRequest.GetResponse()
   at VOESystem.Data.Business.BusinessBase.getWebRequestRedirect(String URL) in C:\Data\FirstMortgage\BitBucket\voesystem\VOEFrontend\VOESystem.Data\Business\BusinessBase.cs:line 607
2026-05-28 09:35:48.5284 INFO Retrying Redirect URL: The operation has timed out 
2026-05-28 09:35:48.5790 ERROR Error Importing Email: AAkALgAAAAAAHYQDEapmEc2byACqAC-EWg0A-XGp6OdBg0CxQrF5bBnBPAAHIrh_hQAA Rachel L Green, First Home Mortgage would like to verify your income and employment 6:30 AM 
2026-05-28 09:35:48.6215 ERROR System.Exception: Truv Redirect Order URL Not Found
   at VOEBackend.Email.BaseClass.getOrderRequestFromTruvRedirect(IDbConnection dbConn, String emailBody) in T:\Griffin\SVNDev\VOESystem\VOEBackend\VOEBackend.Email\BaseClass.cs:line 298
   at VOEBackend.Email.EmailOps.insertMail(IMailMessage msg) in T:\Griffin\SVNDev\VOESystem\VOEBackend\VOEBackend.Email\EmailOps.cs:line 73 System.Exception: Truv Redirect Order URL Not Found
   at VOEBackend.Email.BaseClass.getOrderRequestFromTruvRedirect(IDbConnection dbConn, String emailBody) in T:\Griffin\SVNDev\VOESystem\VOEBackend\VOEBackend.Email\BaseClass.cs:line 298
   at VOEBackend.Email.EmailOps.insertMail(IMailMessage msg) in T:\Griffin\SVNDev\VOESystem\VOEBackend\VOEBackend.Email\EmailOps.cs:line 73
2026-05-28 09:35:48.6776 INFO Getting message voe@firsthome.com: AAkALgAAAAAAHYQDEapmEc2byACqAC-EWg0A-XGp6OdBg0CxQrF5bBnBPAAHIrh8kQAA 
2026-05-28 09:35:48.8842 INFO Getting message HTML voe@firsthome.com: AAkALgAAAAAAHYQDEapmEc2byACqAC-EWg0A-XGp6OdBg0CxQrF5bBnBPAAHIrh8kQAA 
2026-05-28 09:35:48.9193 INFO Getting message voe@firsthome.com: AAkALgAAAAAAHYQDEapmEc2byACqAC-EWg0A-XGp6OdBg0CxQrF5bBnBPAAHIrh8kQAA 
2026-05-28 09:35:50.1493 INFO Email Logged: Robert Ndong, First Home Mortgage would like to verify your income and employment 
2026-05-28 09:35:50.1949 INFO Email Logged to Database: AAkALgAAAAAAHYQDEapmEc2byACqAC-EWg0A-XGp6OdBg0CxQrF5bBnBPAAHIrh8kQAA Robert Ndong, First Home Mortgage would like to verify your income and employment 5:50 AM 
2026-05-28 09:35:50.2324 INFO Getting message voe@firsthome.com: AAkALgAAAAAAHYQDEapmEc2byACqAC-EWg0A-XGp6OdBg0CxQrF5bBnBPAAHIrh6rAAA 
2026-05-28 09:35:50.3848 INFO Getting message HTML voe@firsthome.com: AAkALgAAAAAAHYQDEapmEc2byACqAC-EWg0A-XGp6OdBg0CxQrF5bBnBPAAHIrh6rAAA 
2026-05-28 09:35:50.4250 INFO Getting message voe@firsthome.com: AAkALgAAAAAAHYQDEapmEc2byACqAC-EWg0A-XGp6OdBg0CxQrF5bBnBPAAHIrh6rAAA 
2026-05-28 09:36:05.7798 INFO Email Logged: Patrick A Little, First Home Mortgage would like to verify your income and employment 
2026-05-28 09:36:05.8208 INFO Email Logged to Database: AAkALgAAAAAAHYQDEapmEc2byACqAC-EWg0A-XGp6OdBg0CxQrF5bBnBPAAHIrh6rAAA Patrick A Little, First Home Mortgage would like to verify your income and employment 4:30 AM 
2026-05-28 09:36:05.8518 INFO Getting message voe@firsthome.com: AAkALgAAAAAAHYQDEapmEc2byACqAC-EWg0A-XGp6OdBg0CxQrF5bBnBPAAHIrh6qQAA 
2026-05-28 09:36:06.4362 INFO Getting message HTML voe@firsthome.com: AAkALgAAAAAAHYQDEapmEc2byACqAC-EWg0A-XGp6OdBg0CxQrF5bBnBPAAHIrh6qQAA 
2026-05-28 09:36:06.4652 INFO Getting message voe@firsthome.com: AAkALgAAAAAAHYQDEapmEc2byACqAC-EWg0A-XGp6OdBg0CxQrF5bBnBPAAHIrh6qQAA 
2026-05-28 09:41:09.7988 INFO Getting messages for folder voe@firsthome.com: Inbox 
2026-05-28 09:41:11.5955 INFO Getting message voe@firsthome.com: AAkALgAAAAAAHYQDEapmEc2byACqAC-EWg0A-XGp6OdBg0CxQrF5bBnBPAAHIrikYwAA 
2026-05-28 09:41:11.8352 INFO Getting message HTML voe@firsthome.com: AAkALgAAAAAAHYQDEapmEc2byACqAC-EWg0A-XGp6OdBg0CxQrF5bBnBPAAHIrikYwAA 
2026-05-28 09:41:11.8632 INFO Getting message voe@firsthome.com: AAkALgAAAAAAHYQDEapmEc2byACqAC-EWg0A-XGp6OdBg0CxQrF5bBnBPAAHIrikYwAA 
2026-05-28 09:41:13.5047 INFO Email Logged: Re: Final Verification MyBiz Request [1081518749-04] 
2026-05-28 09:41:13.5577 INFO Email Logged to Database: AAkALgAAAAAAHYQDEapmEc2byACqAC-EWg0A-XGp6OdBg0CxQrF5bBnBPAAHIrikYwAA Re: Final Verification MyBiz Request [1081518749-04] 9:31 AM 
2026-05-28 09:41:13.5853 INFO Getting message voe@firsthome.com: AAkALgAAAAAAHYQDEapmEc2byACqAC-EWg0A-XGp6OdBg0CxQrF5bBnBPAAHIrikXAAA 
2026-05-28 09:41:13.7364 INFO Getting message HTML voe@firsthome.com: AAkALgAAAAAAHYQDEapmEc2byACqAC-EWg0A-XGp6OdBg0CxQrF5bBnBPAAHIrikXAAA 
2026-05-28 09:41:13.7664 INFO Getting message voe@firsthome.com: AAkALgAAAAAAHYQDEapmEc2byACqAC-EWg0A-XGp6OdBg0CxQrF5bBnBPAAHIrikXAAA 
2026-05-28 09:41:14.0786 INFO Email Not Matched: AAkALgAAAAAAHYQDEapmEc2byACqAC-EWg0A-XGp6OdBg0CxQrF5bBnBPAAHIrikXAAA RE: Emailing: HANNA closing instructions and fees.pdf 9:30 AM 
2026-05-28 09:41:14.1177 INFO Getting message voe@firsthome.com: AAkALgAAAAAAHYQDEapmEc2byACqAC-EWg0A-XGp6OdBg0CxQrF5bBnBPAAHIrh-tAAA 
2026-05-28 09:41:14.2577 INFO Getting message HTML voe@firsthome.com: AAkALgAAAAAAHYQDEapmEc2byACqAC-EWg0A-XGp6OdBg0CxQrF5bBnBPAAHIrh-tAAA 
2026-05-28 09:41:14.2847 INFO Getting message voe@firsthome.com: AAkALgAAAAAAHYQDEapmEc2byACqAC-EWg0A-XGp6OdBg0CxQrF5bBnBPAAHIrh-tAAA 
2026-05-28 09:41:14.5794 INFO Email Logged: Automatic reply: Confirmation of New VOE Order for Adam Fender [1081526112-01] 
2026-05-28 09:41:14.6199 INFO Email Logged to Database: AAkALgAAAAAAHYQDEapmEc2byACqAC-EWg0A-XGp6OdBg0CxQrF5bBnBPAAHIrh-tAAA Automatic reply: Confirmation of New VOE Order for Adam Fender [1081526112-01] 7:10 AM 
2026-05-28 09:41:14.6559 INFO Getting message voe@firsthome.com: AAkALgAAAAAAHYQDEapmEc2byACqAC-EWg0A-XGp6OdBg0CxQrF5bBnBPAAHIrh-swAA 
2026-05-28 09:41:14.7985 INFO Getting message HTML voe@firsthome.com: AAkALgAAAAAAHYQDEapmEc2byACqAC-EWg0A-XGp6OdBg0CxQrF5bBnBPAAHIrh-swAA 
2026-05-28 09:41:14.8335 INFO Getting message voe@firsthome.com: AAkALgAAAAAAHYQDEapmEc2byACqAC-EWg0A-XGp6OdBg0CxQrF5bBnBPAAHIrh-swAA 
2026-05-28 09:41:15.1273 INFO Email Logged: Automatic reply: Confirmation of New VOE Order for Adam Fender [1081526112-02] 
2026-05-28 09:41:15.1643 INFO Email Logged to Database: AAkALgAAAAAAHYQDEapmEc2byACqAC-EWg0A-XGp6OdBg0CxQrF5bBnBPAAHIrh-swAA Automatic reply: Confirmation of New VOE Order for Adam Fender [1081526112-02] 7:10 AM 
2026-05-28 09:41:54.3902 INFO Getting messages for folder voe@firsthome.com: Inbox 
2026-05-28 09:41:56.5028 INFO Getting message voe@firsthome.com: AAkALgAAAAAAHYQDEapmEc2byACqAC-EWg0A-XGp6OdBg0CxQrF5bBnBPAAHIrh6oQAA 
2026-05-28 09:41:56.7374 INFO Getting message HTML voe@firsthome.com: AAkALgAAAAAAHYQDEapmEc2byACqAC-EWg0A-XGp6OdBg0CxQrF5bBnBPAAHIrh6oQAA 
2026-05-28 09:41:56.7634 INFO Getting message voe@firsthome.com: AAkALgAAAAAAHYQDEapmEc2byACqAC-EWg0A-XGp6OdBg0CxQrF5bBnBPAAHIrh6oQAA 
2026-05-28 09:42:05.3980 INFO Email Logged: Marina Khalid, First Home Mortgage would like to verify your income and employment 
2026-05-28 09:42:05.4475 INFO Email Logged to Database: AAkALgAAAAAAHYQDEapmEc2byACqAC-EWg0A-XGp6OdBg0CxQrF5bBnBPAAHIrh6oQAA Marina Khalid, First Home Mortgage would like to verify your income and employment 4:25 AM 
2026-05-28 09:42:05.4770 INFO Getting message voe@firsthome.com: AAkALgAAAAAAHYQDEapmEc2byACqAC-EWg0A-XGp6OdBg0CxQrF5bBnBPAAHIrh6nQAA 
2026-05-28 09:42:05.6717 INFO Getting message HTML voe@firsthome.com: AAkALgAAAAAAHYQDEapmEc2byACqAC-EWg0A-XGp6OdBg0CxQrF5bBnBPAAHIrh6nQAA 
2026-05-28 09:42:05.7052 INFO Getting message voe@firsthome.com: AAkALgAAAAAAHYQDEapmEc2byACqAC-EWg0A-XGp6OdBg0CxQrF5bBnBPAAHIrh6nQAA 
2026-05-28 09:42:25.7401 INFO Email Logged: Charlotte Hamilton, First Home Mortgage would like to verify your income and employment 
2026-05-28 09:42:25.7866 INFO Email Logged to Database: AAkALgAAAAAAHYQDEapmEc2byACqAC-EWg0A-XGp6OdBg0CxQrF5bBnBPAAHIrh6nQAA Charlotte Hamilton, First Home Mortgage would like to verify your income and employment 4:25 AM 
2026-05-28 09:42:25.8129 INFO Getting message voe@firsthome.com: AAkALgAAAAAAHYQDEapmEc2byACqAC-EWg0A-XGp6OdBg0CxQrF5bBnBPAAHIrh4qQAA 
2026-05-28 09:42:25.9503 INFO Getting message HTML voe@firsthome.com: AAkALgAAAAAAHYQDEapmEc2byACqAC-EWg0A-XGp6OdBg0CxQrF5bBnBPAAHIrh4qQAA 
2026-05-28 09:42:25.9765 INFO Getting message voe@firsthome.com: AAkALgAAAAAAHYQDEapmEc2byACqAC-EWg0A-XGp6OdBg0CxQrF5bBnBPAAHIrh4qQAA 
2026-05-28 09:44:06.3142 ERROR Error making web redirect request: https://url.usb.m.mimecastprotect.com/s/i2toCJEnP7tBJZDqfLsoUyuFyd?domain=url4970.truv.com 
2026-05-28 09:44:06.3572 ERROR System.Net.WebException: The operation has timed out
   at System.Net.HttpWebRequest.GetResponse()
   at VOESystem.Data.Business.BusinessBase.getWebRequestRedirect(String URL) in C:\Data\FirstMortgage\BitBucket\voesystem\VOEFrontend\VOESystem.Data\Business\BusinessBase.cs:line 607 System.Net.WebException: The operation has timed out
   at System.Net.HttpWebRequest.GetResponse()
   at VOESystem.Data.Business.BusinessBase.getWebRequestRedirect(String URL) in C:\Data\FirstMortgage\BitBucket\voesystem\VOEFrontend\VOESystem.Data\Business\BusinessBase.cs:line 607
2026-05-28 09:44:06.5143 INFO Retrying Redirect URL: The operation has timed out 
