2026-05-27 07:55:43.6605 INFO Getting messages for folder voe@firsthome.com: Inbox 
2026-05-27 07:55:46.4769 INFO Getting message voe@firsthome.com: AAkALgAAAAAAHYQDEapmEc2byACqAC-EWg0A-XGp6OdBg0CxQrF5bBnBPAAHIkFQxwAA 
2026-05-27 07:55:46.8115 INFO Getting message HTML voe@firsthome.com: AAkALgAAAAAAHYQDEapmEc2byACqAC-EWg0A-XGp6OdBg0CxQrF5bBnBPAAHIkFQxwAA 
2026-05-27 07:55:46.8769 INFO Getting message voe@firsthome.com: AAkALgAAAAAAHYQDEapmEc2byACqAC-EWg0A-XGp6OdBg0CxQrF5bBnBPAAHIkFQxwAA 
2026-05-27 07:55:49.5947 INFO Skipping Attachment - Possible Signature Image: image001.png(7091K) in AAkALgAAAAAAHYQDEapmEc2byACqAC-EWg0A-XGp6OdBg0CxQrF5bBnBPAAHIkFQxwAA 
2026-05-27 07:55:49.6233 INFO Skipping Attachment - Possible Signature Image: image003.jpg(1278K) in AAkALgAAAAAAHYQDEapmEc2byACqAC-EWg0A-XGp6OdBg0CxQrF5bBnBPAAHIkFQxwAA 
2026-05-27 07:55:49.6474 INFO Skipping Attachment - Possible Signature Image: image004.jpg(1296K) in AAkALgAAAAAAHYQDEapmEc2byACqAC-EWg0A-XGp6OdBg0CxQrF5bBnBPAAHIkFQxwAA 
2026-05-27 07:55:49.6694 INFO Skipping Attachment - Possible Signature Image: image005.png(7503K) in AAkALgAAAAAAHYQDEapmEc2byACqAC-EWg0A-XGp6OdBg0CxQrF5bBnBPAAHIkFQxwAA 
2026-05-27 07:55:49.8754 INFO Email Logged: RE: Prospect VOE's - Woods 5012523068 [5012523068-01] 
2026-05-27 07:55:49.9359 INFO Email Logged to Database: AAkALgAAAAAAHYQDEapmEc2byACqAC-EWg0A-XGp6OdBg0CxQrF5bBnBPAAHIkFQxwAA RE: Prospect VOE's - Woods 5012523068 [5012523068-01] 7:49 AM 
2026-05-27 07:55:49.9610 INFO Getting message voe@firsthome.com: AAkALgAAAAAAHYQDEapmEc2byACqAC-EWg0A-XGp6OdBg0CxQrF5bBnBPAAHIkFQvwAA 
2026-05-27 07:55:50.0980 INFO Getting message HTML voe@firsthome.com: AAkALgAAAAAAHYQDEapmEc2byACqAC-EWg0A-XGp6OdBg0CxQrF5bBnBPAAHIkFQvwAA 
2026-05-27 07:55:50.1230 INFO Getting message voe@firsthome.com: AAkALgAAAAAAHYQDEapmEc2byACqAC-EWg0A-XGp6OdBg0CxQrF5bBnBPAAHIkFQvwAA 
2026-05-27 07:55:57.2975 INFO Email Logged: Jenna Key Brunclik, First Home Mortgage would like to verify your income and employment 
2026-05-27 07:55:57.3475 INFO Email Logged to Database: AAkALgAAAAAAHYQDEapmEc2byACqAC-EWg0A-XGp6OdBg0CxQrF5bBnBPAAHIkFQvwAA Jenna Key Brunclik, First Home Mortgage would like to verify your income and employment 7:35 AM 
2026-05-27 07:55:57.3890 INFO Getting message voe@firsthome.com: AAkALgAAAAAAHYQDEapmEc2byACqAC-EWg0A-XGp6OdBg0CxQrF5bBnBPAAHIkFQqQAA 
2026-05-27 07:55:57.5411 INFO Getting message HTML voe@firsthome.com: AAkALgAAAAAAHYQDEapmEc2byACqAC-EWg0A-XGp6OdBg0CxQrF5bBnBPAAHIkFQqQAA 
2026-05-27 07:55:57.6331 INFO Getting message voe@firsthome.com: AAkALgAAAAAAHYQDEapmEc2byACqAC-EWg0A-XGp6OdBg0CxQrF5bBnBPAAHIkFQqQAA 
2026-05-27 07:55:58.1729 INFO Email Not Matched: AAkALgAAAAAAHYQDEapmEc2byACqAC-EWg0A-XGp6OdBg0CxQrF5bBnBPAAHIkFQqQAA  Corporate eFax message from "3016882587" - 2 page(s) 7:14 AM 
2026-05-27 07:55:58.2130 INFO Getting message voe@firsthome.com: AAkALgAAAAAAHYQDEapmEc2byACqAC-EWg0A-XGp6OdBg0CxQrF5bBnBPAAHIkFQowAA 
2026-05-27 07:55:58.3520 INFO Getting message HTML voe@firsthome.com: AAkALgAAAAAAHYQDEapmEc2byACqAC-EWg0A-XGp6OdBg0CxQrF5bBnBPAAHIkFQowAA 
2026-05-27 07:55:58.3770 INFO Getting message voe@firsthome.com: AAkALgAAAAAAHYQDEapmEc2byACqAC-EWg0A-XGp6OdBg0CxQrF5bBnBPAAHIkFQowAA 
2026-05-27 07:55:58.6666 INFO Email Not Matched: AAkALgAAAAAAHYQDEapmEc2byACqAC-EWg0A-XGp6OdBg0CxQrF5bBnBPAAHIkFQowAA  Corporate eFax message from "3016882587" - 2 page(s) 7:12 AM 
2026-05-27 07:55:58.7016 INFO Getting message voe@firsthome.com: AAkALgAAAAAAHYQDEapmEc2byACqAC-EWg0A-XGp6OdBg0CxQrF5bBnBPAAHIkFQngAA 
2026-05-27 07:55:58.8526 INFO Getting message HTML voe@firsthome.com: AAkALgAAAAAAHYQDEapmEc2byACqAC-EWg0A-XGp6OdBg0CxQrF5bBnBPAAHIkFQngAA 
2026-05-27 07:55:58.8789 INFO Getting message voe@firsthome.com: AAkALgAAAAAAHYQDEapmEc2byACqAC-EWg0A-XGp6OdBg0CxQrF5bBnBPAAHIkFQngAA 
2026-05-27 07:55:59.1629 INFO Email Logged: Revision Request Received [1017522499-01] 
2026-05-27 07:55:59.1929 INFO Email Logged to Database: AAkALgAAAAAAHYQDEapmEc2byACqAC-EWg0A-XGp6OdBg0CxQrF5bBnBPAAHIkFQngAA Revision Request Received [1017522499-01] 6:50 AM 
2026-05-27 07:55:59.2180 INFO Getting message voe@firsthome.com: AAkALgAAAAAAHYQDEapmEc2byACqAC-EWg0A-XGp6OdBg0CxQrF5bBnBPAAHIkFQkgAA 
2026-05-27 07:55:59.7386 INFO Getting message HTML voe@firsthome.com: AAkALgAAAAAAHYQDEapmEc2byACqAC-EWg0A-XGp6OdBg0CxQrF5bBnBPAAHIkFQkgAA 
2026-05-27 07:55:59.7626 INFO Getting message voe@firsthome.com: AAkALgAAAAAAHYQDEapmEc2byACqAC-EWg0A-XGp6OdBg0CxQrF5bBnBPAAHIkFQkgAA 
2026-05-27 07:56:00.0377 INFO Email Not Matched: AAkALgAAAAAAHYQDEapmEc2byACqAC-EWg0A-XGp6OdBg0CxQrF5bBnBPAAHIkFQkgAA FW: Employment Verification 1630255_20260527043811 6:41 AM 
2026-05-27 07:56:00.0727 INFO Getting message voe@firsthome.com: AAkALgAAAAAAHYQDEapmEc2byACqAC-EWg0A-XGp6OdBg0CxQrF5bBnBPAAHIkFMpQAA 
2026-05-27 07:56:00.2090 INFO Getting message HTML voe@firsthome.com: AAkALgAAAAAAHYQDEapmEc2byACqAC-EWg0A-XGp6OdBg0CxQrF5bBnBPAAHIkFMpQAA 
2026-05-27 07:56:00.2360 INFO Getting message voe@firsthome.com: AAkALgAAAAAAHYQDEapmEc2byACqAC-EWg0A-XGp6OdBg0CxQrF5bBnBPAAHIkFMpQAA 
2026-05-27 07:56:00.5781 INFO Email Not Matched: AAkALgAAAAAAHYQDEapmEc2byACqAC-EWg0A-XGp6OdBg0CxQrF5bBnBPAAHIkFMpQAA Employment Verification for Temekia R Avary 6:39 AM 
2026-05-27 07:56:00.6151 INFO Getting message voe@firsthome.com: AAkALgAAAAAAHYQDEapmEc2byACqAC-EWg0A-XGp6OdBg0CxQrF5bBnBPAAHIkFKsQAA 
2026-05-27 07:56:00.7501 INFO Getting message HTML voe@firsthome.com: AAkALgAAAAAAHYQDEapmEc2byACqAC-EWg0A-XGp6OdBg0CxQrF5bBnBPAAHIkFKsQAA 
2026-05-27 07:56:00.7751 INFO Getting message voe@firsthome.com: AAkALgAAAAAAHYQDEapmEc2byACqAC-EWg0A-XGp6OdBg0CxQrF5bBnBPAAHIkFKsQAA 
2026-05-27 07:56:01.0523 INFO Email Logged: RE: Verification of Employment Request Armando Ercole [1012475867-02] 
2026-05-27 07:56:01.5024 ERROR Error Sending Email System.Exception: No Valid Email Recipients Specified
   at VOESystem.Data.Business.EmailOps.SendEmail(IDbConnection dbConn, List`1 toEmailList, List`1 ccEmailList, List`1 bccEmailList, String Subject, String MessageText, Boolean skipBranchOverrideCC, Nullable`1 OrderRequestId, Nullable`1 EmailTemplateId, Nullable`1 IsAuditing, List`1 Attachments, String BaseURL, Boolean RestrictDomain, Boolean consolidateAttachments, IDbTransaction extTransaction, String loanNumber, Boolean isDraft, MailPriority priority, Boolean IsHTML, Boolean requestReadReceipt, Boolean isSecure, List`1 replyToEmailList, Nullable`1 forwardingEmailId) in C:\Data\FirstMortgage\BitBucket\voesystem\VOEFrontend\VOESystem.Data\Business\EmailOps.cs:line 198
2026-05-27 07:56:01.6469 INFO This order has been APPROVED and new emails are no longer monitored for this VOE.  

Current Employment Status: Prior

Please contact VOE@firsthome with the order number -found in the subject line of this email - in order to address your inquiry/concerns.

Sincerely,
First Home Mortgage Verification Team
6211 Greenleigh Avenue, Suite 300, Baltimore MD 21220  

(For questions or concerns on the status of your VOE please check the VOE pipeline at http://aze-app-1v/voesystem/pipeline)



CONFIDENTIALITY NOTICE
The information contained in this electronic message is confidential information intended for the use of the individual or entity named above. If the reader of this message is not the intended recipient, or an employee or agent responsible for delivering this electronic message to the intended recipient, you are hereby notified that any dissemination, or copying of this communication is strictly prohibited. If this message contains non-public personal information about any consumer or customer of the sender or intended recipient, you are further prohibited under penalty of law from using or disclosing the information to any third party by provisions of the federal Gramm-Leach-Bliley Act. If you have received this electronic message in error, please immediately notify us by return email destroy the original message to assure that it is not read, copied, or distributed by others.






Sincerely,
First Home Mortgage Verification Team
6211 Greenleigh Avenue, Suite 300, Baltimore MD 21220  

(For questions or concerns on the status of your VOE please check the VOE pipeline at http://aze-app-1v/voesystem/pipeline)

---------Original Message----------------------
From: Carlos@Borghiusa.com
Sent: Wed, May 27, 2026 06:06 AM
To: VOE@firsthome.com
Cc: 
Subject: RE: Verification of Employment Request Armando Ercole [1012475867-02]

*** This message originated outside the organization ***

________________________________
Hi Samantha:

Here are the answers to your questions:

Borrower Name: Armando Ercole
Employer Name: Borghi USA, Inc
Borrower’s Position:  Spare Parts Manager
Date Hired: May 1, 2022
Currently employed: No
If No, date terminated: April 30, 2024
__________________________________________________________________
Completed By: Carlos Petzold
Position: President
Direct Phone Number: 410-272-9797
Fax Number/email: carlos@borghiusa.com

Hoping this meets your needs.  I am currently outside the USA and will be back in my office on Monday of next week.


Best regards,
Ciao, Carlos

Carlos R. Petzold
President

Borghi USA, Inc.
903 Cirelli Court
Aberdeen, MD 21001
USA

Tel.     +1-410-272-9797, Ext. 101
Email:  carlos@borghiusa.com<mailto:carlos@borghiusa.com>

From: First Home VOE <VOE@firsthome.com>
Sent: Wednesday, May 20, 2026 10:05 AM
To: Carlos Petzold <Carlos@Borghiusa.com>
Subject: Verification of Employment Request Armando Ercole [1012475867-02]

First Home Mortgage is requesting a verbal verification of employment for Armando Ercole. You can provide the answers to the below questions by replying to this email or calling me at 443-461-1254 to provide verbally.

Borrower Name: Armando Ercole
Employer Name: Borghi USA, Inc
Borrower’s Position:
Date Hired:
Currently employed:
If No, date terminated:
__________________________________________________________________
Completed By:
Position:
Direct Phone Number:
Fax Number/email:

Sincerely,

Samantha Roberts
First Home Mortgage Verification Team
voe@firsthome.com<mailto:voe@firsthome.com>
Phone: 443-461-1254
Fax: 443-725-0492
6211 Greenleigh Avenue, Suite 300, Baltimore MD 21220



CONFIDENTIALITY NOTICE
The information contained in this electronic message is confidential information intended for the use of the individual or entity named above. If the reader of this message is not the intended recipient, or an employee or agent responsible for delivering this electronic message to the intended recipient, you are hereby notified that any dissemination, or copying of this communication is strictly prohibited. If this message contains non-public personal information about any consumer or customer of the sender or intended recipient, you are further prohibited under penalty of law from using or disclosing the information to any third party by provisions of the federal Gramm-Leach-Bliley Act. If you have received this electronic message in error, please immediately notify us by return email destroy the original message to assure that it is not read, copied, or distributed by others.
 
2026-05-27 07:56:01.6739 ERROR Error Sending Email System.Exception: No Valid Email Recipients Specified
   at VOESystem.Data.Business.EmailOps.SendEmail(IDbConnection dbConn, List`1 toEmailList, List`1 ccEmailList, List`1 bccEmailList, String Subject, String MessageText, Boolean skipBranchOverrideCC, Nullable`1 OrderRequestId, Nullable`1 EmailTemplateId, Nullable`1 IsAuditing, List`1 Attachments, String BaseURL, Boolean RestrictDomain, Boolean consolidateAttachments, IDbTransaction extTransaction, String loanNumber, Boolean isDraft, MailPriority priority, Boolean IsHTML, Boolean requestReadReceipt, Boolean isSecure, List`1 replyToEmailList, Nullable`1 forwardingEmailId) in C:\Data\FirstMortgage\BitBucket\voesystem\VOEFrontend\VOESystem.Data\Business\EmailOps.cs:line 390
   at VOESystem.Data.Business.EmailOps.sendEmailFromTemplate(IDbConnection dbConn, Email email, Nullable`1 OrderRequestId, String BaseUrl, Boolean RestrictDomain, Nullable`1 IsAuditing, Boolean skipBranchOverrideCC, Boolean consolidateAttachments, IDbTransaction extTransaction, String loanNumber, Boolean IsHTML, Boolean IsVOETeamUser, String UserName) in C:\Data\FirstMortgage\BitBucket\voesystem\VOEFrontend\VOESystem.Data\Business\EmailOps.cs:line 1144
2026-05-27 07:56:01.7239 INFO This order has been APPROVED and new emails are no longer monitored for this VOE.  

Current Employment Status: Prior

Please contact VOE@firsthome with the order number -found in the subject line of this email - in order to address your inquiry/concerns.

Sincerely,
First Home Mortgage Verification Team
6211 Greenleigh Avenue, Suite 300, Baltimore MD 21220  

(For questions or concerns on the status of your VOE please check the VOE pipeline at http://aze-app-1v/voesystem/pipeline)



CONFIDENTIALITY NOTICE
The information contained in this electronic message is confidential information intended for the use of the individual or entity named above. If the reader of this message is not the intended recipient, or an employee or agent responsible for delivering this electronic message to the intended recipient, you are hereby notified that any dissemination, or copying of this communication is strictly prohibited. If this message contains non-public personal information about any consumer or customer of the sender or intended recipient, you are further prohibited under penalty of law from using or disclosing the information to any third party by provisions of the federal Gramm-Leach-Bliley Act. If you have received this electronic message in error, please immediately notify us by return email destroy the original message to assure that it is not read, copied, or distributed by others.






Sincerely,
First Home Mortgage Verification Team
6211 Greenleigh Avenue, Suite 300, Baltimore MD 21220  

(For questions or concerns on the status of your VOE please check the VOE pipeline at http://aze-app-1v/voesystem/pipeline)

---------Original Message----------------------
From: Carlos@Borghiusa.com
Sent: Wed, May 27, 2026 06:06 AM
To: VOE@firsthome.com
Cc: 
Subject: RE: Verification of Employment Request Armando Ercole [1012475867-02]

*** This message originated outside the organization ***

________________________________
Hi Samantha:

Here are the answers to your questions:

Borrower Name: Armando Ercole
Employer Name: Borghi USA, Inc
Borrower’s Position:  Spare Parts Manager
Date Hired: May 1, 2022
Currently employed: No
If No, date terminated: April 30, 2024
__________________________________________________________________
Completed By: Carlos Petzold
Position: President
Direct Phone Number: 410-272-9797
Fax Number/email: carlos@borghiusa.com

Hoping this meets your needs.  I am currently outside the USA and will be back in my office on Monday of next week.


Best regards,
Ciao, Carlos

Carlos R. Petzold
President

Borghi USA, Inc.
903 Cirelli Court
Aberdeen, MD 21001
USA

Tel.     +1-410-272-9797, Ext. 101
Email:  carlos@borghiusa.com<mailto:carlos@borghiusa.com>

From: First Home VOE <VOE@firsthome.com>
Sent: Wednesday, May 20, 2026 10:05 AM
To: Carlos Petzold <Carlos@Borghiusa.com>
Subject: Verification of Employment Request Armando Ercole [1012475867-02]

First Home Mortgage is requesting a verbal verification of employment for Armando Ercole. You can provide the answers to the below questions by replying to this email or calling me at 443-461-1254 to provide verbally.

Borrower Name: Armando Ercole
Employer Name: Borghi USA, Inc
Borrower’s Position:
Date Hired:
Currently employed:
If No, date terminated:
__________________________________________________________________
Completed By:
Position:
Direct Phone Number:
Fax Number/email:

Sincerely,

Samantha Roberts
First Home Mortgage Verification Team
voe@firsthome.com<mailto:voe@firsthome.com>
Phone: 443-461-1254
Fax: 443-725-0492
6211 Greenleigh Avenue, Suite 300, Baltimore MD 21220



CONFIDENTIALITY NOTICE
The information contained in this electronic message is confidential information intended for the use of the individual or entity named above. If the reader of this message is not the intended recipient, or an employee or agent responsible for delivering this electronic message to the intended recipient, you are hereby notified that any dissemination, or copying of this communication is strictly prohibited. If this message contains non-public personal information about any consumer or customer of the sender or intended recipient, you are further prohibited under penalty of law from using or disclosing the information to any third party by provisions of the federal Gramm-Leach-Bliley Act. If you have received this electronic message in error, please immediately notify us by return email destroy the original message to assure that it is not read, copied, or distributed by others.
 
2026-05-27 07:56:01.7559 INFO Email Logged to Database: AAkALgAAAAAAHYQDEapmEc2byACqAC-EWg0A-XGp6OdBg0CxQrF5bBnBPAAHIkFKsQAA RE: Verification of Employment Request Armando Ercole [1012475867-02] 6:06 AM 
2026-05-27 07:56:01.7829 INFO Getting message voe@firsthome.com: AAkALgAAAAAAHYQDEapmEc2byACqAC-EWg0A-XGp6OdBg0CxQrF5bBnBPAAHIkExRQAA 
2026-05-27 07:56:01.9179 INFO Getting message HTML voe@firsthome.com: AAkALgAAAAAAHYQDEapmEc2byACqAC-EWg0A-XGp6OdBg0CxQrF5bBnBPAAHIkExRQAA 
2026-05-27 07:56:01.9474 INFO Getting message voe@firsthome.com: AAkALgAAAAAAHYQDEapmEc2byACqAC-EWg0A-XGp6OdBg0CxQrF5bBnBPAAHIkExRQAA 
2026-05-27 07:56:09.2817 INFO Email Logged: Christopher Ryan Kackley, First Home Mortgage would like to verify your income and employment 
2026-05-27 07:56:09.3177 INFO Email Logged to Database: AAkALgAAAAAAHYQDEapmEc2byACqAC-EWg0A-XGp6OdBg0CxQrF5bBnBPAAHIkExRQAA Christopher Ryan Kackley, First Home Mortgage would like to verify your income and employment 5:25 AM 
2026-05-27 07:56:09.3497 INFO Getting message voe@firsthome.com: AAkALgAAAAAAHYQDEapmEc2byACqAC-EWg0A-XGp6OdBg0CxQrF5bBnBPAAHIjYDfQAA 
2026-05-27 07:56:09.4787 INFO Getting message HTML voe@firsthome.com: AAkALgAAAAAAHYQDEapmEc2byACqAC-EWg0A-XGp6OdBg0CxQrF5bBnBPAAHIjYDfQAA 
2026-05-27 07:56:09.5097 INFO Getting message voe@firsthome.com: AAkALgAAAAAAHYQDEapmEc2byACqAC-EWg0A-XGp6OdBg0CxQrF5bBnBPAAHIjYDfQAA 
2026-05-27 07:56:09.7758 INFO Email Not Matched: AAkALgAAAAAAHYQDEapmEc2byACqAC-EWg0A-XGp6OdBg0CxQrF5bBnBPAAHIjYDfQAA BPhillips wants to join your account 4:02 AM 
2026-05-27 07:56:09.8168 INFO Getting message voe@firsthome.com: AAkALgAAAAAAHYQDEapmEc2byACqAC-EWg0A-XGp6OdBg0CxQrF5bBnBPAAHIjX3wQAA 
2026-05-27 07:56:10.0493 INFO Getting message HTML voe@firsthome.com: AAkALgAAAAAAHYQDEapmEc2byACqAC-EWg0A-XGp6OdBg0CxQrF5bBnBPAAHIjX3wQAA 
2026-05-27 07:56:10.0783 INFO Getting message voe@firsthome.com: AAkALgAAAAAAHYQDEapmEc2byACqAC-EWg0A-XGp6OdBg0CxQrF5bBnBPAAHIjX3wQAA 
2026-05-27 07:57:50.3507 ERROR Error making web redirect request: https://url.usb.m.mimecastprotect.com/s/CJa9C7DxAWfzgjm8FNsAUogk8r?domain=url4970.truv.com System.Net.WebException: The operation has timed out
   at System.Net.HttpWebRequest.GetResponse()
   at VOESystem.Data.Business.BusinessBase.getWebRequestRedirect(String URL) in C:\Data\FirstMortgage\BitBucket\voesystem\VOEFrontend\VOESystem.Data\Business\BusinessBase.cs:line 607
2026-05-27 07:57:50.4477 INFO Retrying Redirect URL: The operation has timed out 
2026-05-27 07:59:30.4951 ERROR Error making web redirect request: https://url.usb.m.mimecastprotect.com/s/CJa9C7DxAWfzgjm8FNsAUogk8r?domain=url4970.truv.com System.Net.WebException: The operation has timed out
   at System.Net.HttpWebRequest.GetResponse()
   at VOESystem.Data.Business.BusinessBase.getWebRequestRedirect(String URL) in C:\Data\FirstMortgage\BitBucket\voesystem\VOEFrontend\VOESystem.Data\Business\BusinessBase.cs:line 607
2026-05-27 07:59:30.5401 INFO Retrying Redirect URL: The operation has timed out 
2026-05-27 08:01:10.6036 ERROR Error making web redirect request: https://url.usb.m.mimecastprotect.com/s/CJa9C7DxAWfzgjm8FNsAUogk8r?domain=url4970.truv.com System.Net.WebException: The operation has timed out
   at System.Net.HttpWebRequest.GetResponse()
   at VOESystem.Data.Business.BusinessBase.getWebRequestRedirect(String URL) in C:\Data\FirstMortgage\BitBucket\voesystem\VOEFrontend\VOESystem.Data\Business\BusinessBase.cs:line 607
2026-05-27 08:01:10.6476 INFO Retrying Redirect URL: The operation has timed out 
2026-05-27 08:01:10.6866 ERROR Error Importing Email: AAkALgAAAAAAHYQDEapmEc2byACqAC-EWg0A-XGp6OdBg0CxQrF5bBnBPAAHIjX3wQAA Drew Speicher, First Home Mortgage would like to verify your income and employment 3:50 AM System.Exception: Truv Redirect Order URL Not Found
   at VOEBackend.Email.BaseClass.getOrderRequestFromTruvRedirect(IDbConnection dbConn, String emailBody) in T:\Griffin\SVNDev\VOESystem\VOEBackend\VOEBackend.Email\BaseClass.cs:line 298
   at VOEBackend.Email.EmailOps.insertMail(IMailMessage msg) in T:\Griffin\SVNDev\VOESystem\VOEBackend\VOEBackend.Email\EmailOps.cs:line 73
2026-05-27 08:01:10.7486 INFO Getting message voe@firsthome.com: AAkALgAAAAAAHYQDEapmEc2byACqAC-EWg0A-XGp6OdBg0CxQrF5bBnBPAAHIYJidQAA 
2026-05-27 08:01:10.9316 INFO Getting message HTML voe@firsthome.com: AAkALgAAAAAAHYQDEapmEc2byACqAC-EWg0A-XGp6OdBg0CxQrF5bBnBPAAHIYJidQAA 
2026-05-27 08:01:10.9628 INFO Getting message voe@firsthome.com: AAkALgAAAAAAHYQDEapmEc2byACqAC-EWg0A-XGp6OdBg0CxQrF5bBnBPAAHIYJidQAA 
2026-05-27 08:02:51.2442 ERROR Error making web redirect request: https://url.usb.m.mimecastprotect.com/s/RTIKCk6xoOHkE3nYc9sLUGZHC8?domain=url4970.truv.com System.Net.WebException: The operation has timed out
   at System.Net.HttpWebRequest.GetResponse()
   at VOESystem.Data.Business.BusinessBase.getWebRequestRedirect(String URL) in C:\Data\FirstMortgage\BitBucket\voesystem\VOEFrontend\VOESystem.Data\Business\BusinessBase.cs:line 607
2026-05-27 08:02:51.2872 INFO Retrying Redirect URL: The operation has timed out 
2026-05-27 08:04:31.3329 ERROR Error making web redirect request: https://url.usb.m.mimecastprotect.com/s/RTIKCk6xoOHkE3nYc9sLUGZHC8?domain=url4970.truv.com System.Net.WebException: The operation has timed out
   at System.Net.HttpWebRequest.GetResponse()
   at VOESystem.Data.Business.BusinessBase.getWebRequestRedirect(String URL) in C:\Data\FirstMortgage\BitBucket\voesystem\VOEFrontend\VOESystem.Data\Business\BusinessBase.cs:line 607
2026-05-27 08:04:31.3929 INFO Retrying Redirect URL: The operation has timed out 
2026-05-27 08:06:11.4512 ERROR Error making web redirect request: https://url.usb.m.mimecastprotect.com/s/RTIKCk6xoOHkE3nYc9sLUGZHC8?domain=url4970.truv.com System.Net.WebException: The operation has timed out
   at System.Net.HttpWebRequest.GetResponse()
   at VOESystem.Data.Business.BusinessBase.getWebRequestRedirect(String URL) in C:\Data\FirstMortgage\BitBucket\voesystem\VOEFrontend\VOESystem.Data\Business\BusinessBase.cs:line 607
2026-05-27 08:06:11.5022 INFO Retrying Redirect URL: The operation has timed out 
2026-05-27 08:06:11.5433 ERROR Error Importing Email: AAkALgAAAAAAHYQDEapmEc2byACqAC-EWg0A-XGp6OdBg0CxQrF5bBnBPAAHIYJidQAA Edwina Rego, First Home Mortgage would like to verify your income and employment 3:20 AM System.Exception: Truv Redirect Order URL Not Found
   at VOEBackend.Email.BaseClass.getOrderRequestFromTruvRedirect(IDbConnection dbConn, String emailBody) in T:\Griffin\SVNDev\VOESystem\VOEBackend\VOEBackend.Email\BaseClass.cs:line 298
   at VOEBackend.Email.EmailOps.insertMail(IMailMessage msg) in T:\Griffin\SVNDev\VOESystem\VOEBackend\VOEBackend.Email\EmailOps.cs:line 73
2026-05-27 08:06:11.5863 INFO Getting message voe@firsthome.com: AAkALgAAAAAAHYQDEapmEc2byACqAC-EWg0A-XGp6OdBg0CxQrF5bBnBPAAHIYJicQAA 
2026-05-27 08:06:11.7664 INFO Getting message HTML voe@firsthome.com: AAkALgAAAAAAHYQDEapmEc2byACqAC-EWg0A-XGp6OdBg0CxQrF5bBnBPAAHIYJicQAA 
2026-05-27 08:06:11.8012 INFO Getting message voe@firsthome.com: AAkALgAAAAAAHYQDEapmEc2byACqAC-EWg0A-XGp6OdBg0CxQrF5bBnBPAAHIYJicQAA 
2026-05-27 08:07:52.0432 ERROR Error making web redirect request: https://url.usb.m.mimecastprotect.com/s/nUz9CR8yL5fG6PvZIOsGU1LtIA?domain=url4970.truv.com System.Net.WebException: The operation has timed out
   at System.Net.HttpWebRequest.GetResponse()
   at VOESystem.Data.Business.BusinessBase.getWebRequestRedirect(String URL) in C:\Data\FirstMortgage\BitBucket\voesystem\VOEFrontend\VOESystem.Data\Business\BusinessBase.cs:line 607
2026-05-27 08:07:52.1128 INFO Retrying Redirect URL: The operation has timed out 
2026-05-27 08:09:32.1743 ERROR Error making web redirect request: https://url.usb.m.mimecastprotect.com/s/nUz9CR8yL5fG6PvZIOsGU1LtIA?domain=url4970.truv.com System.Net.WebException: The operation has timed out
   at System.Net.HttpWebRequest.GetResponse()
   at VOESystem.Data.Business.BusinessBase.getWebRequestRedirect(String URL) in C:\Data\FirstMortgage\BitBucket\voesystem\VOEFrontend\VOESystem.Data\Business\BusinessBase.cs:line 607
2026-05-27 08:09:32.2303 INFO Retrying Redirect URL: The operation has timed out 
2026-05-27 08:11:12.2898 ERROR Error making web redirect request: https://url.usb.m.mimecastprotect.com/s/nUz9CR8yL5fG6PvZIOsGU1LtIA?domain=url4970.truv.com System.Net.WebException: The operation has timed out
   at System.Net.HttpWebRequest.GetResponse()
   at VOESystem.Data.Business.BusinessBase.getWebRequestRedirect(String URL) in C:\Data\FirstMortgage\BitBucket\voesystem\VOEFrontend\VOESystem.Data\Business\BusinessBase.cs:line 607
2026-05-27 08:11:12.3738 INFO Retrying Redirect URL: The operation has timed out 
2026-05-27 08:11:12.4588 ERROR Error Importing Email: AAkALgAAAAAAHYQDEapmEc2byACqAC-EWg0A-XGp6OdBg0CxQrF5bBnBPAAHIYJicQAA Jacqueline Breanna Adomanis, First Home Mortgage would like to verify your income and employment 3:10 AM System.Exception: Truv Redirect Order URL Not Found
   at VOEBackend.Email.BaseClass.getOrderRequestFromTruvRedirect(IDbConnection dbConn, String emailBody) in T:\Griffin\SVNDev\VOESystem\VOEBackend\VOEBackend.Email\BaseClass.cs:line 298
   at VOEBackend.Email.EmailOps.insertMail(IMailMessage msg) in T:\Griffin\SVNDev\VOESystem\VOEBackend\VOEBackend.Email\EmailOps.cs:line 73
2026-05-27 08:11:12.5098 INFO Getting message voe@firsthome.com: AAkALgAAAAAAHYQDEapmEc2byACqAC-EWg0A-XGp6OdBg0CxQrF5bBnBPAAHIYJibQAA 
2026-05-27 08:11:12.6866 INFO Getting message HTML voe@firsthome.com: AAkALgAAAAAAHYQDEapmEc2byACqAC-EWg0A-XGp6OdBg0CxQrF5bBnBPAAHIYJibQAA 
2026-05-27 08:11:12.7705 INFO Getting message voe@firsthome.com: AAkALgAAAAAAHYQDEapmEc2byACqAC-EWg0A-XGp6OdBg0CxQrF5bBnBPAAHIYJibQAA 
2026-05-27 08:12:53.0856 ERROR Error making web redirect request: https://url.usb.m.mimecastprotect.com/s/1bDiCP6wY5H0wAK8hjsgUxTMPH?domain=url4970.truv.com System.Net.WebException: The operation has timed out
   at System.Net.HttpWebRequest.GetResponse()
   at VOESystem.Data.Business.BusinessBase.getWebRequestRedirect(String URL) in C:\Data\FirstMortgage\BitBucket\voesystem\VOEFrontend\VOESystem.Data\Business\BusinessBase.cs:line 607
2026-05-27 08:12:53.1426 INFO Retrying Redirect URL: The operation has timed out 
2026-05-27 08:14:33.1993 ERROR Error making web redirect request: https://url.usb.m.mimecastprotect.com/s/1bDiCP6wY5H0wAK8hjsgUxTMPH?domain=url4970.truv.com System.Net.WebException: The operation has timed out
   at System.Net.HttpWebRequest.GetResponse()
   at VOESystem.Data.Business.BusinessBase.getWebRequestRedirect(String URL) in C:\Data\FirstMortgage\BitBucket\voesystem\VOEFrontend\VOESystem.Data\Business\BusinessBase.cs:line 607
2026-05-27 08:14:33.2503 INFO Retrying Redirect URL: The operation has timed out 
2026-05-27 08:16:13.3080 ERROR Error making web redirect request: https://url.usb.m.mimecastprotect.com/s/1bDiCP6wY5H0wAK8hjsgUxTMPH?domain=url4970.truv.com System.Net.WebException: The operation has timed out
   at System.Net.HttpWebRequest.GetResponse()
   at VOESystem.Data.Business.BusinessBase.getWebRequestRedirect(String URL) in C:\Data\FirstMortgage\BitBucket\voesystem\VOEFrontend\VOESystem.Data\Business\BusinessBase.cs:line 607
2026-05-27 08:16:13.3580 INFO Retrying Redirect URL: The operation has timed out 
2026-05-27 08:16:13.4051 ERROR Error Importing Email: AAkALgAAAAAAHYQDEapmEc2byACqAC-EWg0A-XGp6OdBg0CxQrF5bBnBPAAHIYJibQAA Luke Thomas Adomanis, First Home Mortgage would like to verify your income and employment 3:10 AM System.Exception: Truv Redirect Order URL Not Found
   at VOEBackend.Email.BaseClass.getOrderRequestFromTruvRedirect(IDbConnection dbConn, String emailBody) in T:\Griffin\SVNDev\VOESystem\VOEBackend\VOEBackend.Email\BaseClass.cs:line 298
   at VOEBackend.Email.EmailOps.insertMail(IMailMessage msg) in T:\Griffin\SVNDev\VOESystem\VOEBackend\VOEBackend.Email\EmailOps.cs:line 73
2026-05-27 08:16:13.4491 INFO Getting message voe@firsthome.com: AAkALgAAAAAAHYQDEapmEc2byACqAC-EWg0A-XGp6OdBg0CxQrF5bBnBPAAHIYJiaAAA 
2026-05-27 08:16:13.6171 INFO Getting message HTML voe@firsthome.com: AAkALgAAAAAAHYQDEapmEc2byACqAC-EWg0A-XGp6OdBg0CxQrF5bBnBPAAHIYJiaAAA 
2026-05-27 08:16:13.6512 INFO Getting message voe@firsthome.com: AAkALgAAAAAAHYQDEapmEc2byACqAC-EWg0A-XGp6OdBg0CxQrF5bBnBPAAHIYJiaAAA 
2026-05-27 08:17:53.9646 ERROR Error making web redirect request: https://url.usb.m.mimecastprotect.com/s/hQG6CwnNkRfvjZGzHKsVUJpkn3?domain=url4970.truv.com System.Net.WebException: The operation has timed out
   at System.Net.HttpWebRequest.GetResponse()
   at VOESystem.Data.Business.BusinessBase.getWebRequestRedirect(String URL) in C:\Data\FirstMortgage\BitBucket\voesystem\VOEFrontend\VOESystem.Data\Business\BusinessBase.cs:line 607
2026-05-27 08:17:54.0116 INFO Retrying Redirect URL: The operation has timed out 
2026-05-27 08:19:34.0585 ERROR Error making web redirect request: https://url.usb.m.mimecastprotect.com/s/hQG6CwnNkRfvjZGzHKsVUJpkn3?domain=url4970.truv.com System.Net.WebException: The operation has timed out
   at System.Net.HttpWebRequest.GetResponse()
   at VOESystem.Data.Business.BusinessBase.getWebRequestRedirect(String URL) in C:\Data\FirstMortgage\BitBucket\voesystem\VOEFrontend\VOESystem.Data\Business\BusinessBase.cs:line 607
2026-05-27 08:19:34.1098 INFO Retrying Redirect URL: The operation has timed out 
2026-05-27 08:21:14.1655 ERROR Error making web redirect request: https://url.usb.m.mimecastprotect.com/s/hQG6CwnNkRfvjZGzHKsVUJpkn3?domain=url4970.truv.com System.Net.WebException: The operation has timed out
   at System.Net.HttpWebRequest.GetResponse()
   at VOESystem.Data.Business.BusinessBase.getWebRequestRedirect(String URL) in C:\Data\FirstMortgage\BitBucket\voesystem\VOEFrontend\VOESystem.Data\Business\BusinessBase.cs:line 607
2026-05-27 08:21:14.2135 INFO Retrying Redirect URL: The operation has timed out 
2026-05-27 08:21:14.2545 ERROR Error Importing Email: AAkALgAAAAAAHYQDEapmEc2byACqAC-EWg0A-XGp6OdBg0CxQrF5bBnBPAAHIYJiaAAA Renji Varughese, First Home Mortgage would like to verify your income and employment 3:00 AM System.Exception: Truv Redirect Order URL Not Found
   at VOEBackend.Email.BaseClass.getOrderRequestFromTruvRedirect(IDbConnection dbConn, String emailBody) in T:\Griffin\SVNDev\VOESystem\VOEBackend\VOEBackend.Email\BaseClass.cs:line 298
   at VOEBackend.Email.EmailOps.insertMail(IMailMessage msg) in T:\Griffin\SVNDev\VOESystem\VOEBackend\VOEBackend.Email\EmailOps.cs:line 73
2026-05-27 08:21:14.2955 INFO Getting message voe@firsthome.com: AAkALgAAAAAAHYQDEapmEc2byACqAC-EWg0A-XGp6OdBg0CxQrF5bBnBPAAHIYJiZQAA 
2026-05-27 08:21:14.4999 INFO Getting message HTML voe@firsthome.com: AAkALgAAAAAAHYQDEapmEc2byACqAC-EWg0A-XGp6OdBg0CxQrF5bBnBPAAHIYJiZQAA 
2026-05-27 08:21:14.5345 INFO Getting message voe@firsthome.com: AAkALgAAAAAAHYQDEapmEc2byACqAC-EWg0A-XGp6OdBg0CxQrF5bBnBPAAHIYJiZQAA 
2026-05-27 08:22:54.7945 ERROR Error making web redirect request: https://url.usb.m.mimecastprotect.com/s/MTcOCrgGYMSrq30ksys0U42uAc?domain=url4970.truv.com System.Net.WebException: The operation has timed out
   at System.Net.HttpWebRequest.GetResponse()
   at VOESystem.Data.Business.BusinessBase.getWebRequestRedirect(String URL) in C:\Data\FirstMortgage\BitBucket\voesystem\VOEFrontend\VOESystem.Data\Business\BusinessBase.cs:line 607
2026-05-27 08:22:54.8445 INFO Retrying Redirect URL: The operation has timed out 
2026-05-27 08:24:34.8995 ERROR Error making web redirect request: https://url.usb.m.mimecastprotect.com/s/MTcOCrgGYMSrq30ksys0U42uAc?domain=url4970.truv.com System.Net.WebException: The operation has timed out
   at System.Net.HttpWebRequest.GetResponse()
   at VOESystem.Data.Business.BusinessBase.getWebRequestRedirect(String URL) in C:\Data\FirstMortgage\BitBucket\voesystem\VOEFrontend\VOESystem.Data\Business\BusinessBase.cs:line 607
2026-05-27 08:24:34.9971 INFO Retrying Redirect URL: The operation has timed out 
2026-05-27 08:26:15.0409 ERROR Error making web redirect request: https://url.usb.m.mimecastprotect.com/s/MTcOCrgGYMSrq30ksys0U42uAc?domain=url4970.truv.com System.Net.WebException: The operation has timed out
   at System.Net.HttpWebRequest.GetResponse()
   at VOESystem.Data.Business.BusinessBase.getWebRequestRedirect(String URL) in C:\Data\FirstMortgage\BitBucket\voesystem\VOEFrontend\VOESystem.Data\Business\BusinessBase.cs:line 607
2026-05-27 08:26:15.0899 INFO Retrying Redirect URL: The operation has timed out 
2026-05-27 08:26:15.1319 ERROR Error Importing Email: AAkALgAAAAAAHYQDEapmEc2byACqAC-EWg0A-XGp6OdBg0CxQrF5bBnBPAAHIYJiZQAA Sherin Mathew, First Home Mortgage would like to verify your income and employment 3:00 AM System.Exception: Truv Redirect Order URL Not Found
   at VOEBackend.Email.BaseClass.getOrderRequestFromTruvRedirect(IDbConnection dbConn, String emailBody) in T:\Griffin\SVNDev\VOESystem\VOEBackend\VOEBackend.Email\BaseClass.cs:line 298
   at VOEBackend.Email.EmailOps.insertMail(IMailMessage msg) in T:\Griffin\SVNDev\VOESystem\VOEBackend\VOEBackend.Email\EmailOps.cs:line 73
2026-05-27 08:26:15.1739 INFO Getting message voe@firsthome.com: AAkALgAAAAAAHYQDEapmEc2byACqAC-EWg0A-XGp6OdBg0CxQrF5bBnBPAAHIYJgfwAA 
2026-05-27 08:26:15.3469 INFO Getting message HTML voe@firsthome.com: AAkALgAAAAAAHYQDEapmEc2byACqAC-EWg0A-XGp6OdBg0CxQrF5bBnBPAAHIYJgfwAA 
2026-05-27 08:26:15.3789 INFO Getting message voe@firsthome.com: AAkALgAAAAAAHYQDEapmEc2byACqAC-EWg0A-XGp6OdBg0CxQrF5bBnBPAAHIYJgfwAA 
2026-05-27 08:26:15.6791 INFO Email Logged: Unapproved Work Number Order Notification [7040515425-03] 
2026-05-27 08:26:16.0142 ERROR Error Sending Email System.Exception: No Valid Email Recipients Specified
   at VOESystem.Data.Business.EmailOps.SendEmail(IDbConnection dbConn, List`1 toEmailList, List`1 ccEmailList, List`1 bccEmailList, String Subject, String MessageText, Boolean skipBranchOverrideCC, Nullable`1 OrderRequestId, Nullable`1 EmailTemplateId, Nullable`1 IsAuditing, List`1 Attachments, String BaseURL, Boolean RestrictDomain, Boolean consolidateAttachments, IDbTransaction extTransaction, String loanNumber, Boolean isDraft, MailPriority priority, Boolean IsHTML, Boolean requestReadReceipt, Boolean isSecure, List`1 replyToEmailList, Nullable`1 forwardingEmailId) in C:\Data\FirstMortgage\BitBucket\voesystem\VOEFrontend\VOESystem.Data\Business\EmailOps.cs:line 198
2026-05-27 08:26:16.0847 INFO This order has been APPROVED and new emails are no longer monitored for this VOE.  

Current Employment Status: Current-Active

Please contact VOE@firsthome with the order number -found in the subject line of this email - in order to address your inquiry/concerns.

Sincerely,
First Home Mortgage Verification Team
6211 Greenleigh Avenue, Suite 300, Baltimore MD 21220  

(For questions or concerns on the status of your VOE please check the VOE pipeline at http://aze-app-1v/voesystem/pipeline)



CONFIDENTIALITY NOTICE
The information contained in this electronic message is confidential information intended for the use of the individual or entity named above. If the reader of this message is not the intended recipient, or an employee or agent responsible for delivering this electronic message to the intended recipient, you are hereby notified that any dissemination, or copying of this communication is strictly prohibited. If this message contains non-public personal information about any consumer or customer of the sender or intended recipient, you are further prohibited under penalty of law from using or disclosing the information to any third party by provisions of the federal Gramm-Leach-Bliley Act. If you have received this electronic message in error, please immediately notify us by return email destroy the original message to assure that it is not read, copied, or distributed by others.






Sincerely,
First Home Mortgage Verification Team
6211 Greenleigh Avenue, Suite 300, Baltimore MD 21220  

(For questions or concerns on the status of your VOE please check the VOE pipeline at http://aze-app-1v/voesystem/pipeline)

---------Original Message----------------------
From: VOE@firsthome.com
Sent: Wed, May 27, 2026 01:35 AM
To: VOE@firsthome.com
Cc: 
Subject: Unapproved Work Number Order Notification [7040515425-03]

This is an automated e-mail notification that is sent 2 business days prior to close...

  7040515425-03 is a FINAL VOE for Kerlin P Rodrigues employed at American Airlines.

The loan is Scheduled to Close 06/01/2026 and this employment has previously been verified using the WorkNumber. 

If you are unable to verify using the WorkNumber, adjust the verification service to " WorkNumber Manual" and reach out the the employer for verification.

Sincerely,
First Home Mortgage Verification Team
6211 Greenleigh Avenue, Suite 300, Baltimore MD 21220  

(For questions or concerns on the status of your VOE please check the VOE pipeline at http://aze-app-1v/voesystem/pipeline)



CONFIDENTIALITY NOTICE
The information contained in this electronic message is confidential information intended for the use of the individual or entity named above. If the reader of this message is not the intended recipient, or an employee or agent responsible for delivering this electronic message to the intended recipient, you are hereby notified that any dissemination, or copying of this communication is strictly prohibited. If this message contains non-public personal information about any consumer or customer of the sender or intended recipient, you are further prohibited under penalty of law from using or disclosing the information to any third party by provisions of the federal Gramm-Leach-Bliley Act. If you have received this electronic message in error, please immediately notify us by return email destroy the original message to assure that it is not read, copied, or distributed by others. 
2026-05-27 08:26:16.1423 ERROR Error Sending Email System.Exception: No Valid Email Recipients Specified
   at VOESystem.Data.Business.EmailOps.SendEmail(IDbConnection dbConn, List`1 toEmailList, List`1 ccEmailList, List`1 bccEmailList, String Subject, String MessageText, Boolean skipBranchOverrideCC, Nullable`1 OrderRequestId, Nullable`1 EmailTemplateId, Nullable`1 IsAuditing, List`1 Attachments, String BaseURL, Boolean RestrictDomain, Boolean consolidateAttachments, IDbTransaction extTransaction, String loanNumber, Boolean isDraft, MailPriority priority, Boolean IsHTML, Boolean requestReadReceipt, Boolean isSecure, List`1 replyToEmailList, Nullable`1 forwardingEmailId) in C:\Data\FirstMortgage\BitBucket\voesystem\VOEFrontend\VOESystem.Data\Business\EmailOps.cs:line 390
   at VOESystem.Data.Business.EmailOps.sendEmailFromTemplate(IDbConnection dbConn, Email email, Nullable`1 OrderRequestId, String BaseUrl, Boolean RestrictDomain, Nullable`1 IsAuditing, Boolean skipBranchOverrideCC, Boolean consolidateAttachments, IDbTransaction extTransaction, String loanNumber, Boolean IsHTML, Boolean IsVOETeamUser, String UserName) in C:\Data\FirstMortgage\BitBucket\voesystem\VOEFrontend\VOESystem.Data\Business\EmailOps.cs:line 1144
2026-05-27 08:26:16.1899 INFO This order has been APPROVED and new emails are no longer monitored for this VOE.  

Current Employment Status: Current-Active

Please contact VOE@firsthome with the order number -found in the subject line of this email - in order to address your inquiry/concerns.

Sincerely,
First Home Mortgage Verification Team
6211 Greenleigh Avenue, Suite 300, Baltimore MD 21220  

(For questions or concerns on the status of your VOE please check the VOE pipeline at http://aze-app-1v/voesystem/pipeline)



CONFIDENTIALITY NOTICE
The information contained in this electronic message is confidential information intended for the use of the individual or entity named above. If the reader of this message is not the intended recipient, or an employee or agent responsible for delivering this electronic message to the intended recipient, you are hereby notified that any dissemination, or copying of this communication is strictly prohibited. If this message contains non-public personal information about any consumer or customer of the sender or intended recipient, you are further prohibited under penalty of law from using or disclosing the information to any third party by provisions of the federal Gramm-Leach-Bliley Act. If you have received this electronic message in error, please immediately notify us by return email destroy the original message to assure that it is not read, copied, or distributed by others.






Sincerely,
First Home Mortgage Verification Team
6211 Greenleigh Avenue, Suite 300, Baltimore MD 21220  

(For questions or concerns on the status of your VOE please check the VOE pipeline at http://aze-app-1v/voesystem/pipeline)

---------Original Message----------------------
From: VOE@firsthome.com
Sent: Wed, May 27, 2026 01:35 AM
To: VOE@firsthome.com
Cc: 
Subject: Unapproved Work Number Order Notification [7040515425-03]

This is an automated e-mail notification that is sent 2 business days prior to close...

  7040515425-03 is a FINAL VOE for Kerlin P Rodrigues employed at American Airlines.

The loan is Scheduled to Close 06/01/2026 and this employment has previously been verified using the WorkNumber. 

If you are unable to verify using the WorkNumber, adjust the verification service to " WorkNumber Manual" and reach out the the employer for verification.

Sincerely,
First Home Mortgage Verification Team
6211 Greenleigh Avenue, Suite 300, Baltimore MD 21220  

(For questions or concerns on the status of your VOE please check the VOE pipeline at http://aze-app-1v/voesystem/pipeline)



CONFIDENTIALITY NOTICE
The information contained in this electronic message is confidential information intended for the use of the individual or entity named above. If the reader of this message is not the intended recipient, or an employee or agent responsible for delivering this electronic message to the intended recipient, you are hereby notified that any dissemination, or copying of this communication is strictly prohibited. If this message contains non-public personal information about any consumer or customer of the sender or intended recipient, you are further prohibited under penalty of law from using or disclosing the information to any third party by provisions of the federal Gramm-Leach-Bliley Act. If you have received this electronic message in error, please immediately notify us by return email destroy the original message to assure that it is not read, copied, or distributed by others. 
2026-05-27 08:26:16.2319 INFO Email Logged to Database: AAkALgAAAAAAHYQDEapmEc2byACqAC-EWg0A-XGp6OdBg0CxQrF5bBnBPAAHIYJgfwAA Unapproved Work Number Order Notification [7040515425-03] 1:35 AM 
2026-05-27 08:26:16.2909 INFO Getting message voe@firsthome.com: AAkALgAAAAAAHYQDEapmEc2byACqAC-EWg0A-XGp6OdBg0CxQrF5bBnBPAAHIYJgfgAA 
2026-05-27 08:26:16.4359 INFO Getting message HTML voe@firsthome.com: AAkALgAAAAAAHYQDEapmEc2byACqAC-EWg0A-XGp6OdBg0CxQrF5bBnBPAAHIYJgfgAA 
2026-05-27 08:26:16.4749 INFO Getting message voe@firsthome.com: AAkALgAAAAAAHYQDEapmEc2byACqAC-EWg0A-XGp6OdBg0CxQrF5bBnBPAAHIYJgfgAA 
2026-05-27 08:26:16.7960 INFO Email Logged: Unapproved Work Number Order Notification [7040525251-03] 
2026-05-27 08:26:16.8500 INFO Email Logged to Database: AAkALgAAAAAAHYQDEapmEc2byACqAC-EWg0A-XGp6OdBg0CxQrF5bBnBPAAHIYJgfgAA Unapproved Work Number Order Notification [7040525251-03] 1:35 AM 
2026-05-27 08:26:16.8970 INFO Getting message voe@firsthome.com: AAkALgAAAAAAHYQDEapmEc2byACqAC-EWg0A-XGp6OdBg0CxQrF5bBnBPAAHIYJegQAA 
2026-05-27 08:26:17.0526 INFO Getting message HTML voe@firsthome.com: AAkALgAAAAAAHYQDEapmEc2byACqAC-EWg0A-XGp6OdBg0CxQrF5bBnBPAAHIYJegQAA 
2026-05-27 08:26:17.1076 INFO Getting message voe@firsthome.com: AAkALgAAAAAAHYQDEapmEc2byACqAC-EWg0A-XGp6OdBg0CxQrF5bBnBPAAHIYJegQAA 
2026-05-27 08:26:17.3998 INFO Email Logged: Voided: Verification of Employment Request Kelsey Hinchliffe [1024507885-03] 
2026-05-27 08:26:17.7399 ERROR Error Sending Email System.Exception: No Valid Email Recipients Specified
   at VOESystem.Data.Business.EmailOps.SendEmail(IDbConnection dbConn, List`1 toEmailList, List`1 ccEmailList, List`1 bccEmailList, String Subject, String MessageText, Boolean skipBranchOverrideCC, Nullable`1 OrderRequestId, Nullable`1 EmailTemplateId, Nullable`1 IsAuditing, List`1 Attachments, String BaseURL, Boolean RestrictDomain, Boolean consolidateAttachments, IDbTransaction extTransaction, String loanNumber, Boolean isDraft, MailPriority priority, Boolean IsHTML, Boolean requestReadReceipt, Boolean isSecure, List`1 replyToEmailList, Nullable`1 forwardingEmailId) in C:\Data\FirstMortgage\BitBucket\voesystem\VOEFrontend\VOESystem.Data\Business\EmailOps.cs:line 198
2026-05-27 08:26:17.7789 INFO This order has been APPROVED and new emails are no longer monitored for this VOE.  

Current Employment Status: Current-Active

Please contact VOE@firsthome with the order number -found in the subject line of this email - in order to address your inquiry/concerns.

Sincerely,
First Home Mortgage Verification Team
6211 Greenleigh Avenue, Suite 300, Baltimore MD 21220  

(For questions or concerns on the status of your VOE please check the VOE pipeline at http://aze-app-1v/voesystem/pipeline)



CONFIDENTIALITY NOTICE
The information contained in this electronic message is confidential information intended for the use of the individual or entity named above. If the reader of this message is not the intended recipient, or an employee or agent responsible for delivering this electronic message to the intended recipient, you are hereby notified that any dissemination, or copying of this communication is strictly prohibited. If this message contains non-public personal information about any consumer or customer of the sender or intended recipient, you are further prohibited under penalty of law from using or disclosing the information to any third party by provisions of the federal Gramm-Leach-Bliley Act. If you have received this electronic message in error, please immediately notify us by return email destroy the original message to assure that it is not read, copied, or distributed by others.






Sincerely,
First Home Mortgage Verification Team
6211 Greenleigh Avenue, Suite 300, Baltimore MD 21220  

(For questions or concerns on the status of your VOE please check the VOE pipeline at http://aze-app-1v/voesystem/pipeline)

---------Original Message----------------------
From: dse_NA3@docusign.net
Sent: Wed, May 27, 2026 01:02 AM
To: VOE@firsthome.com
Cc: 
Subject: Voided: Verification of Employment Request Kelsey Hinchliffe [1024507885-03]

*** This message originated outside the organization ***

________________________________
[https://NA3.docusign.net/Member/Image.aspx?i=logo&l=f90370f1-dc34-44c6-aa08-145552367816]
[https://docucdn-a.akamaihd.net/olive/images/2.98.0/email/iconFileWithX.png]
VOE Team voided Verification of Employment Request Kelsey Hinchliffe [1024507885-03].
VOE Team
voe@firsthome.com

Verification of Employment Request Kelsey Hinchliffe [1024507885-03] has been voided for the following reason:
Envelope has expired.

Powered by
[Docusign]

Envelope ID
7e152106-2dd2-4089-953e-c84079fe2bc2

Do Not Share This Email


This email contains a secure link to Docusign. Please do not share this email, link, or access code with others.

Copyright © 2026 Docusign, Inc. All rights reserved. 221 Main Street, Suite 1550 San Francisco, CA 94105

This message was sent to you by VOE Team who is using the Docusign Electronic Signature Service. If you would rather not receive email from this sender you may contact the sender with your request.

Contact Us<https://url.usb.m.mimecastprotect.com/s/JuYECjAwnOcYrkWVu5i8Umjo8e?domain=support.docusign.com>   Terms of Use<https://url.usb.m.mimecastprotect.com/s/MAIuCk6xoOHkEZxPc9sLUG-rTd?domain=docusign.com>   Privacy<https://url.usb.m.mimecastprotect.com/s/gHlgCl8ypMf1rDQju1tzUzAin8?domain=docusign.com>   Support<https://url.usb.m.mimecastprotect.com/s/gF_WCm7zEMhpxGO9cDukURmhpH?domain=support.docusign.com>  Report Email<https://url.usb.m.mimecastprotect.com/s/Es8bC0An9Xckxl1pcwfBU9hdR1?domain=protect.docusign.net>

Download the Docusign App<https://url.usb.m.mimecastprotect.com/s/pao4CnGAzNhXEQ8kupCRUJgNzd?domain=docusign.com>
 
2026-05-27 08:26:17.8689 ERROR Error Sending Email System.Exception: No Valid Email Recipients Specified
   at VOESystem.Data.Business.EmailOps.SendEmail(IDbConnection dbConn, List`1 toEmailList, List`1 ccEmailList, List`1 bccEmailList, String Subject, String MessageText, Boolean skipBranchOverrideCC, Nullable`1 OrderRequestId, Nullable`1 EmailTemplateId, Nullable`1 IsAuditing, List`1 Attachments, String BaseURL, Boolean RestrictDomain, Boolean consolidateAttachments, IDbTransaction extTransaction, String loanNumber, Boolean isDraft, MailPriority priority, Boolean IsHTML, Boolean requestReadReceipt, Boolean isSecure, List`1 replyToEmailList, Nullable`1 forwardingEmailId) in C:\Data\FirstMortgage\BitBucket\voesystem\VOEFrontend\VOESystem.Data\Business\EmailOps.cs:line 390
   at VOESystem.Data.Business.EmailOps.sendEmailFromTemplate(IDbConnection dbConn, Email email, Nullable`1 OrderRequestId, String BaseUrl, Boolean RestrictDomain, Nullable`1 IsAuditing, Boolean skipBranchOverrideCC, Boolean consolidateAttachments, IDbTransaction extTransaction, String loanNumber, Boolean IsHTML, Boolean IsVOETeamUser, String UserName) in C:\Data\FirstMortgage\BitBucket\voesystem\VOEFrontend\VOESystem.Data\Business\EmailOps.cs:line 1144
2026-05-27 08:26:17.9029 INFO This order has been APPROVED and new emails are no longer monitored for this VOE.  

Current Employment Status: Current-Active

Please contact VOE@firsthome with the order number -found in the subject line of this email - in order to address your inquiry/concerns.

Sincerely,
First Home Mortgage Verification Team
6211 Greenleigh Avenue, Suite 300, Baltimore MD 21220  

(For questions or concerns on the status of your VOE please check the VOE pipeline at http://aze-app-1v/voesystem/pipeline)



CONFIDENTIALITY NOTICE
The information contained in this electronic message is confidential information intended for the use of the individual or entity named above. If the reader of this message is not the intended recipient, or an employee or agent responsible for delivering this electronic message to the intended recipient, you are hereby notified that any dissemination, or copying of this communication is strictly prohibited. If this message contains non-public personal information about any consumer or customer of the sender or intended recipient, you are further prohibited under penalty of law from using or disclosing the information to any third party by provisions of the federal Gramm-Leach-Bliley Act. If you have received this electronic message in error, please immediately notify us by return email destroy the original message to assure that it is not read, copied, or distributed by others.






Sincerely,
First Home Mortgage Verification Team
6211 Greenleigh Avenue, Suite 300, Baltimore MD 21220  

(For questions or concerns on the status of your VOE please check the VOE pipeline at http://aze-app-1v/voesystem/pipeline)

---------Original Message----------------------
From: dse_NA3@docusign.net
Sent: Wed, May 27, 2026 01:02 AM
To: VOE@firsthome.com
Cc: 
Subject: Voided: Verification of Employment Request Kelsey Hinchliffe [1024507885-03]

*** This message originated outside the organization ***

________________________________
[https://NA3.docusign.net/Member/Image.aspx?i=logo&l=f90370f1-dc34-44c6-aa08-145552367816]
[https://docucdn-a.akamaihd.net/olive/images/2.98.0/email/iconFileWithX.png]
VOE Team voided Verification of Employment Request Kelsey Hinchliffe [1024507885-03].
VOE Team
voe@firsthome.com

Verification of Employment Request Kelsey Hinchliffe [1024507885-03] has been voided for the following reason:
Envelope has expired.

Powered by
[Docusign]

Envelope ID
7e152106-2dd2-4089-953e-c84079fe2bc2

Do Not Share This Email


This email contains a secure link to Docusign. Please do not share this email, link, or access code with others.

Copyright © 2026 Docusign, Inc. All rights reserved. 221 Main Street, Suite 1550 San Francisco, CA 94105

This message was sent to you by VOE Team who is using the Docusign Electronic Signature Service. If you would rather not receive email from this sender you may contact the sender with your request.

Contact Us<https://url.usb.m.mimecastprotect.com/s/JuYECjAwnOcYrkWVu5i8Umjo8e?domain=support.docusign.com>   Terms of Use<https://url.usb.m.mimecastprotect.com/s/MAIuCk6xoOHkEZxPc9sLUG-rTd?domain=docusign.com>   Privacy<https://url.usb.m.mimecastprotect.com/s/gHlgCl8ypMf1rDQju1tzUzAin8?domain=docusign.com>   Support<https://url.usb.m.mimecastprotect.com/s/gF_WCm7zEMhpxGO9cDukURmhpH?domain=support.docusign.com>  Report Email<https://url.usb.m.mimecastprotect.com/s/Es8bC0An9Xckxl1pcwfBU9hdR1?domain=protect.docusign.net>

Download the Docusign App<https://url.usb.m.mimecastprotect.com/s/pao4CnGAzNhXEQ8kupCRUJgNzd?domain=docusign.com>
 
2026-05-27 08:26:17.9419 INFO Email Logged to Database: AAkALgAAAAAAHYQDEapmEc2byACqAC-EWg0A-XGp6OdBg0CxQrF5bBnBPAAHIYJegQAA Voided: Verification of Employment Request Kelsey Hinchliffe [1024507885-03] 1:02 AM 
2026-05-27 08:26:17.9794 INFO Getting message voe@firsthome.com: AAkALgAAAAAAHYQDEapmEc2byACqAC-EWg0A-XGp6OdBg0CxQrF5bBnBPAAHIYJefQAA 
2026-05-27 08:26:18.1294 INFO Getting message HTML voe@firsthome.com: AAkALgAAAAAAHYQDEapmEc2byACqAC-EWg0A-XGp6OdBg0CxQrF5bBnBPAAHIYJefQAA 
2026-05-27 08:26:18.1735 INFO Getting message voe@firsthome.com: AAkALgAAAAAAHYQDEapmEc2byACqAC-EWg0A-XGp6OdBg0CxQrF5bBnBPAAHIYJefQAA 
2026-05-27 08:26:18.5256 INFO Email Logged: Voided: Verification of Employment Request Cory Blain Hayes [1083522400-01] 
2026-05-27 08:26:18.8477 ERROR Error Sending Email System.Exception: No Valid Email Recipients Specified
   at VOESystem.Data.Business.EmailOps.SendEmail(IDbConnection dbConn, List`1 toEmailList, List`1 ccEmailList, List`1 bccEmailList, String Subject, String MessageText, Boolean skipBranchOverrideCC, Nullable`1 OrderRequestId, Nullable`1 EmailTemplateId, Nullable`1 IsAuditing, List`1 Attachments, String BaseURL, Boolean RestrictDomain, Boolean consolidateAttachments, IDbTransaction extTransaction, String loanNumber, Boolean isDraft, MailPriority priority, Boolean IsHTML, Boolean requestReadReceipt, Boolean isSecure, List`1 replyToEmailList, Nullable`1 forwardingEmailId) in C:\Data\FirstMortgage\BitBucket\voesystem\VOEFrontend\VOESystem.Data\Business\EmailOps.cs:line 198
2026-05-27 08:26:18.8807 INFO This order has been APPROVED and new emails are no longer monitored for this VOE.  

Current Employment Status: Current-Active

Please contact VOE@firsthome with the order number -found in the subject line of this email - in order to address your inquiry/concerns.

Sincerely,
First Home Mortgage Verification Team
6211 Greenleigh Avenue, Suite 300, Baltimore MD 21220  

(For questions or concerns on the status of your VOE please check the VOE pipeline at http://aze-app-1v/voesystem/pipeline)



CONFIDENTIALITY NOTICE
The information contained in this electronic message is confidential information intended for the use of the individual or entity named above. If the reader of this message is not the intended recipient, or an employee or agent responsible for delivering this electronic message to the intended recipient, you are hereby notified that any dissemination, or copying of this communication is strictly prohibited. If this message contains non-public personal information about any consumer or customer of the sender or intended recipient, you are further prohibited under penalty of law from using or disclosing the information to any third party by provisions of the federal Gramm-Leach-Bliley Act. If you have received this electronic message in error, please immediately notify us by return email destroy the original message to assure that it is not read, copied, or distributed by others.






Sincerely,
First Home Mortgage Verification Team
6211 Greenleigh Avenue, Suite 300, Baltimore MD 21220  

(For questions or concerns on the status of your VOE please check the VOE pipeline at http://aze-app-1v/voesystem/pipeline)

---------Original Message----------------------
From: dse_NA3@docusign.net
Sent: Wed, May 27, 2026 01:02 AM
To: VOE@firsthome.com
Cc: 
Subject: Voided: Verification of Employment Request Cory Blain Hayes [1083522400-01]

*** This message originated outside the organization ***

________________________________
[https://NA3.docusign.net/Member/Image.aspx?i=logo&l=f90370f1-dc34-44c6-aa08-145552367816]
[https://docucdn-a.akamaihd.net/olive/images/2.98.0/email/iconFileWithX.png]
VOE Team voided Verification of Employment Request Cory Blain Hayes [1083522400-01].
VOE Team
voe@firsthome.com

Verification of Employment Request Cory Blain Hayes [1083522400-01] has been voided for the following reason:
Envelope has expired.

Powered by
[Docusign]

Envelope ID
f88927fa-d1e7-489e-86f9-a774c8f72ba3

Do Not Share This Email


This email contains a secure link to Docusign. Please do not share this email, link, or access code with others.

Copyright © 2026 Docusign, Inc. All rights reserved. 221 Main Street, Suite 1550 San Francisco, CA 94105

This message was sent to you by VOE Team who is using the Docusign Electronic Signature Service. If you would rather not receive email from this sender you may contact the sender with your request.

Contact Us<https://url.usb.m.mimecastprotect.com/s/aAYrC8Xy9BSXGxovh2ivUyd6yE?domain=support.docusign.com>   Terms of Use<https://url.usb.m.mimecastprotect.com/s/YVpWC93z2Lfz0PG3IOsnUqfhlD?domain=docusign.com>   Privacy<https://url.usb.m.mimecastprotect.com/s/i3VOC0An9Xckxl1oIOtBU9PQCQ?domain=docusign.com>   Support<https://url.usb.m.mimecastprotect.com/s/RL2SCg7qkQhq3nM0F7u7U4E7JK?domain=support.docusign.com>  Report Email<https://url.usb.m.mimecastprotect.com/s/XzzsC6Yw0zHPNx5OSpfrU5GmNj?domain=protect.docusign.net>

Download the Docusign App<https://url.usb.m.mimecastprotect.com/s/16N4CjAwnOcYrkW5hjC8UmXEUp?domain=docusign.com>
 
2026-05-27 08:26:18.9137 ERROR Error Sending Email System.Exception: No Valid Email Recipients Specified
   at VOESystem.Data.Business.EmailOps.SendEmail(IDbConnection dbConn, List`1 toEmailList, List`1 ccEmailList, List`1 bccEmailList, String Subject, String MessageText, Boolean skipBranchOverrideCC, Nullable`1 OrderRequestId, Nullable`1 EmailTemplateId, Nullable`1 IsAuditing, List`1 Attachments, String BaseURL, Boolean RestrictDomain, Boolean consolidateAttachments, IDbTransaction extTransaction, String loanNumber, Boolean isDraft, MailPriority priority, Boolean IsHTML, Boolean requestReadReceipt, Boolean isSecure, List`1 replyToEmailList, Nullable`1 forwardingEmailId) in C:\Data\FirstMortgage\BitBucket\voesystem\VOEFrontend\VOESystem.Data\Business\EmailOps.cs:line 390
   at VOESystem.Data.Business.EmailOps.sendEmailFromTemplate(IDbConnection dbConn, Email email, Nullable`1 OrderRequestId, String BaseUrl, Boolean RestrictDomain, Nullable`1 IsAuditing, Boolean skipBranchOverrideCC, Boolean consolidateAttachments, IDbTransaction extTransaction, String loanNumber, Boolean IsHTML, Boolean IsVOETeamUser, String UserName) in C:\Data\FirstMortgage\BitBucket\voesystem\VOEFrontend\VOESystem.Data\Business\EmailOps.cs:line 1144
2026-05-27 08:26:18.9463 INFO This order has been APPROVED and new emails are no longer monitored for this VOE.  

Current Employment Status: Current-Active

Please contact VOE@firsthome with the order number -found in the subject line of this email - in order to address your inquiry/concerns.

Sincerely,
First Home Mortgage Verification Team
6211 Greenleigh Avenue, Suite 300, Baltimore MD 21220  

(For questions or concerns on the status of your VOE please check the VOE pipeline at http://aze-app-1v/voesystem/pipeline)



CONFIDENTIALITY NOTICE
The information contained in this electronic message is confidential information intended for the use of the individual or entity named above. If the reader of this message is not the intended recipient, or an employee or agent responsible for delivering this electronic message to the intended recipient, you are hereby notified that any dissemination, or copying of this communication is strictly prohibited. If this message contains non-public personal information about any consumer or customer of the sender or intended recipient, you are further prohibited under penalty of law from using or disclosing the information to any third party by provisions of the federal Gramm-Leach-Bliley Act. If you have received this electronic message in error, please immediately notify us by return email destroy the original message to assure that it is not read, copied, or distributed by others.






Sincerely,
First Home Mortgage Verification Team
6211 Greenleigh Avenue, Suite 300, Baltimore MD 21220  

(For questions or concerns on the status of your VOE please check the VOE pipeline at http://aze-app-1v/voesystem/pipeline)

---------Original Message----------------------
From: dse_NA3@docusign.net
Sent: Wed, May 27, 2026 01:02 AM
To: VOE@firsthome.com
Cc: 
Subject: Voided: Verification of Employment Request Cory Blain Hayes [1083522400-01]

*** This message originated outside the organization ***

________________________________
[https://NA3.docusign.net/Member/Image.aspx?i=logo&l=f90370f1-dc34-44c6-aa08-145552367816]
[https://docucdn-a.akamaihd.net/olive/images/2.98.0/email/iconFileWithX.png]
VOE Team voided Verification of Employment Request Cory Blain Hayes [1083522400-01].
VOE Team
voe@firsthome.com

Verification of Employment Request Cory Blain Hayes [1083522400-01] has been voided for the following reason:
Envelope has expired.

Powered by
[Docusign]

Envelope ID
f88927fa-d1e7-489e-86f9-a774c8f72ba3

Do Not Share This Email


This email contains a secure link to Docusign. Please do not share this email, link, or access code with others.

Copyright © 2026 Docusign, Inc. All rights reserved. 221 Main Street, Suite 1550 San Francisco, CA 94105

This message was sent to you by VOE Team who is using the Docusign Electronic Signature Service. If you would rather not receive email from this sender you may contact the sender with your request.

Contact Us<https://url.usb.m.mimecastprotect.com/s/aAYrC8Xy9BSXGxovh2ivUyd6yE?domain=support.docusign.com>   Terms of Use<https://url.usb.m.mimecastprotect.com/s/YVpWC93z2Lfz0PG3IOsnUqfhlD?domain=docusign.com>   Privacy<https://url.usb.m.mimecastprotect.com/s/i3VOC0An9Xckxl1oIOtBU9PQCQ?domain=docusign.com>   Support<https://url.usb.m.mimecastprotect.com/s/RL2SCg7qkQhq3nM0F7u7U4E7JK?domain=support.docusign.com>  Report Email<https://url.usb.m.mimecastprotect.com/s/XzzsC6Yw0zHPNx5OSpfrU5GmNj?domain=protect.docusign.net>

Download the Docusign App<https://url.usb.m.mimecastprotect.com/s/16N4CjAwnOcYrkW5hjC8UmXEUp?domain=docusign.com>
 
2026-05-27 08:26:18.9828 INFO Email Logged to Database: AAkALgAAAAAAHYQDEapmEc2byACqAC-EWg0A-XGp6OdBg0CxQrF5bBnBPAAHIYJefQAA Voided: Verification of Employment Request Cory Blain Hayes [1083522400-01] 1:02 AM 
2026-05-27 08:26:19.0146 INFO Getting message voe@firsthome.com: AAkALgAAAAAAHYQDEapmEc2byACqAC-EWg0A-XGp6OdBg0CxQrF5bBnBPAAHIYJYmgAA 
2026-05-27 08:26:19.1672 INFO Getting message HTML voe@firsthome.com: AAkALgAAAAAAHYQDEapmEc2byACqAC-EWg0A-XGp6OdBg0CxQrF5bBnBPAAHIYJYmgAA 
2026-05-27 08:26:19.2019 INFO Getting message voe@firsthome.com: AAkALgAAAAAAHYQDEapmEc2byACqAC-EWg0A-XGp6OdBg0CxQrF5bBnBPAAHIYJYmgAA 
2026-05-27 08:27:59.4834 ERROR Error making web redirect request: https://url.usb.m.mimecastprotect.com/s/duvNCwnNkRfvjX3NSKsVUJdqT-?domain=url4970.truv.com System.Net.WebException: The operation has timed out
   at System.Net.HttpWebRequest.GetResponse()
   at VOESystem.Data.Business.BusinessBase.getWebRequestRedirect(String URL) in C:\Data\FirstMortgage\BitBucket\voesystem\VOEFrontend\VOESystem.Data\Business\BusinessBase.cs:line 607
2026-05-27 08:27:59.5624 INFO Retrying Redirect URL: The operation has timed out 
2026-05-27 08:29:39.6189 ERROR Error making web redirect request: https://url.usb.m.mimecastprotect.com/s/duvNCwnNkRfvjX3NSKsVUJdqT-?domain=url4970.truv.com System.Net.WebException: The operation has timed out
   at System.Net.HttpWebRequest.GetResponse()
   at VOESystem.Data.Business.BusinessBase.getWebRequestRedirect(String URL) in C:\Data\FirstMortgage\BitBucket\voesystem\VOEFrontend\VOESystem.Data\Business\BusinessBase.cs:line 607
2026-05-27 08:29:39.6714 INFO Retrying Redirect URL: The operation has timed out 
2026-05-27 08:31:19.7361 ERROR Error making web redirect request: https://url.usb.m.mimecastprotect.com/s/duvNCwnNkRfvjX3NSKsVUJdqT-?domain=url4970.truv.com System.Net.WebException: The operation has timed out
   at System.Net.HttpWebRequest.GetResponse()
   at VOESystem.Data.Business.BusinessBase.getWebRequestRedirect(String URL) in C:\Data\FirstMortgage\BitBucket\voesystem\VOEFrontend\VOESystem.Data\Business\BusinessBase.cs:line 607
2026-05-27 08:31:19.7964 INFO Retrying Redirect URL: The operation has timed out 
2026-05-27 08:31:19.8491 ERROR Error Importing Email: AAkALgAAAAAAHYQDEapmEc2byACqAC-EWg0A-XGp6OdBg0CxQrF5bBnBPAAHIYJYmgAA Ayanna Polo, First Home Mortgage would like to verify your income and employment 10:20 PM System.Exception: Truv Redirect Order URL Not Found
   at VOEBackend.Email.BaseClass.getOrderRequestFromTruvRedirect(IDbConnection dbConn, String emailBody) in T:\Griffin\SVNDev\VOESystem\VOEBackend\VOEBackend.Email\BaseClass.cs:line 298
   at VOEBackend.Email.EmailOps.insertMail(IMailMessage msg) in T:\Griffin\SVNDev\VOESystem\VOEBackend\VOEBackend.Email\EmailOps.cs:line 73
2026-05-27 08:31:19.8999 INFO Getting message voe@firsthome.com: AAkALgAAAAAAHYQDEapmEc2byACqAC-EWg0A-XGp6OdBg0CxQrF5bBnBPAAHIYJUuwAA 
2026-05-27 08:31:20.1121 INFO Getting message HTML voe@firsthome.com: AAkALgAAAAAAHYQDEapmEc2byACqAC-EWg0A-XGp6OdBg0CxQrF5bBnBPAAHIYJUuwAA 
2026-05-27 08:31:20.1576 INFO Getting message voe@firsthome.com: AAkALgAAAAAAHYQDEapmEc2byACqAC-EWg0A-XGp6OdBg0CxQrF5bBnBPAAHIYJUuwAA 
2026-05-27 08:31:20.5832 INFO Email Not Matched: AAkALgAAAAAAHYQDEapmEc2byACqAC-EWg0A-XGp6OdBg0CxQrF5bBnBPAAHIYJUuwAA RE: 1017520067 SMITH  9:13 PM 
2026-05-27 08:31:20.6509 INFO Getting message voe@firsthome.com: AAkALgAAAAAAHYQDEapmEc2byACqAC-EWg0A-XGp6OdBg0CxQrF5bBnBPAAHIYJSyQAA 
2026-05-27 08:31:20.9748 INFO Getting message HTML voe@firsthome.com: AAkALgAAAAAAHYQDEapmEc2byACqAC-EWg0A-XGp6OdBg0CxQrF5bBnBPAAHIYJSyQAA 
2026-05-27 08:31:21.0530 INFO Getting message voe@firsthome.com: AAkALgAAAAAAHYQDEapmEc2byACqAC-EWg0A-XGp6OdBg0CxQrF5bBnBPAAHIYJSyQAA 
2026-05-27 08:31:21.6962 INFO Email Not Matched: AAkALgAAAAAAHYQDEapmEc2byACqAC-EWg0A-XGp6OdBg0CxQrF5bBnBPAAHIYJSyQAA RE: 1017520067 SMITH  7:55 PM 
2026-05-27 08:31:21.8172 INFO Getting message voe@firsthome.com: AAkALgAAAAAAHYQDEapmEc2byACqAC-EWg0A-XGp6OdBg0CxQrF5bBnBPAAHIYJOzwAA 
2026-05-27 08:31:21.9967 INFO Getting message HTML voe@firsthome.com: AAkALgAAAAAAHYQDEapmEc2byACqAC-EWg0A-XGp6OdBg0CxQrF5bBnBPAAHIYJOzwAA 
2026-05-27 08:31:22.0337 INFO Getting message voe@firsthome.com: AAkALgAAAAAAHYQDEapmEc2byACqAC-EWg0A-XGp6OdBg0CxQrF5bBnBPAAHIYJOzwAA 
2026-05-27 08:33:02.3742 ERROR Error making web redirect request: https://url.usb.m.mimecastprotect.com/s/zFExCoABO6cDnk0Wt6sJUpedo-?domain=url4970.truv.com System.Net.WebException: The operation has timed out
   at System.Net.HttpWebRequest.GetResponse()
   at VOESystem.Data.Business.BusinessBase.getWebRequestRedirect(String URL) in C:\Data\FirstMortgage\BitBucket\voesystem\VOEFrontend\VOESystem.Data\Business\BusinessBase.cs:line 607
2026-05-27 08:33:02.4264 INFO Retrying Redirect URL: The operation has timed out 
2026-05-27 08:34:42.4892 ERROR Error making web redirect request: https://url.usb.m.mimecastprotect.com/s/zFExCoABO6cDnk0Wt6sJUpedo-?domain=url4970.truv.com System.Net.WebException: The operation has timed out
   at System.Net.HttpWebRequest.GetResponse()
   at VOESystem.Data.Business.BusinessBase.getWebRequestRedirect(String URL) in C:\Data\FirstMortgage\BitBucket\voesystem\VOEFrontend\VOESystem.Data\Business\BusinessBase.cs:line 607
2026-05-27 08:34:42.6523 INFO Retrying Redirect URL: The operation has timed out 
2026-05-27 08:36:22.7160 ERROR Error making web redirect request: https://url.usb.m.mimecastprotect.com/s/zFExCoABO6cDnk0Wt6sJUpedo-?domain=url4970.truv.com System.Net.WebException: The operation has timed out
   at System.Net.HttpWebRequest.GetResponse()
   at VOESystem.Data.Business.BusinessBase.getWebRequestRedirect(String URL) in C:\Data\FirstMortgage\BitBucket\voesystem\VOEFrontend\VOESystem.Data\Business\BusinessBase.cs:line 607
2026-05-27 08:36:22.7740 INFO Retrying Redirect URL: The operation has timed out 
2026-05-27 08:36:22.8230 ERROR Error Importing Email: AAkALgAAAAAAHYQDEapmEc2byACqAC-EWg0A-XGp6OdBg0CxQrF5bBnBPAAHIYJOzwAA Christopher Ryan Kackley, First Home Mortgage would like to verify your income and employment 7:25 PM System.Exception: Truv Redirect Order URL Not Found
   at VOEBackend.Email.BaseClass.getOrderRequestFromTruvRedirect(IDbConnection dbConn, String emailBody) in T:\Griffin\SVNDev\VOESystem\VOEBackend\VOEBackend.Email\BaseClass.cs:line 298
   at VOEBackend.Email.EmailOps.insertMail(IMailMessage msg) in T:\Griffin\SVNDev\VOESystem\VOEBackend\VOEBackend.Email\EmailOps.cs:line 73
2026-05-27 08:36:48.8819 ERROR GraphAPI Failed to Retrieve Folders System.AggregateException: One or more errors occurred. ---> Microsoft.Graph.ServiceException: Code: generalException
Message: An error occurred sending the request.
 ---> System.InvalidOperationException: The request message was already sent. Cannot send the same request message multiple times.
   at System.Net.Http.HttpClient.CheckRequestMessage(HttpRequestMessage request)
   at System.Net.Http.HttpClient.SendAsync(HttpRequestMessage request, HttpCompletionOption completionOption, CancellationToken cancellationToken)
   at Microsoft.Graph.HttpProvider.<SendRequestAsync>d__19.MoveNext()
   --- End of inner exception stack trace ---
   at Microsoft.Graph.HttpProvider.<SendRequestAsync>d__19.MoveNext()
--- End of stack trace from previous location where exception was thrown ---
   at System.Runtime.ExceptionServices.ExceptionDispatchInfo.Throw()
   at System.Runtime.CompilerServices.TaskAwaiter.HandleNonSuccessAndDebuggerNotification(Task task)
   at Microsoft.Graph.HttpProvider.<SendAsync>d__18.MoveNext()
   --- End of inner exception stack trace ---
   at FHMC.Graph.BaseClass.makeGraphRequest(String url, HttpMethod method, Object content, Dictionary`2 headers, ContentType contentType) in T:\Griffin\SVNDev\FHMC.Graph\FHMC.Graph\BaseClass.cs:line 197
   at FHMC.Graph.Email.getChildFolders(String url) in T:\Griffin\SVNDev\FHMC.Graph\FHMC.Graph\Email.cs:line 215
---> (Inner Exception #0) Status Code: 0
Microsoft.Graph.ServiceException: Code: generalException
Message: An error occurred sending the request.
 ---> System.InvalidOperationException: The request message was already sent. Cannot send the same request message multiple times.
   at System.Net.Http.HttpClient.CheckRequestMessage(HttpRequestMessage request)
   at System.Net.Http.HttpClient.SendAsync(HttpRequestMessage request, HttpCompletionOption completionOption, CancellationToken cancellationToken)
   at Microsoft.Graph.HttpProvider.<SendRequestAsync>d__19.MoveNext()
   --- End of inner exception stack trace ---
   at Microsoft.Graph.HttpProvider.<SendRequestAsync>d__19.MoveNext()
--- End of stack trace from previous location where exception was thrown ---
   at System.Runtime.ExceptionServices.ExceptionDispatchInfo.Throw()
   at System.Runtime.CompilerServices.TaskAwaiter.HandleNonSuccessAndDebuggerNotification(Task task)
   at Microsoft.Graph.HttpProvider.<SendAsync>d__18.MoveNext()<---

2026-05-27 08:36:48.9605 ERROR Error Retrieving Folder for Inbox/Completed/VOESystemMatched in voe@firsthome.com System.Exception: Parent Folder Not Found for Inbox/Completed/VOESystemMatched in voe@firsthome.com
   at FHMC.Graph.Email.getMailFolder(String emailAddress, String folderPath) in T:\Griffin\SVNDev\FHMC.Graph\FHMC.Graph\Email.cs:line 166
2026-05-27 08:59:20.5595 INFO Getting messages for folder voe@firsthome.com: Inbox 
2026-05-27 08:59:22.9518 INFO Getting message voe@firsthome.com: AAkALgAAAAAAHYQDEapmEc2byACqAC-EWg0A-XGp6OdBg0CxQrF5bBnBPAAHIkFw5QAA 
2026-05-27 08:59:23.1887 INFO Getting message HTML voe@firsthome.com: AAkALgAAAAAAHYQDEapmEc2byACqAC-EWg0A-XGp6OdBg0CxQrF5bBnBPAAHIkFw5QAA 
2026-05-27 08:59:23.2283 INFO Getting message voe@firsthome.com: AAkALgAAAAAAHYQDEapmEc2byACqAC-EWg0A-XGp6OdBg0CxQrF5bBnBPAAHIkFw5QAA 
2026-05-27 08:59:25.1526 ERROR Error Uploading File 1083520299;C:\Temp\VOERepository\Documents\Upload\20260527085925136_1083520299_JONES BRANDI VOE 05272026.pdf;JONES, BRANDI VOE 05272026.pdf System.IO.DirectoryNotFoundException: Could not find a part of the path 'C:\Temp\VOERepository\Documents\Upload\20260527085925136_1083520299_JONES BRANDI VOE 05272026.pdf'.
   at System.IO.__Error.WinIOError(Int32 errorCode, String maybeFullPath)
   at System.IO.FileStream.Init(String path, FileMode mode, FileAccess access, Int32 rights, Boolean useRights, FileShare share, Int32 bufferSize, FileOptions options, SECURITY_ATTRIBUTES secAttrs, String msgPath, Boolean bFromProxy, Boolean useLongPath, Boolean checkHost)
   at System.IO.FileStream..ctor(String path, FileMode mode, FileAccess access, FileShare share, Int32 bufferSize, FileOptions options, String msgPath, Boolean bFromProxy, Boolean useLongPath, Boolean checkHost)
   at System.IO.StreamWriter.CreateFile(String path, Boolean append, Boolean checkHost)
   at System.IO.StreamWriter..ctor(String path, Boolean append, Encoding encoding, Int32 bufferSize, Boolean checkHost)
   at System.IO.StreamWriter..ctor(String path, Boolean append)
   at ServiceStack.ServiceHost.FileExtensions.SaveTo(IFile file, String filePath)
   at VOESystem.Data.Business.DocumentOps.uploadFile(IDbConnection dbConn, IFile file, String userName, Nullable`1 OrderRequestId, Nullable`1 EmployerId, DocumentType doctype, Boolean UploadToEncompass, String LoanNumber, String filePathName, Nullable`1 DocumentContentTypeId, String baseUrl) in C:\Data\FirstMortgage\BitBucket\voesystem\VOEFrontend\VOESystem.Data\Business\DocumentOps.cs:line 265
2026-05-27 08:59:25.2776 ERROR Error Uploading Attachment to VOE System: C:\Temp\MailAttachments\AAkALgAAAAAAHYQDEapmEc2byACqACEWg0AXGp6OdBg0CxQrF5bBnBPAAHIkFw5QAAJONES BRANDI VOE 05272026pdf System.Exception: Exception of type 'System.Exception' was thrown.
2026-05-27 08:59:25.4306 INFO Email Logged: RE: Verification of Employment Request Brandi N. Jones [1083520299-04] 
2026-05-27 08:59:25.5226 INFO Email Logged to Database: AAkALgAAAAAAHYQDEapmEc2byACqAC-EWg0A-XGp6OdBg0CxQrF5bBnBPAAHIkFw5QAA RE: Verification of Employment Request Brandi N. Jones [1083520299-04] 8:53 AM 
2026-05-27 08:59:25.5736 INFO Getting message voe@firsthome.com: AAkALgAAAAAAHYQDEapmEc2byACqAC-EWg0A-XGp6OdBg0CxQrF5bBnBPAAHIkFw4QAA 
2026-05-27 08:59:25.7187 INFO Getting message HTML voe@firsthome.com: AAkALgAAAAAAHYQDEapmEc2byACqAC-EWg0A-XGp6OdBg0CxQrF5bBnBPAAHIkFw4QAA 
2026-05-27 08:59:25.7887 INFO Getting message voe@firsthome.com: AAkALgAAAAAAHYQDEapmEc2byACqAC-EWg0A-XGp6OdBg0CxQrF5bBnBPAAHIkFw4QAA 
2026-05-27 08:59:26.0712 INFO Email Logged: Automatic reply: URGENT - Verification of Employment Request Dakotah Jones - URGENT [1010525141-01] 
2026-05-27 08:59:26.1172 INFO Email Logged to Database: AAkALgAAAAAAHYQDEapmEc2byACqAC-EWg0A-XGp6OdBg0CxQrF5bBnBPAAHIkFw4QAA Automatic reply: URGENT - Verification of Employment Request Dakotah Jones - URGENT [1010525141-01] 8:53 AM 
2026-05-27 08:59:26.2052 INFO Getting message voe@firsthome.com: AAkALgAAAAAAHYQDEapmEc2byACqAC-EWg0A-XGp6OdBg0CxQrF5bBnBPAAHIkFwzAAA 
2026-05-27 08:59:26.3672 INFO Getting message HTML voe@firsthome.com: AAkALgAAAAAAHYQDEapmEc2byACqAC-EWg0A-XGp6OdBg0CxQrF5bBnBPAAHIkFwzAAA 
2026-05-27 08:59:26.4672 INFO Getting message voe@firsthome.com: AAkALgAAAAAAHYQDEapmEc2byACqAC-EWg0A-XGp6OdBg0CxQrF5bBnBPAAHIkFwzAAA 
2026-05-27 08:59:26.7898 INFO Email Logged: Re: Final Verification MyBiz Request [1017523732-05] 
2026-05-27 08:59:26.8728 INFO Email Logged to Database: AAkALgAAAAAAHYQDEapmEc2byACqAC-EWg0A-XGp6OdBg0CxQrF5bBnBPAAHIkFwzAAA Re: Final Verification MyBiz Request [1017523732-05] 8:46 AM 
2026-05-27 08:59:26.9914 INFO Getting message voe@firsthome.com: AAkALgAAAAAAHYQDEapmEc2byACqAC-EWg0A-XGp6OdBg0CxQrF5bBnBPAAHIkFwyQAA 
2026-05-27 08:59:27.1704 INFO Getting message HTML voe@firsthome.com: AAkALgAAAAAAHYQDEapmEc2byACqAC-EWg0A-XGp6OdBg0CxQrF5bBnBPAAHIkFwyQAA 
2026-05-27 08:59:27.2774 INFO Getting message voe@firsthome.com: AAkALgAAAAAAHYQDEapmEc2byACqAC-EWg0A-XGp6OdBg0CxQrF5bBnBPAAHIkFwyQAA 
2026-05-27 08:59:27.6554 INFO Email Logged: Re: Final Verification MyBiz Request [1017523732-05] 
2026-05-27 08:59:27.7115 INFO Email Logged to Database: AAkALgAAAAAAHYQDEapmEc2byACqAC-EWg0A-XGp6OdBg0CxQrF5bBnBPAAHIkFwyQAA Re: Final Verification MyBiz Request [1017523732-05] 8:41 AM 
2026-05-27 08:59:27.7385 INFO Getting message voe@firsthome.com: AAkALgAAAAAAHYQDEapmEc2byACqAC-EWg0A-XGp6OdBg0CxQrF5bBnBPAAHIkFlAAAA 
2026-05-27 08:59:27.9150 INFO Getting message HTML voe@firsthome.com: AAkALgAAAAAAHYQDEapmEc2byACqAC-EWg0A-XGp6OdBg0CxQrF5bBnBPAAHIkFlAAAA 
2026-05-27 08:59:27.9430 INFO Getting message voe@firsthome.com: AAkALgAAAAAAHYQDEapmEc2byACqAC-EWg0A-XGp6OdBg0CxQrF5bBnBPAAHIkFlAAAA 
2026-05-27 08:59:37.9357 INFO Email Logged: Gloria Dirubba, First Home Mortgage would like to verify your income and employment 
2026-05-27 08:59:37.9748 INFO Email Logged to Database: AAkALgAAAAAAHYQDEapmEc2byACqAC-EWg0A-XGp6OdBg0CxQrF5bBnBPAAHIkFlAAAA Gloria Dirubba, First Home Mortgage would like to verify your income and employment 8:35 AM 
2026-05-27 08:59:38.0007 INFO Getting message voe@firsthome.com: AAkALgAAAAAAHYQDEapmEc2byACqAC-EWg0A-XGp6OdBg0CxQrF5bBnBPAAHIkFVRAAA 
2026-05-27 08:59:38.2472 INFO Getting message HTML voe@firsthome.com: AAkALgAAAAAAHYQDEapmEc2byACqAC-EWg0A-XGp6OdBg0CxQrF5bBnBPAAHIkFVRAAA 
2026-05-27 08:59:38.2732 INFO Getting message voe@firsthome.com: AAkALgAAAAAAHYQDEapmEc2byACqAC-EWg0A-XGp6OdBg0CxQrF5bBnBPAAHIkFVRAAA 
2026-05-27 08:59:38.5422 INFO Email Logged: Read: CPA Comfort Letter Request Eduardo R Loja Guaman [7040525665-01] 
2026-05-27 08:59:38.5772 INFO Email Logged to Database: AAkALgAAAAAAHYQDEapmEc2byACqAC-EWg0A-XGp6OdBg0CxQrF5bBnBPAAHIkFVRAAA Read: CPA Comfort Letter Request Eduardo R Loja Guaman [7040525665-01] 8:31 AM 
2026-05-27 08:59:38.6032 INFO Getting message voe@firsthome.com: AAkALgAAAAAAHYQDEapmEc2byACqAC-EWg0A-XGp6OdBg0CxQrF5bBnBPAAHIkFVQQAA 
2026-05-27 08:59:38.7278 INFO Getting message HTML voe@firsthome.com: AAkALgAAAAAAHYQDEapmEc2byACqAC-EWg0A-XGp6OdBg0CxQrF5bBnBPAAHIkFVQQAA 
2026-05-27 08:59:38.7558 INFO Getting message voe@firsthome.com: AAkALgAAAAAAHYQDEapmEc2byACqAC-EWg0A-XGp6OdBg0CxQrF5bBnBPAAHIkFVQQAA 
2026-05-27 08:59:39.0459 INFO Skipping Attachment - DisallowedFileType: ATT00001.png in AAkALgAAAAAAHYQDEapmEc2byACqAC-EWg0A-XGp6OdBg0CxQrF5bBnBPAAHIkFVQQAA 
2026-05-27 08:59:39.0955 INFO Email Logged: Re: [External] HR/Payroll Contact – HELP – Verification of Employment [7040522828-05] 
2026-05-27 08:59:39.1295 INFO Email Logged to Database: AAkALgAAAAAAHYQDEapmEc2byACqAC-EWg0A-XGp6OdBg0CxQrF5bBnBPAAHIkFVQQAA Re: [External] HR/Payroll Contact – HELP – Verification of Employment [7040522828-05] 8:28 AM 
2026-05-27 08:59:39.1555 INFO Getting message voe@firsthome.com: AAkALgAAAAAAHYQDEapmEc2byACqAC-EWg0A-XGp6OdBg0CxQrF5bBnBPAAHIkFVPAAA 
2026-05-27 08:59:39.3355 INFO Getting message HTML voe@firsthome.com: AAkALgAAAAAAHYQDEapmEc2byACqAC-EWg0A-XGp6OdBg0CxQrF5bBnBPAAHIkFVPAAA 
2026-05-27 08:59:39.3643 INFO Getting message voe@firsthome.com: AAkALgAAAAAAHYQDEapmEc2byACqAC-EWg0A-XGp6OdBg0CxQrF5bBnBPAAHIkFVPAAA 
2026-05-27 08:59:39.7786 INFO Email Not Matched: AAkALgAAAAAAHYQDEapmEc2byACqAC-EWg0A-XGp6OdBg0CxQrF5bBnBPAAHIkFVPAAA RE: 1017520067 SMITH  8:26 AM 
2026-05-27 08:59:39.8216 INFO Getting message voe@firsthome.com: AAkALgAAAAAAHYQDEapmEc2byACqAC-EWg0A-XGp6OdBg0CxQrF5bBnBPAAHIkFVKgAA 
2026-05-27 08:59:39.9496 INFO Getting message HTML voe@firsthome.com: AAkALgAAAAAAHYQDEapmEc2byACqAC-EWg0A-XGp6OdBg0CxQrF5bBnBPAAHIkFVKgAA 
2026-05-27 08:59:39.9771 INFO Getting message voe@firsthome.com: AAkALgAAAAAAHYQDEapmEc2byACqAC-EWg0A-XGp6OdBg0CxQrF5bBnBPAAHIkFVKgAA 
2026-05-27 08:59:40.5591 INFO Email Logged: Revision Request Received [1017522499-02] 
2026-05-27 08:59:40.5911 INFO Email Logged to Database: AAkALgAAAAAAHYQDEapmEc2byACqAC-EWg0A-XGp6OdBg0CxQrF5bBnBPAAHIkFVKgAA Revision Request Received [1017522499-02] 8:21 AM 
2026-05-27 08:59:40.6171 INFO Getting message voe@firsthome.com: AAkALgAAAAAAHYQDEapmEc2byACqAC-EWg0A-XGp6OdBg0CxQrF5bBnBPAAHIkFVGwAA 
2026-05-27 08:59:40.7466 INFO Getting message HTML voe@firsthome.com: AAkALgAAAAAAHYQDEapmEc2byACqAC-EWg0A-XGp6OdBg0CxQrF5bBnBPAAHIkFVGwAA 
2026-05-27 08:59:40.7736 INFO Getting message voe@firsthome.com: AAkALgAAAAAAHYQDEapmEc2byACqAC-EWg0A-XGp6OdBg0CxQrF5bBnBPAAHIkFVGwAA 
2026-05-27 08:59:41.1038 INFO Email Not Matched: AAkALgAAAAAAHYQDEapmEc2byACqAC-EWg0A-XGp6OdBg0CxQrF5bBnBPAAHIkFVGwAA Proof of Employment William Ritchie 8:21 AM 
2026-05-27 08:59:41.1398 INFO Getting message voe@firsthome.com: AAkALgAAAAAAHYQDEapmEc2byACqAC-EWg0A-XGp6OdBg0CxQrF5bBnBPAAHIkFVEwAA 
2026-05-27 08:59:41.2768 INFO Getting message HTML voe@firsthome.com: AAkALgAAAAAAHYQDEapmEc2byACqAC-EWg0A-XGp6OdBg0CxQrF5bBnBPAAHIkFVEwAA 
2026-05-27 08:59:41.3048 INFO Getting message voe@firsthome.com: AAkALgAAAAAAHYQDEapmEc2byACqAC-EWg0A-XGp6OdBg0CxQrF5bBnBPAAHIkFVEwAA 
2026-05-27 08:59:46.1542 INFO Email Logged: Ayanna Polo, First Home Mortgage would like to verify your income and employment 
2026-05-27 08:59:46.1858 INFO Email Logged to Database: AAkALgAAAAAAHYQDEapmEc2byACqAC-EWg0A-XGp6OdBg0CxQrF5bBnBPAAHIkFVEwAA Ayanna Polo, First Home Mortgage would like to verify your income and employment 8:20 AM 
2026-05-27 08:59:46.2118 INFO Getting message voe@firsthome.com: AAkALgAAAAAAHYQDEapmEc2byACqAC-EWg0A-XGp6OdBg0CxQrF5bBnBPAAHIkFVDgAA 
2026-05-27 08:59:46.3598 INFO Getting message HTML voe@firsthome.com: AAkALgAAAAAAHYQDEapmEc2byACqAC-EWg0A-XGp6OdBg0CxQrF5bBnBPAAHIkFVDgAA 
2026-05-27 08:59:46.3868 INFO Getting message voe@firsthome.com: AAkALgAAAAAAHYQDEapmEc2byACqAC-EWg0A-XGp6OdBg0CxQrF5bBnBPAAHIkFVDgAA 
2026-05-27 08:59:46.7419 INFO Email Not Matched: AAkALgAAAAAAHYQDEapmEc2byACqAC-EWg0A-XGp6OdBg0CxQrF5bBnBPAAHIkFVDgAA  Corporate eFax message from "WorcesterCounty" - 4 page(s) 8:19 AM 
2026-05-27 08:59:46.7789 INFO Getting message voe@firsthome.com: AAkALgAAAAAAHYQDEapmEc2byACqAC-EWg0A-XGp6OdBg0CxQrF5bBnBPAAHIkFVCQAA 
2026-05-27 08:59:46.9379 INFO Getting message HTML voe@firsthome.com: AAkALgAAAAAAHYQDEapmEc2byACqAC-EWg0A-XGp6OdBg0CxQrF5bBnBPAAHIkFVCQAA 
2026-05-27 08:59:46.9694 INFO Getting message voe@firsthome.com: AAkALgAAAAAAHYQDEapmEc2byACqAC-EWg0A-XGp6OdBg0CxQrF5bBnBPAAHIkFVCQAA 
2026-05-27 08:59:47.3175 INFO Email Not Matched: AAkALgAAAAAAHYQDEapmEc2byACqAC-EWg0A-XGp6OdBg0CxQrF5bBnBPAAHIkFVCQAA FW: MORTGAGE UPDATE: Your Loan Has Been Sent to Processing 8:19 AM 
2026-05-27 08:59:47.3685 INFO Getting message voe@firsthome.com: AAkALgAAAAAAHYQDEapmEc2byACqAC-EWg0A-XGp6OdBg0CxQrF5bBnBPAAHIkFU_AAA 
2026-05-27 08:59:47.5085 INFO Getting message HTML voe@firsthome.com: AAkALgAAAAAAHYQDEapmEc2byACqAC-EWg0A-XGp6OdBg0CxQrF5bBnBPAAHIkFU_AAA 
2026-05-27 08:59:47.5394 INFO Getting message voe@firsthome.com: AAkALgAAAAAAHYQDEapmEc2byACqAC-EWg0A-XGp6OdBg0CxQrF5bBnBPAAHIkFU_AAA 
2026-05-27 08:59:47.8640 INFO Email Logged: Read: Employer requires WET signature [7040524765-03] Kara L Flanagan Tempus Unlimited 
2026-05-27 08:59:47.8970 INFO Email Logged to Database: AAkALgAAAAAAHYQDEapmEc2byACqAC-EWg0A-XGp6OdBg0CxQrF5bBnBPAAHIkFU_AAA Read: Employer requires WET signature [7040524765-03] Kara L Flanagan Tempus Unlimited 8:14 AM 
2026-05-27 08:59:47.9220 INFO Getting message voe@firsthome.com: AAkALgAAAAAAHYQDEapmEc2byACqAC-EWg0A-XGp6OdBg0CxQrF5bBnBPAAHIkFU9AAA 
2026-05-27 08:59:48.0731 INFO Getting message HTML voe@firsthome.com: AAkALgAAAAAAHYQDEapmEc2byACqAC-EWg0A-XGp6OdBg0CxQrF5bBnBPAAHIkFU9AAA 
2026-05-27 08:59:48.1051 INFO Getting message voe@firsthome.com: AAkALgAAAAAAHYQDEapmEc2byACqAC-EWg0A-XGp6OdBg0CxQrF5bBnBPAAHIkFU9AAA 
2026-05-27 08:59:48.3981 INFO Email Not Matched: AAkALgAAAAAAHYQDEapmEc2byACqAC-EWg0A-XGp6OdBg0CxQrF5bBnBPAAHIkFU9AAA Employment Verification for William J Ritchie 8:14 AM 
2026-05-27 08:59:48.4381 INFO Getting message voe@firsthome.com: AAkALgAAAAAAHYQDEapmEc2byACqAC-EWg0A-XGp6OdBg0CxQrF5bBnBPAAHIkFU7gAA 
2026-05-27 08:59:48.6059 INFO Getting message HTML voe@firsthome.com: AAkALgAAAAAAHYQDEapmEc2byACqAC-EWg0A-XGp6OdBg0CxQrF5bBnBPAAHIkFU7gAA 
2026-05-27 08:59:48.6339 INFO Getting message voe@firsthome.com: AAkALgAAAAAAHYQDEapmEc2byACqAC-EWg0A-XGp6OdBg0CxQrF5bBnBPAAHIkFU7gAA 
2026-05-27 08:59:50.6465 ERROR Error Uploading File 1017520067;C:\Temp\VOERepository\Documents\Upload\20260527085950645_1017520067_Smith M VOE.pdf;Smith M VOE.pdf System.IO.DirectoryNotFoundException: Could not find a part of the path 'C:\Temp\VOERepository\Documents\Upload\20260527085950645_1017520067_Smith M VOE.pdf'.
   at System.IO.__Error.WinIOError(Int32 errorCode, String maybeFullPath)
   at System.IO.FileStream.Init(String path, FileMode mode, FileAccess access, Int32 rights, Boolean useRights, FileShare share, Int32 bufferSize, FileOptions options, SECURITY_ATTRIBUTES secAttrs, String msgPath, Boolean bFromProxy, Boolean useLongPath, Boolean checkHost)
   at System.IO.FileStream..ctor(String path, FileMode mode, FileAccess access, FileShare share, Int32 bufferSize, FileOptions options, String msgPath, Boolean bFromProxy, Boolean useLongPath, Boolean checkHost)
   at System.IO.StreamWriter.CreateFile(String path, Boolean append, Boolean checkHost)
   at System.IO.StreamWriter..ctor(String path, Boolean append, Encoding encoding, Int32 bufferSize, Boolean checkHost)
   at System.IO.StreamWriter..ctor(String path, Boolean append)
   at ServiceStack.ServiceHost.FileExtensions.SaveTo(IFile file, String filePath)
   at VOESystem.Data.Business.DocumentOps.uploadFile(IDbConnection dbConn, IFile file, String userName, Nullable`1 OrderRequestId, Nullable`1 EmployerId, DocumentType doctype, Boolean UploadToEncompass, String LoanNumber, String filePathName, Nullable`1 DocumentContentTypeId, String baseUrl) in C:\Data\FirstMortgage\BitBucket\voesystem\VOEFrontend\VOESystem.Data\Business\DocumentOps.cs:line 265
2026-05-27 08:59:50.7986 ERROR Error Uploading Attachment to VOE System: C:\Temp\MailAttachments\AAkALgAAAAAAHYQDEapmEc2byACqACEWg0AXGp6OdBg0CxQrF5bBnBPAAHIkFU7gAASmith M VOEpdf System.Exception: Exception of type 'System.Exception' was thrown.
2026-05-27 08:59:50.9065 INFO Email Logged: Mary Patricia Smith [1017520067-02] 
2026-05-27 08:59:50.9699 INFO Email Logged to Database: AAkALgAAAAAAHYQDEapmEc2byACqAC-EWg0A-XGp6OdBg0CxQrF5bBnBPAAHIkFU7gAA Mary Patricia Smith [1017520067-02] 8:12 AM 
2026-05-27 08:59:51.0055 INFO Getting message voe@firsthome.com: AAkALgAAAAAAHYQDEapmEc2byACqAC-EWg0A-XGp6OdBg0CxQrF5bBnBPAAHIkFU6QAA 
2026-05-27 08:59:51.1666 INFO Getting message HTML voe@firsthome.com: AAkALgAAAAAAHYQDEapmEc2byACqAC-EWg0A-XGp6OdBg0CxQrF5bBnBPAAHIkFU6QAA 
2026-05-27 08:59:51.2648 INFO Getting message voe@firsthome.com: AAkALgAAAAAAHYQDEapmEc2byACqAC-EWg0A-XGp6OdBg0CxQrF5bBnBPAAHIkFU6QAA 
2026-05-27 08:59:51.5356 ERROR Error Importing Email: AAkALgAAAAAAHYQDEapmEc2byACqAC-EWg0A-XGp6OdBg0CxQrF5bBnBPAAHIkFU6QAA <ACTION REQUIRED> First Home Mortgage needs an update on your application 8:05 AM System.Exception: Truv Redirect URL Not Found
   at VOEBackend.Email.BaseClass.getOrderRequestFromTruvRedirect(IDbConnection dbConn, String emailBody) in T:\Griffin\SVNDev\VOESystem\VOEBackend\VOEBackend.Email\BaseClass.cs:line 274
   at VOEBackend.Email.EmailOps.insertMail(IMailMessage msg) in T:\Griffin\SVNDev\VOESystem\VOEBackend\VOEBackend.Email\EmailOps.cs:line 73
2026-05-27 08:59:51.5946 INFO Getting message voe@firsthome.com: AAkALgAAAAAAHYQDEapmEc2byACqAC-EWg0A-XGp6OdBg0CxQrF5bBnBPAAHIkFU5QAA 
2026-05-27 08:59:51.7247 INFO Getting message HTML voe@firsthome.com: AAkALgAAAAAAHYQDEapmEc2byACqAC-EWg0A-XGp6OdBg0CxQrF5bBnBPAAHIkFU5QAA 
2026-05-27 08:59:51.7537 INFO Getting message voe@firsthome.com: AAkALgAAAAAAHYQDEapmEc2byACqAC-EWg0A-XGp6OdBg0CxQrF5bBnBPAAHIkFU5QAA 
2026-05-27 08:59:52.0246 ERROR Error Importing Email: AAkALgAAAAAAHYQDEapmEc2byACqAC-EWg0A-XGp6OdBg0CxQrF5bBnBPAAHIkFU5QAA <ACTION REQUIRED> First Home Mortgage needs an update on your application 8:05 AM System.Exception: Truv Redirect URL Not Found
   at VOEBackend.Email.BaseClass.getOrderRequestFromTruvRedirect(IDbConnection dbConn, String emailBody) in T:\Griffin\SVNDev\VOESystem\VOEBackend\VOEBackend.Email\BaseClass.cs:line 274
   at VOEBackend.Email.EmailOps.insertMail(IMailMessage msg) in T:\Griffin\SVNDev\VOESystem\VOEBackend\VOEBackend.Email\EmailOps.cs:line 73
2026-05-27 08:59:52.0622 INFO Getting message voe@firsthome.com: AAkALgAAAAAAHYQDEapmEc2byACqAC-EWg0A-XGp6OdBg0CxQrF5bBnBPAAHIkFU4QAA 
2026-05-27 08:59:52.1922 INFO Getting message HTML voe@firsthome.com: AAkALgAAAAAAHYQDEapmEc2byACqAC-EWg0A-XGp6OdBg0CxQrF5bBnBPAAHIkFU4QAA 
2026-05-27 08:59:52.2182 INFO Getting message voe@firsthome.com: AAkALgAAAAAAHYQDEapmEc2byACqAC-EWg0A-XGp6OdBg0CxQrF5bBnBPAAHIkFU4QAA 
2026-05-27 08:59:52.4802 ERROR Error Importing Email: AAkALgAAAAAAHYQDEapmEc2byACqAC-EWg0A-XGp6OdBg0CxQrF5bBnBPAAHIkFU4QAA <ACTION REQUIRED> First Home Mortgage needs an update on your application 8:05 AM System.Exception: Truv Redirect URL Not Found
   at VOEBackend.Email.BaseClass.getOrderRequestFromTruvRedirect(IDbConnection dbConn, String emailBody) in T:\Griffin\SVNDev\VOESystem\VOEBackend\VOEBackend.Email\BaseClass.cs:line 274
   at VOEBackend.Email.EmailOps.insertMail(IMailMessage msg) in T:\Griffin\SVNDev\VOESystem\VOEBackend\VOEBackend.Email\EmailOps.cs:line 73
2026-05-27 08:59:52.5246 INFO Getting message voe@firsthome.com: AAkALgAAAAAAHYQDEapmEc2byACqAC-EWg0A-XGp6OdBg0CxQrF5bBnBPAAHIkFU3QAA 
2026-05-27 08:59:52.6718 INFO Getting message HTML voe@firsthome.com: AAkALgAAAAAAHYQDEapmEc2byACqAC-EWg0A-XGp6OdBg0CxQrF5bBnBPAAHIkFU3QAA 
2026-05-27 08:59:52.6998 INFO Getting message voe@firsthome.com: AAkALgAAAAAAHYQDEapmEc2byACqAC-EWg0A-XGp6OdBg0CxQrF5bBnBPAAHIkFU3QAA 
2026-05-27 08:59:52.9667 ERROR Error Importing Email: AAkALgAAAAAAHYQDEapmEc2byACqAC-EWg0A-XGp6OdBg0CxQrF5bBnBPAAHIkFU3QAA <ACTION REQUIRED> First Home Mortgage needs an update on your application 8:05 AM System.Exception: Truv Redirect URL Not Found
   at VOEBackend.Email.BaseClass.getOrderRequestFromTruvRedirect(IDbConnection dbConn, String emailBody) in T:\Griffin\SVNDev\VOESystem\VOEBackend\VOEBackend.Email\BaseClass.cs:line 274
   at VOEBackend.Email.EmailOps.insertMail(IMailMessage msg) in T:\Griffin\SVNDev\VOESystem\VOEBackend\VOEBackend.Email\EmailOps.cs:line 73
2026-05-27 08:59:53.0033 INFO Getting message voe@firsthome.com: AAkALgAAAAAAHYQDEapmEc2byACqAC-EWg0A-XGp6OdBg0CxQrF5bBnBPAAHIkFU2gAA 
2026-05-27 08:59:53.1353 INFO Getting message HTML voe@firsthome.com: AAkALgAAAAAAHYQDEapmEc2byACqAC-EWg0A-XGp6OdBg0CxQrF5bBnBPAAHIkFU2gAA 
2026-05-27 08:59:53.1673 INFO Getting message voe@firsthome.com: AAkALgAAAAAAHYQDEapmEc2byACqAC-EWg0A-XGp6OdBg0CxQrF5bBnBPAAHIkFU2gAA 
2026-05-27 08:59:53.4523 INFO Email Logged: Truv Reverify Sent [1081510867-04] 
2026-05-27 08:59:53.4823 INFO Email Logged to Database: AAkALgAAAAAAHYQDEapmEc2byACqAC-EWg0A-XGp6OdBg0CxQrF5bBnBPAAHIkFU2gAA Truv Reverify Sent [1081510867-04] 8:05 AM 
2026-05-27 08:59:53.5113 INFO Getting message voe@firsthome.com: AAkALgAAAAAAHYQDEapmEc2byACqAC-EWg0A-XGp6OdBg0CxQrF5bBnBPAAHIkFU1QAA 
2026-05-27 08:59:53.6477 INFO Getting message HTML voe@firsthome.com: AAkALgAAAAAAHYQDEapmEc2byACqAC-EWg0A-XGp6OdBg0CxQrF5bBnBPAAHIkFU1QAA 
2026-05-27 08:59:53.6748 INFO Getting message voe@firsthome.com: AAkALgAAAAAAHYQDEapmEc2byACqAC-EWg0A-XGp6OdBg0CxQrF5bBnBPAAHIkFU1QAA 
2026-05-27 08:59:53.9821 INFO Email Logged: Truv Reverify Sent [1050518236-03] 
2026-05-27 08:59:54.0210 INFO Email Logged to Database: AAkALgAAAAAAHYQDEapmEc2byACqAC-EWg0A-XGp6OdBg0CxQrF5bBnBPAAHIkFU1QAA Truv Reverify Sent [1050518236-03] 8:05 AM 
2026-05-27 08:59:54.0511 INFO Getting message voe@firsthome.com: AAkALgAAAAAAHYQDEapmEc2byACqAC-EWg0A-XGp6OdBg0CxQrF5bBnBPAAHIkFUzAAA 
2026-05-27 08:59:54.1911 INFO Getting message HTML voe@firsthome.com: AAkALgAAAAAAHYQDEapmEc2byACqAC-EWg0A-XGp6OdBg0CxQrF5bBnBPAAHIkFUzAAA 
2026-05-27 08:59:54.2294 INFO Getting message voe@firsthome.com: AAkALgAAAAAAHYQDEapmEc2byACqAC-EWg0A-XGp6OdBg0CxQrF5bBnBPAAHIkFUzAAA 
2026-05-27 08:59:54.5461 INFO Email Logged: Truv Reverify Sent [1010524795-02] 
2026-05-27 08:59:54.5891 INFO Email Logged to Database: AAkALgAAAAAAHYQDEapmEc2byACqAC-EWg0A-XGp6OdBg0CxQrF5bBnBPAAHIkFUzAAA Truv Reverify Sent [1010524795-02] 8:05 AM 
2026-05-27 08:59:54.6541 INFO Getting message voe@firsthome.com: AAkALgAAAAAAHYQDEapmEc2byACqAC-EWg0A-XGp6OdBg0CxQrF5bBnBPAAHIkFUywAA 
2026-05-27 08:59:54.7921 INFO Getting message HTML voe@firsthome.com: AAkALgAAAAAAHYQDEapmEc2byACqAC-EWg0A-XGp6OdBg0CxQrF5bBnBPAAHIkFUywAA 
2026-05-27 08:59:54.8511 INFO Getting message voe@firsthome.com: AAkALgAAAAAAHYQDEapmEc2byACqAC-EWg0A-XGp6OdBg0CxQrF5bBnBPAAHIkFUywAA 
2026-05-27 08:59:55.1457 INFO Email Logged: Truv Reverify Sent [1012518269-02] 
2026-05-27 08:59:55.2467 INFO Email Logged to Database: AAkALgAAAAAAHYQDEapmEc2byACqAC-EWg0A-XGp6OdBg0CxQrF5bBnBPAAHIkFUywAA Truv Reverify Sent [1012518269-02] 8:05 AM 
2026-05-27 08:59:55.2917 INFO Getting message voe@firsthome.com: AAkALgAAAAAAHYQDEapmEc2byACqAC-EWg0A-XGp6OdBg0CxQrF5bBnBPAAHIkFUvwAA 
2026-05-27 08:59:55.4217 INFO Getting message HTML voe@firsthome.com: AAkALgAAAAAAHYQDEapmEc2byACqAC-EWg0A-XGp6OdBg0CxQrF5bBnBPAAHIkFUvwAA 
2026-05-27 08:59:55.4590 INFO Getting message voe@firsthome.com: AAkALgAAAAAAHYQDEapmEc2byACqAC-EWg0A-XGp6OdBg0CxQrF5bBnBPAAHIkFUvwAA 
2026-05-27 08:59:55.7338 INFO Email Logged: Read: CPA Comfort Letter Request Eduardo R Loja Guaman [7040525665-01] 
2026-05-27 08:59:55.8302 INFO Email Logged to Database: AAkALgAAAAAAHYQDEapmEc2byACqAC-EWg0A-XGp6OdBg0CxQrF5bBnBPAAHIkFUvwAA Read: CPA Comfort Letter Request Eduardo R Loja Guaman [7040525665-01] 8:04 AM 
2026-05-27 08:59:55.9108 INFO Getting message voe@firsthome.com: AAkALgAAAAAAHYQDEapmEc2byACqAC-EWg0A-XGp6OdBg0CxQrF5bBnBPAAHIkFUvQAA 
2026-05-27 08:59:56.0407 INFO Getting message HTML voe@firsthome.com: AAkALgAAAAAAHYQDEapmEc2byACqAC-EWg0A-XGp6OdBg0CxQrF5bBnBPAAHIkFUvQAA 
2026-05-27 08:59:56.0755 INFO Getting message voe@firsthome.com: AAkALgAAAAAAHYQDEapmEc2byACqAC-EWg0A-XGp6OdBg0CxQrF5bBnBPAAHIkFUvQAA 
2026-05-27 08:59:56.5153 INFO Email Logged: Read: Verification of Employment Request Sara E Wheatley [1031522516-03] 
2026-05-27 08:59:56.5503 INFO Email Logged to Database: AAkALgAAAAAAHYQDEapmEc2byACqAC-EWg0A-XGp6OdBg0CxQrF5bBnBPAAHIkFUvQAA Read: Verification of Employment Request Sara E Wheatley [1031522516-03] 7:57 AM 
2026-05-27 08:59:56.5763 INFO Getting message voe@firsthome.com: AAkALgAAAAAAHYQDEapmEc2byACqAC-EWg0A-XGp6OdBg0CxQrF5bBnBPAAHIYJicQAA 
2026-05-27 08:59:56.7128 INFO Getting message HTML voe@firsthome.com: AAkALgAAAAAAHYQDEapmEc2byACqAC-EWg0A-XGp6OdBg0CxQrF5bBnBPAAHIYJicQAA 
2026-05-27 08:59:56.7398 INFO Getting message voe@firsthome.com: AAkALgAAAAAAHYQDEapmEc2byACqAC-EWg0A-XGp6OdBg0CxQrF5bBnBPAAHIYJicQAA 
2026-05-27 09:01:37.0126 ERROR Error making web redirect request: https://url.usb.m.mimecastprotect.com/s/nUz9CR8yL5fG6PvZIOsGU1LtIA?domain=url4970.truv.com System.Net.WebException: The operation has timed out
   at System.Net.HttpWebRequest.GetResponse()
   at VOESystem.Data.Business.BusinessBase.getWebRequestRedirect(String URL) in C:\Data\FirstMortgage\BitBucket\voesystem\VOEFrontend\VOESystem.Data\Business\BusinessBase.cs:line 607
2026-05-27 09:01:37.0740 INFO Retrying Redirect URL: The operation has timed out 
2026-05-27 09:03:17.1418 ERROR Error making web redirect request: https://url.usb.m.mimecastprotect.com/s/nUz9CR8yL5fG6PvZIOsGU1LtIA?domain=url4970.truv.com System.Net.WebException: The operation has timed out
   at System.Net.HttpWebRequest.GetResponse()
   at VOESystem.Data.Business.BusinessBase.getWebRequestRedirect(String URL) in C:\Data\FirstMortgage\BitBucket\voesystem\VOEFrontend\VOESystem.Data\Business\BusinessBase.cs:line 607
2026-05-27 09:03:17.2144 INFO Retrying Redirect URL: The operation has timed out 
2026-05-27 09:04:57.2758 ERROR Error making web redirect request: https://url.usb.m.mimecastprotect.com/s/nUz9CR8yL5fG6PvZIOsGU1LtIA?domain=url4970.truv.com System.Net.WebException: The operation has timed out
   at System.Net.HttpWebRequest.GetResponse()
   at VOESystem.Data.Business.BusinessBase.getWebRequestRedirect(String URL) in C:\Data\FirstMortgage\BitBucket\voesystem\VOEFrontend\VOESystem.Data\Business\BusinessBase.cs:line 607
2026-05-27 09:04:57.3227 INFO Retrying Redirect URL: The operation has timed out 
2026-05-27 09:04:57.3624 ERROR Error Importing Email: AAkALgAAAAAAHYQDEapmEc2byACqAC-EWg0A-XGp6OdBg0CxQrF5bBnBPAAHIYJicQAA Jacqueline Breanna Adomanis, First Home Mortgage would like to verify your income and employment 3:10 AM System.Exception: Truv Redirect Order URL Not Found
   at VOEBackend.Email.BaseClass.getOrderRequestFromTruvRedirect(IDbConnection dbConn, String emailBody) in T:\Griffin\SVNDev\VOESystem\VOEBackend\VOEBackend.Email\BaseClass.cs:line 298
   at VOEBackend.Email.EmailOps.insertMail(IMailMessage msg) in T:\Griffin\SVNDev\VOESystem\VOEBackend\VOEBackend.Email\EmailOps.cs:line 73
2026-05-27 09:04:57.3994 INFO Getting message voe@firsthome.com: AAkALgAAAAAAHYQDEapmEc2byACqAC-EWg0A-XGp6OdBg0CxQrF5bBnBPAAHIYJibQAA 
2026-05-27 09:04:57.5724 INFO Getting message HTML voe@firsthome.com: AAkALgAAAAAAHYQDEapmEc2byACqAC-EWg0A-XGp6OdBg0CxQrF5bBnBPAAHIYJibQAA 
2026-05-27 09:04:57.6014 INFO Getting message voe@firsthome.com: AAkALgAAAAAAHYQDEapmEc2byACqAC-EWg0A-XGp6OdBg0CxQrF5bBnBPAAHIYJibQAA 
2026-05-27 09:06:37.8536 ERROR Error making web redirect request: https://url.usb.m.mimecastprotect.com/s/1bDiCP6wY5H0wAK8hjsgUxTMPH?domain=url4970.truv.com System.Net.WebException: The operation has timed out
   at System.Net.HttpWebRequest.GetResponse()
   at VOESystem.Data.Business.BusinessBase.getWebRequestRedirect(String URL) in C:\Data\FirstMortgage\BitBucket\voesystem\VOEFrontend\VOESystem.Data\Business\BusinessBase.cs:line 607
2026-05-27 09:06:37.9036 INFO Retrying Redirect URL: The operation has timed out 
2026-05-27 09:08:17.9512 ERROR Error making web redirect request: https://url.usb.m.mimecastprotect.com/s/1bDiCP6wY5H0wAK8hjsgUxTMPH?domain=url4970.truv.com System.Net.WebException: The operation has timed out
   at System.Net.HttpWebRequest.GetResponse()
   at VOESystem.Data.Business.BusinessBase.getWebRequestRedirect(String URL) in C:\Data\FirstMortgage\BitBucket\voesystem\VOEFrontend\VOESystem.Data\Business\BusinessBase.cs:line 607
2026-05-27 09:08:17.9992 INFO Retrying Redirect URL: The operation has timed out 
2026-05-27 09:09:58.0422 ERROR Error making web redirect request: https://url.usb.m.mimecastprotect.com/s/1bDiCP6wY5H0wAK8hjsgUxTMPH?domain=url4970.truv.com System.Net.WebException: The operation has timed out
   at System.Net.HttpWebRequest.GetResponse()
   at VOESystem.Data.Business.BusinessBase.getWebRequestRedirect(String URL) in C:\Data\FirstMortgage\BitBucket\voesystem\VOEFrontend\VOESystem.Data\Business\BusinessBase.cs:line 607
2026-05-27 09:09:58.0912 INFO Retrying Redirect URL: The operation has timed out 
2026-05-27 09:09:58.1324 ERROR Error Importing Email: AAkALgAAAAAAHYQDEapmEc2byACqAC-EWg0A-XGp6OdBg0CxQrF5bBnBPAAHIYJibQAA Luke Thomas Adomanis, First Home Mortgage would like to verify your income and employment 3:10 AM System.Exception: Truv Redirect Order URL Not Found
   at VOEBackend.Email.BaseClass.getOrderRequestFromTruvRedirect(IDbConnection dbConn, String emailBody) in T:\Griffin\SVNDev\VOESystem\VOEBackend\VOEBackend.Email\BaseClass.cs:line 298
   at VOEBackend.Email.EmailOps.insertMail(IMailMessage msg) in T:\Griffin\SVNDev\VOESystem\VOEBackend\VOEBackend.Email\EmailOps.cs:line 73
2026-05-27 09:09:58.1722 INFO Getting message voe@firsthome.com: AAkALgAAAAAAHYQDEapmEc2byACqAC-EWg0A-XGp6OdBg0CxQrF5bBnBPAAHIYJefQAA 
2026-05-27 09:09:58.4602 INFO Getting message HTML voe@firsthome.com: AAkALgAAAAAAHYQDEapmEc2byACqAC-EWg0A-XGp6OdBg0CxQrF5bBnBPAAHIYJefQAA 
2026-05-27 09:09:58.4926 INFO Getting message voe@firsthome.com: AAkALgAAAAAAHYQDEapmEc2byACqAC-EWg0A-XGp6OdBg0CxQrF5bBnBPAAHIYJefQAA 
2026-05-27 09:09:58.9296 INFO Email Logged: Voided: Verification of Employment Request Cory Blain Hayes [1083522400-01] 
2026-05-27 09:09:59.5682 ERROR Error Sending Email System.Exception: No Valid Email Recipients Specified
   at VOESystem.Data.Business.EmailOps.SendEmail(IDbConnection dbConn, List`1 toEmailList, List`1 ccEmailList, List`1 bccEmailList, String Subject, String MessageText, Boolean skipBranchOverrideCC, Nullable`1 OrderRequestId, Nullable`1 EmailTemplateId, Nullable`1 IsAuditing, List`1 Attachments, String BaseURL, Boolean RestrictDomain, Boolean consolidateAttachments, IDbTransaction extTransaction, String loanNumber, Boolean isDraft, MailPriority priority, Boolean IsHTML, Boolean requestReadReceipt, Boolean isSecure, List`1 replyToEmailList, Nullable`1 forwardingEmailId) in C:\Data\FirstMortgage\BitBucket\voesystem\VOEFrontend\VOESystem.Data\Business\EmailOps.cs:line 198
2026-05-27 09:09:59.6050 INFO This order has been APPROVED and new emails are no longer monitored for this VOE.  

Current Employment Status: Current-Active

Please contact VOE@firsthome with the order number -found in the subject line of this email - in order to address your inquiry/concerns.

Sincerely,
First Home Mortgage Verification Team
6211 Greenleigh Avenue, Suite 300, Baltimore MD 21220  

(For questions or concerns on the status of your VOE please check the VOE pipeline at http://aze-app-1v/voesystem/pipeline)



CONFIDENTIALITY NOTICE
The information contained in this electronic message is confidential information intended for the use of the individual or entity named above. If the reader of this message is not the intended recipient, or an employee or agent responsible for delivering this electronic message to the intended recipient, you are hereby notified that any dissemination, or copying of this communication is strictly prohibited. If this message contains non-public personal information about any consumer or customer of the sender or intended recipient, you are further prohibited under penalty of law from using or disclosing the information to any third party by provisions of the federal Gramm-Leach-Bliley Act. If you have received this electronic message in error, please immediately notify us by return email destroy the original message to assure that it is not read, copied, or distributed by others.






Sincerely,
First Home Mortgage Verification Team
6211 Greenleigh Avenue, Suite 300, Baltimore MD 21220  

(For questions or concerns on the status of your VOE please check the VOE pipeline at http://aze-app-1v/voesystem/pipeline)

---------Original Message----------------------
From: dse_NA3@docusign.net
Sent: Wed, May 27, 2026 01:02 AM
To: VOE@firsthome.com
Cc: 
Subject: Voided: Verification of Employment Request Cory Blain Hayes [1083522400-01]

*** This message originated outside the organization ***

________________________________
[https://NA3.docusign.net/Member/Image.aspx?i=logo&l=f90370f1-dc34-44c6-aa08-145552367816]
[https://docucdn-a.akamaihd.net/olive/images/2.98.0/email/iconFileWithX.png]
VOE Team voided Verification of Employment Request Cory Blain Hayes [1083522400-01].
VOE Team
voe@firsthome.com

Verification of Employment Request Cory Blain Hayes [1083522400-01] has been voided for the following reason:
Envelope has expired.

Powered by
[Docusign]

Envelope ID
f88927fa-d1e7-489e-86f9-a774c8f72ba3

Do Not Share This Email


This email contains a secure link to Docusign. Please do not share this email, link, or access code with others.

Copyright © 2026 Docusign, Inc. All rights reserved. 221 Main Street, Suite 1550 San Francisco, CA 94105

This message was sent to you by VOE Team who is using the Docusign Electronic Signature Service. If you would rather not receive email from this sender you may contact the sender with your request.

Contact Us<https://url.usb.m.mimecastprotect.com/s/aAYrC8Xy9BSXGxovh2ivUyd6yE?domain=support.docusign.com>   Terms of Use<https://url.usb.m.mimecastprotect.com/s/YVpWC93z2Lfz0PG3IOsnUqfhlD?domain=docusign.com>   Privacy<https://url.usb.m.mimecastprotect.com/s/i3VOC0An9Xckxl1oIOtBU9PQCQ?domain=docusign.com>   Support<https://url.usb.m.mimecastprotect.com/s/RL2SCg7qkQhq3nM0F7u7U4E7JK?domain=support.docusign.com>  Report Email<https://url.usb.m.mimecastprotect.com/s/XzzsC6Yw0zHPNx5OSpfrU5GmNj?domain=protect.docusign.net>

Download the Docusign App<https://url.usb.m.mimecastprotect.com/s/16N4CjAwnOcYrkW5hjC8UmXEUp?domain=docusign.com>
 
2026-05-27 09:09:59.6382 ERROR Error Sending Email System.Exception: No Valid Email Recipients Specified
   at VOESystem.Data.Business.EmailOps.SendEmail(IDbConnection dbConn, List`1 toEmailList, List`1 ccEmailList, List`1 bccEmailList, String Subject, String MessageText, Boolean skipBranchOverrideCC, Nullable`1 OrderRequestId, Nullable`1 EmailTemplateId, Nullable`1 IsAuditing, List`1 Attachments, String BaseURL, Boolean RestrictDomain, Boolean consolidateAttachments, IDbTransaction extTransaction, String loanNumber, Boolean isDraft, MailPriority priority, Boolean IsHTML, Boolean requestReadReceipt, Boolean isSecure, List`1 replyToEmailList, Nullable`1 forwardingEmailId) in C:\Data\FirstMortgage\BitBucket\voesystem\VOEFrontend\VOESystem.Data\Business\EmailOps.cs:line 390
   at VOESystem.Data.Business.EmailOps.sendEmailFromTemplate(IDbConnection dbConn, Email email, Nullable`1 OrderRequestId, String BaseUrl, Boolean RestrictDomain, Nullable`1 IsAuditing, Boolean skipBranchOverrideCC, Boolean consolidateAttachments, IDbTransaction extTransaction, String loanNumber, Boolean IsHTML, Boolean IsVOETeamUser, String UserName) in C:\Data\FirstMortgage\BitBucket\voesystem\VOEFrontend\VOESystem.Data\Business\EmailOps.cs:line 1144
2026-05-27 09:09:59.6767 INFO This order has been APPROVED and new emails are no longer monitored for this VOE.  

Current Employment Status: Current-Active

Please contact VOE@firsthome with the order number -found in the subject line of this email - in order to address your inquiry/concerns.

Sincerely,
First Home Mortgage Verification Team
6211 Greenleigh Avenue, Suite 300, Baltimore MD 21220  

(For questions or concerns on the status of your VOE please check the VOE pipeline at http://aze-app-1v/voesystem/pipeline)



CONFIDENTIALITY NOTICE
The information contained in this electronic message is confidential information intended for the use of the individual or entity named above. If the reader of this message is not the intended recipient, or an employee or agent responsible for delivering this electronic message to the intended recipient, you are hereby notified that any dissemination, or copying of this communication is strictly prohibited. If this message contains non-public personal information about any consumer or customer of the sender or intended recipient, you are further prohibited under penalty of law from using or disclosing the information to any third party by provisions of the federal Gramm-Leach-Bliley Act. If you have received this electronic message in error, please immediately notify us by return email destroy the original message to assure that it is not read, copied, or distributed by others.






Sincerely,
First Home Mortgage Verification Team
6211 Greenleigh Avenue, Suite 300, Baltimore MD 21220  

(For questions or concerns on the status of your VOE please check the VOE pipeline at http://aze-app-1v/voesystem/pipeline)

---------Original Message----------------------
From: dse_NA3@docusign.net
Sent: Wed, May 27, 2026 01:02 AM
To: VOE@firsthome.com
Cc: 
Subject: Voided: Verification of Employment Request Cory Blain Hayes [1083522400-01]

*** This message originated outside the organization ***

________________________________
[https://NA3.docusign.net/Member/Image.aspx?i=logo&l=f90370f1-dc34-44c6-aa08-145552367816]
[https://docucdn-a.akamaihd.net/olive/images/2.98.0/email/iconFileWithX.png]
VOE Team voided Verification of Employment Request Cory Blain Hayes [1083522400-01].
VOE Team
voe@firsthome.com

Verification of Employment Request Cory Blain Hayes [1083522400-01] has been voided for the following reason:
Envelope has expired.

Powered by
[Docusign]

Envelope ID
f88927fa-d1e7-489e-86f9-a774c8f72ba3

Do Not Share This Email


This email contains a secure link to Docusign. Please do not share this email, link, or access code with others.

Copyright © 2026 Docusign, Inc. All rights reserved. 221 Main Street, Suite 1550 San Francisco, CA 94105

This message was sent to you by VOE Team who is using the Docusign Electronic Signature Service. If you would rather not receive email from this sender you may contact the sender with your request.

Contact Us<https://url.usb.m.mimecastprotect.com/s/aAYrC8Xy9BSXGxovh2ivUyd6yE?domain=support.docusign.com>   Terms of Use<https://url.usb.m.mimecastprotect.com/s/YVpWC93z2Lfz0PG3IOsnUqfhlD?domain=docusign.com>   Privacy<https://url.usb.m.mimecastprotect.com/s/i3VOC0An9Xckxl1oIOtBU9PQCQ?domain=docusign.com>   Support<https://url.usb.m.mimecastprotect.com/s/RL2SCg7qkQhq3nM0F7u7U4E7JK?domain=support.docusign.com>  Report Email<https://url.usb.m.mimecastprotect.com/s/XzzsC6Yw0zHPNx5OSpfrU5GmNj?domain=protect.docusign.net>

Download the Docusign App<https://url.usb.m.mimecastprotect.com/s/16N4CjAwnOcYrkW5hjC8UmXEUp?domain=docusign.com>
 
2026-05-27 09:09:59.7147 INFO Email Logged to Database: AAkALgAAAAAAHYQDEapmEc2byACqAC-EWg0A-XGp6OdBg0CxQrF5bBnBPAAHIYJefQAA Voided: Verification of Employment Request Cory Blain Hayes [1083522400-01] 1:02 AM 
2026-05-27 10:01:11.4197 INFO Getting messages for folder voe@firsthome.com: Inbox 
2026-05-27 10:01:14.0477 INFO Getting message voe@firsthome.com: AAkALgAAAAAAHYQDEapmEc2byACqAC-EWg0A-XGp6OdBg0CxQrF5bBnBPAAHIkF2VgAA 
2026-05-27 10:01:14.3498 INFO Getting message HTML voe@firsthome.com: AAkALgAAAAAAHYQDEapmEc2byACqAC-EWg0A-XGp6OdBg0CxQrF5bBnBPAAHIkF2VgAA 
2026-05-27 10:01:14.4158 INFO Getting message voe@firsthome.com: AAkALgAAAAAAHYQDEapmEc2byACqAC-EWg0A-XGp6OdBg0CxQrF5bBnBPAAHIkF2VgAA 
2026-05-27 10:01:37.3843 INFO Email Logged: Drew Speicher, First Home Mortgage would like to verify your income and employment 
2026-05-27 10:01:37.4483 INFO Email Logged to Database: AAkALgAAAAAAHYQDEapmEc2byACqAC-EWg0A-XGp6OdBg0CxQrF5bBnBPAAHIkF2VgAA Drew Speicher, First Home Mortgage would like to verify your income and employment 9:50 AM 
2026-05-27 10:01:37.4777 INFO Getting message voe@firsthome.com: AAkALgAAAAAAHYQDEapmEc2byACqAC-EWg0A-XGp6OdBg0CxQrF5bBnBPAAHIkF2UAAA 
2026-05-27 10:01:37.6387 INFO Getting message HTML voe@firsthome.com: AAkALgAAAAAAHYQDEapmEc2byACqAC-EWg0A-XGp6OdBg0CxQrF5bBnBPAAHIkF2UAAA 
2026-05-27 10:01:37.6683 INFO Getting message voe@firsthome.com: AAkALgAAAAAAHYQDEapmEc2byACqAC-EWg0A-XGp6OdBg0CxQrF5bBnBPAAHIkF2UAAA 
2026-05-27 10:01:37.9760 INFO Email Logged: RE:?[EXTERNAL] Lisa L Fitzgerald VOE - Request for Additional Information [1024525555-01]?- HR-12363743-R1F1G2 
2026-05-27 10:01:38.0322 INFO Email Logged to Database: AAkALgAAAAAAHYQDEapmEc2byACqAC-EWg0A-XGp6OdBg0CxQrF5bBnBPAAHIkF2UAAA RE:?[EXTERNAL] Lisa L Fitzgerald VOE - Request for Additional Information [1024525555-01]?- HR-12363743-R1F1G2 9:48 AM 
2026-05-27 10:01:38.0622 INFO Getting message voe@firsthome.com: AAkALgAAAAAAHYQDEapmEc2byACqAC-EWg0A-XGp6OdBg0CxQrF5bBnBPAAHIkF2RQAA 
2026-05-27 10:01:38.2202 INFO Getting message HTML voe@firsthome.com: AAkALgAAAAAAHYQDEapmEc2byACqAC-EWg0A-XGp6OdBg0CxQrF5bBnBPAAHIkF2RQAA 
2026-05-27 10:01:38.2509 INFO Getting message voe@firsthome.com: AAkALgAAAAAAHYQDEapmEc2byACqAC-EWg0A-XGp6OdBg0CxQrF5bBnBPAAHIkF2RQAA 
2026-05-27 10:01:38.5909 INFO Skipping Attachment - Possible Signature Image: image001.png(8240K) in AAkALgAAAAAAHYQDEapmEc2byACqAC-EWg0A-XGp6OdBg0CxQrF5bBnBPAAHIkF2RQAA 
2026-05-27 10:01:38.6359 INFO Email Logged: RE: Bartees Cox VOE - Request for Additional Information [1010525716-03] 
2026-05-27 10:01:38.6709 INFO Email Logged to Database: AAkALgAAAAAAHYQDEapmEc2byACqAC-EWg0A-XGp6OdBg0CxQrF5bBnBPAAHIkF2RQAA RE: Bartees Cox VOE - Request for Additional Information [1010525716-03] 9:47 AM 
2026-05-27 10:01:38.6990 INFO Getting message voe@firsthome.com: AAkALgAAAAAAHYQDEapmEc2byACqAC-EWg0A-XGp6OdBg0CxQrF5bBnBPAAHIkF2PwAA 
2026-05-27 10:01:38.8534 INFO Getting message HTML voe@firsthome.com: AAkALgAAAAAAHYQDEapmEc2byACqAC-EWg0A-XGp6OdBg0CxQrF5bBnBPAAHIkF2PwAA 
2026-05-27 10:01:38.8821 INFO Getting message voe@firsthome.com: AAkALgAAAAAAHYQDEapmEc2byACqAC-EWg0A-XGp6OdBg0CxQrF5bBnBPAAHIkF2PwAA 
2026-05-27 10:01:39.1857 INFO Skipping Attachment - DisallowedFileType: image in AAkALgAAAAAAHYQDEapmEc2byACqAC-EWg0A-XGp6OdBg0CxQrF5bBnBPAAHIkF2PwAA 
2026-05-27 10:01:39.2387 INFO Email Logged: We've Received Your Request | [EXT]URGENT Re-Verification of Employment [1017522108-05] | HRC2631386 
2026-05-27 10:01:39.2723 INFO Email Logged to Database: AAkALgAAAAAAHYQDEapmEc2byACqAC-EWg0A-XGp6OdBg0CxQrF5bBnBPAAHIkF2PwAA We've Received Your Request | [EXT]URGENT Re-Verification of Employment [1017522108-05] | HRC2631386 9:47 AM 
2026-05-27 10:01:39.3003 INFO Getting message voe@firsthome.com: AAkALgAAAAAAHYQDEapmEc2byACqAC-EWg0A-XGp6OdBg0CxQrF5bBnBPAAHIkF2NwAA 
2026-05-27 10:01:39.4363 INFO Getting message HTML voe@firsthome.com: AAkALgAAAAAAHYQDEapmEc2byACqAC-EWg0A-XGp6OdBg0CxQrF5bBnBPAAHIkF2NwAA 
2026-05-27 10:01:39.4623 INFO Getting message voe@firsthome.com: AAkALgAAAAAAHYQDEapmEc2byACqAC-EWg0A-XGp6OdBg0CxQrF5bBnBPAAHIkF2NwAA 
2026-05-27 10:01:40.1853 INFO Email Not Matched: AAkALgAAAAAAHYQDEapmEc2byACqAC-EWg0A-XGp6OdBg0CxQrF5bBnBPAAHIkF2NwAA RE: MORTGAGE UPDATE: Your Loan Has Been Sent to Processing 9:46 AM 
2026-05-27 10:01:40.2283 INFO Getting message voe@firsthome.com: AAkALgAAAAAAHYQDEapmEc2byACqAC-EWg0A-XGp6OdBg0CxQrF5bBnBPAAHIkF2EgAA 
2026-05-27 10:01:40.3893 INFO Getting message HTML voe@firsthome.com: AAkALgAAAAAAHYQDEapmEc2byACqAC-EWg0A-XGp6OdBg0CxQrF5bBnBPAAHIkF2EgAA 
2026-05-27 10:01:40.4190 INFO Getting message voe@firsthome.com: AAkALgAAAAAAHYQDEapmEc2byACqAC-EWg0A-XGp6OdBg0CxQrF5bBnBPAAHIkF2EgAA 
2026-05-27 10:01:41.2586 ERROR Error Uploading File 7040521842;C:\Temp\VOERepository\Documents\Upload\20260527100141245_7040521842_Wayne Sylvia - VOE 052726.pdf;Wayne Sylvia - VOE 05.27.26.pdf System.IO.DirectoryNotFoundException: Could not find a part of the path 'C:\Temp\VOERepository\Documents\Upload\20260527100141245_7040521842_Wayne Sylvia - VOE 052726.pdf'.
   at System.IO.__Error.WinIOError(Int32 errorCode, String maybeFullPath)
   at System.IO.FileStream.Init(String path, FileMode mode, FileAccess access, Int32 rights, Boolean useRights, FileShare share, Int32 bufferSize, FileOptions options, SECURITY_ATTRIBUTES secAttrs, String msgPath, Boolean bFromProxy, Boolean useLongPath, Boolean checkHost)
   at System.IO.FileStream..ctor(String path, FileMode mode, FileAccess access, FileShare share, Int32 bufferSize, FileOptions options, String msgPath, Boolean bFromProxy, Boolean useLongPath, Boolean checkHost)
   at System.IO.StreamWriter.CreateFile(String path, Boolean append, Boolean checkHost)
   at System.IO.StreamWriter..ctor(String path, Boolean append, Encoding encoding, Int32 bufferSize, Boolean checkHost)
   at System.IO.StreamWriter..ctor(String path, Boolean append)
   at ServiceStack.ServiceHost.FileExtensions.SaveTo(IFile file, String filePath)
   at VOESystem.Data.Business.DocumentOps.uploadFile(IDbConnection dbConn, IFile file, String userName, Nullable`1 OrderRequestId, Nullable`1 EmployerId, DocumentType doctype, Boolean UploadToEncompass, String LoanNumber, String filePathName, Nullable`1 DocumentContentTypeId, String baseUrl) in C:\Data\FirstMortgage\BitBucket\voesystem\VOEFrontend\VOESystem.Data\Business\DocumentOps.cs:line 265
2026-05-27 10:01:41.3576 ERROR Error Uploading Attachment to VOE System: C:\Temp\MailAttachments\AAkALgAAAAAAHYQDEapmEc2byACqACEWg0AXGp6OdBg0CxQrF5bBnBPAAHIkF2EgAAWayne Sylvia  VOE 052726pdf System.Exception: Exception of type 'System.Exception' was thrown.
2026-05-27 10:01:41.4123 INFO Email Logged: URGENT Re-Verification of Employment [7040521842-02] - Wayne Sylvia 
2026-05-27 10:01:41.4453 INFO Email Logged to Database: AAkALgAAAAAAHYQDEapmEc2byACqAC-EWg0A-XGp6OdBg0CxQrF5bBnBPAAHIkF2EgAA URGENT Re-Verification of Employment [7040521842-02] - Wayne Sylvia 9:43 AM 
2026-05-27 10:01:41.4743 INFO Getting message voe@firsthome.com: AAkALgAAAAAAHYQDEapmEc2byACqAC-EWg0A-XGp6OdBg0CxQrF5bBnBPAAHIkFx-gAA 
2026-05-27 10:01:41.6143 INFO Getting message HTML voe@firsthome.com: AAkALgAAAAAAHYQDEapmEc2byACqAC-EWg0A-XGp6OdBg0CxQrF5bBnBPAAHIkFx-gAA 
2026-05-27 10:01:41.6453 INFO Getting message voe@firsthome.com: AAkALgAAAAAAHYQDEapmEc2byACqAC-EWg0A-XGp6OdBg0CxQrF5bBnBPAAHIkFx-gAA 
2026-05-27 10:01:41.9644 INFO Skipping Attachment - Possible Signature Image: image001.jpg(3238K) in AAkALgAAAAAAHYQDEapmEc2byACqAC-EWg0A-XGp6OdBg0CxQrF5bBnBPAAHIkFx-gAA 
2026-05-27 10:01:41.9978 INFO Skipping Attachment - Possible Signature Image: image002.jpg(981K) in AAkALgAAAAAAHYQDEapmEc2byACqAC-EWg0A-XGp6OdBg0CxQrF5bBnBPAAHIkFx-gAA 
2026-05-27 10:01:42.0288 INFO Skipping Attachment - Possible Signature Image: image003.jpg(999K) in AAkALgAAAAAAHYQDEapmEc2byACqAC-EWg0A-XGp6OdBg0CxQrF5bBnBPAAHIkFx-gAA 
2026-05-27 10:01:42.0618 INFO Skipping Attachment - Possible Signature Image: image004.jpg(995K) in AAkALgAAAAAAHYQDEapmEc2byACqAC-EWg0A-XGp6OdBg0CxQrF5bBnBPAAHIkFx-gAA 
2026-05-27 10:01:42.1128 INFO Email Logged: RE: Verification of Employment Request Katie Fields [1014524362-01] 
2026-05-27 10:01:42.1508 INFO Email Logged to Database: AAkALgAAAAAAHYQDEapmEc2byACqAC-EWg0A-XGp6OdBg0CxQrF5bBnBPAAHIkFx-gAA RE: Verification of Employment Request Katie Fields [1014524362-01] 9:36 AM 
2026-05-27 10:01:42.1828 INFO Getting message voe@firsthome.com: AAkALgAAAAAAHYQDEapmEc2byACqAC-EWg0A-XGp6OdBg0CxQrF5bBnBPAAHIkFx9gAA 
2026-05-27 10:01:42.3478 INFO Getting message HTML voe@firsthome.com: AAkALgAAAAAAHYQDEapmEc2byACqAC-EWg0A-XGp6OdBg0CxQrF5bBnBPAAHIkFx9gAA 
2026-05-27 10:01:42.3778 INFO Getting message voe@firsthome.com: AAkALgAAAAAAHYQDEapmEc2byACqAC-EWg0A-XGp6OdBg0CxQrF5bBnBPAAHIkFx9gAA 
2026-05-27 10:02:05.5550 INFO Email Logged: Robert Garrett, First Home Mortgage would like to verify your income and employment 
2026-05-27 10:02:05.5981 INFO Email Logged to Database: AAkALgAAAAAAHYQDEapmEc2byACqAC-EWg0A-XGp6OdBg0CxQrF5bBnBPAAHIkFx9gAA Robert Garrett, First Home Mortgage would like to verify your income and employment 9:35 AM 
2026-05-27 10:02:05.6242 INFO Getting message voe@firsthome.com: AAkALgAAAAAAHYQDEapmEc2byACqAC-EWg0A-XGp6OdBg0CxQrF5bBnBPAAHIkFx8gAA 
2026-05-27 10:02:05.7808 INFO Getting message HTML voe@firsthome.com: AAkALgAAAAAAHYQDEapmEc2byACqAC-EWg0A-XGp6OdBg0CxQrF5bBnBPAAHIkFx8gAA 
2026-05-27 10:02:05.8074 INFO Getting message voe@firsthome.com: AAkALgAAAAAAHYQDEapmEc2byACqAC-EWg0A-XGp6OdBg0CxQrF5bBnBPAAHIkFx8gAA 
2026-05-27 10:03:46.1147 ERROR Error making web redirect request: https://url.usb.m.mimecastprotect.com/s/7-MAC0An9Xckx6XpuWsBU9MdjS?domain=url4970.truv.com System.Net.WebException: The operation has timed out
   at System.Net.HttpWebRequest.GetResponse()
   at VOESystem.Data.Business.BusinessBase.getWebRequestRedirect(String URL) in C:\Data\FirstMortgage\BitBucket\voesystem\VOEFrontend\VOESystem.Data\Business\BusinessBase.cs:line 607
2026-05-27 10:03:46.1807 INFO Retrying Redirect URL: The operation has timed out 
2026-05-27 10:05:26.2241 ERROR Error making web redirect request: https://url.usb.m.mimecastprotect.com/s/7-MAC0An9Xckx6XpuWsBU9MdjS?domain=url4970.truv.com System.Net.WebException: The operation has timed out
   at System.Net.HttpWebRequest.GetResponse()
   at VOESystem.Data.Business.BusinessBase.getWebRequestRedirect(String URL) in C:\Data\FirstMortgage\BitBucket\voesystem\VOEFrontend\VOESystem.Data\Business\BusinessBase.cs:line 607
2026-05-27 10:05:26.2778 INFO Retrying Redirect URL: The operation has timed out 
2026-05-27 10:07:06.3261 ERROR Error making web redirect request: https://url.usb.m.mimecastprotect.com/s/7-MAC0An9Xckx6XpuWsBU9MdjS?domain=url4970.truv.com System.Net.WebException: The operation has timed out
   at System.Net.HttpWebRequest.GetResponse()
   at VOESystem.Data.Business.BusinessBase.getWebRequestRedirect(String URL) in C:\Data\FirstMortgage\BitBucket\voesystem\VOEFrontend\VOESystem.Data\Business\BusinessBase.cs:line 607
2026-05-27 10:07:06.3771 INFO Retrying Redirect URL: The operation has timed out 
2026-05-27 10:07:06.4171 ERROR Error Importing Email: AAkALgAAAAAAHYQDEapmEc2byACqAC-EWg0A-XGp6OdBg0CxQrF5bBnBPAAHIkFx8gAA Cathleen Flynn, First Home Mortgage would like to verify your income and employment 9:35 AM System.Exception: Truv Redirect Order URL Not Found
   at VOEBackend.Email.BaseClass.getOrderRequestFromTruvRedirect(IDbConnection dbConn, String emailBody) in T:\Griffin\SVNDev\VOESystem\VOEBackend\VOEBackend.Email\BaseClass.cs:line 298
   at VOEBackend.Email.EmailOps.insertMail(IMailMessage msg) in T:\Griffin\SVNDev\VOESystem\VOEBackend\VOEBackend.Email\EmailOps.cs:line 73
2026-05-27 10:07:06.4785 INFO Getting message voe@firsthome.com: AAkALgAAAAAAHYQDEapmEc2byACqAC-EWg0A-XGp6OdBg0CxQrF5bBnBPAAHIkFx7gAA 
2026-05-27 10:07:06.6184 INFO Getting message HTML voe@firsthome.com: AAkALgAAAAAAHYQDEapmEc2byACqAC-EWg0A-XGp6OdBg0CxQrF5bBnBPAAHIkFx7gAA 
2026-05-27 10:07:06.6504 INFO Getting message voe@firsthome.com: AAkALgAAAAAAHYQDEapmEc2byACqAC-EWg0A-XGp6OdBg0CxQrF5bBnBPAAHIkFx7gAA 
2026-05-27 10:08:46.9374 ERROR Error making web redirect request: https://url.usb.m.mimecastprotect.com/s/QY1_C4Wr9YfzVL2LsWs7U49RHZ?domain=url4970.truv.com System.Net.WebException: The operation has timed out
   at System.Net.HttpWebRequest.GetResponse()
   at VOESystem.Data.Business.BusinessBase.getWebRequestRedirect(String URL) in C:\Data\FirstMortgage\BitBucket\voesystem\VOEFrontend\VOESystem.Data\Business\BusinessBase.cs:line 607
2026-05-27 10:08:46.9900 INFO Retrying Redirect URL: The operation has timed out 
2026-05-27 10:10:27.0358 ERROR Error making web redirect request: https://url.usb.m.mimecastprotect.com/s/QY1_C4Wr9YfzVL2LsWs7U49RHZ?domain=url4970.truv.com System.Net.WebException: The operation has timed out
   at System.Net.HttpWebRequest.GetResponse()
   at VOESystem.Data.Business.BusinessBase.getWebRequestRedirect(String URL) in C:\Data\FirstMortgage\BitBucket\voesystem\VOEFrontend\VOESystem.Data\Business\BusinessBase.cs:line 607
2026-05-27 10:10:27.1483 INFO Retrying Redirect URL: The operation has timed out 
2026-05-27 10:12:07.2100 ERROR Error making web redirect request: https://url.usb.m.mimecastprotect.com/s/QY1_C4Wr9YfzVL2LsWs7U49RHZ?domain=url4970.truv.com System.Net.WebException: The operation has timed out
   at System.Net.HttpWebRequest.GetResponse()
   at VOESystem.Data.Business.BusinessBase.getWebRequestRedirect(String URL) in C:\Data\FirstMortgage\BitBucket\voesystem\VOEFrontend\VOESystem.Data\Business\BusinessBase.cs:line 607
2026-05-27 10:12:07.3706 INFO Retrying Redirect URL: The operation has timed out 
2026-05-27 10:12:07.4306 ERROR Error Importing Email: AAkALgAAAAAAHYQDEapmEc2byACqAC-EWg0A-XGp6OdBg0CxQrF5bBnBPAAHIkFx7gAA David J Touchette, First Home Mortgage would like to verify your income and employment 9:35 AM System.Exception: Truv Redirect Order URL Not Found
   at VOEBackend.Email.BaseClass.getOrderRequestFromTruvRedirect(IDbConnection dbConn, String emailBody) in T:\Griffin\SVNDev\VOESystem\VOEBackend\VOEBackend.Email\BaseClass.cs:line 298
   at VOEBackend.Email.EmailOps.insertMail(IMailMessage msg) in T:\Griffin\SVNDev\VOESystem\VOEBackend\VOEBackend.Email\EmailOps.cs:line 73
2026-05-27 10:12:07.4806 INFO Getting message voe@firsthome.com: AAkALgAAAAAAHYQDEapmEc2byACqAC-EWg0A-XGp6OdBg0CxQrF5bBnBPAAHIkFxwwAA 
2026-05-27 10:12:07.6846 INFO Getting message HTML voe@firsthome.com: AAkALgAAAAAAHYQDEapmEc2byACqAC-EWg0A-XGp6OdBg0CxQrF5bBnBPAAHIkFxwwAA 
2026-05-27 10:12:07.7292 INFO Getting message voe@firsthome.com: AAkALgAAAAAAHYQDEapmEc2byACqAC-EWg0A-XGp6OdBg0CxQrF5bBnBPAAHIkFxwwAA 
2026-05-27 10:12:08.0332 INFO Skipping Attachment - DisallowedFileType: image001.gif in AAkALgAAAAAAHYQDEapmEc2byACqAC-EWg0A-XGp6OdBg0CxQrF5bBnBPAAHIkFxwwAA 
2026-05-27 10:12:08.0892 INFO Email Logged: RE: Daniel Andrew Crump VOE - Request for Additional Information [1010521208-04] 
2026-05-27 10:12:08.1292 INFO Email Logged to Database: AAkALgAAAAAAHYQDEapmEc2byACqAC-EWg0A-XGp6OdBg0CxQrF5bBnBPAAHIkFxwwAA RE: Daniel Andrew Crump VOE - Request for Additional Information [1010521208-04] 9:33 AM 
2026-05-27 10:12:08.1612 INFO Getting message voe@firsthome.com: AAkALgAAAAAAHYQDEapmEc2byACqAC-EWg0A-XGp6OdBg0CxQrF5bBnBPAAHIkFxuwAA 
2026-05-27 10:12:08.3292 INFO Getting message HTML voe@firsthome.com: AAkALgAAAAAAHYQDEapmEc2byACqAC-EWg0A-XGp6OdBg0CxQrF5bBnBPAAHIkFxuwAA 
2026-05-27 10:12:08.3652 INFO Getting message voe@firsthome.com: AAkALgAAAAAAHYQDEapmEc2byACqAC-EWg0A-XGp6OdBg0CxQrF5bBnBPAAHIkFxuwAA 
2026-05-27 10:12:08.6968 INFO Email Logged: Automatic reply: EMPLOYMENT TERMINATED (Non-final VOE) [1083520299-04] 
2026-05-27 10:12:09.2433 TRACE {"__type":"FHMC.Graph.Email+MailMessage, FHMC.Graph","Subject":"REPLY ERROR - 1083520299-04 Automatic reply: EMPLOYMENT TERMINATED (Non-final VOE) [1083520299-04]","ReceivedDateTime":"\/Date(-62135596800000-0000)\/","Attachments":[],"Body":"This order has been APPROVED and new emails are no longer monitored for this VOE.  \n\nCurrent Employment Status: Terminated\n\nPlease contact VOE@firsthome with the order number -found in the subject line of this email - in order to address your inquiry/concerns.\r\n\r\nSincerely,\r\nFirst Home Mortgage Verification Team\r\n6211 Greenleigh Avenue, Suite 300, Baltimore MD 21220  \r\n\r\n(For questions or concerns on the status of your VOE please check the VOE pipeline at http://aze-app-1v/voesystem/pipeline)\r\n\r\n\r\n\r\nCONFIDENTIALITY NOTICE\r\nThe information contained in this electronic message is confidential information intended for the use of the individual or entity named above. If the reader of this message is not the intended recipient, or an employee or agent responsible for delivering this electronic message to the intended recipient, you are hereby notified that any dissemination, or copying of this communication is strictly prohibited. If this message contains non-public personal information about any consumer or customer of the sender or intended recipient, you are further prohibited under penalty of law from using or disclosing the information to any third party by provisions of the federal Gramm-Leach-Bliley Act. If you have received this electronic message in error, please immediately notify us by return email destroy the original message to assure that it is not read, copied, or distributed by others.\r\n\r\n\n\n\n\r\n\r\nSincerely,\r\nFirst Home Mortgage Verification Team\r\n6211 Greenleigh Avenue, Suite 300, Baltimore MD 21220  \r\n\r\n(For questions or concerns on the status of your VOE please check the VOE pipeline at http://aze-app-1v/voesystem/pipeline)\n\n---------Original Message----------------------\nFrom: TSisson@firsthome.com\nSent: Wed, May 27, 2026 09:31 AM\nTo: VOE@firsthome.com\nCc: \nSubject: Automatic reply: EMPLOYMENT TERMINATED (Non-final VOE) [1083520299-04]\n\nHello! I am currently out of town, returning Monday June 1st. For a faster response, please send me a text at 443-624-0235\r\n","IsBodyHTML":false,"CustomSendHeaders":{"X-Message-ID":"<3d09fab1-876d-4053-80a0-6cd4ea65fea7@HQExc4V.firsthomemtg.com>"},"IsReadReceiptRequested":false,"ToRecipients":[{"__type":"FHMC.Graph.Email+MailRecipient, FHMC.Graph","EmailAddress":"TSisson@firsthome.com"}],"CcRecipients":[],"BccRecipients":[],"ReplyToList":[]} 
2026-05-27 10:12:10.0669 TRACE {"Id":null,"Subject":"REPLY ERROR - 1083520299-04 Automatic reply: EMPLOYMENT TERMINATED (Non-final VOE) [1083520299-04]","ReceivedDateTime":"0001-01-01T00:00:00","Attachments":[],"Body":"This order has been APPROVED and new emails are no longer monitored for this VOE.  \n\nCurrent Employment Status: Terminated\n\nPlease contact VOE@firsthome with the order number -found in the subject line of this email - in order to address your inquiry/concerns.\r\n\r\nSincerely,\r\nFirst Home Mortgage Verification Team\r\n6211 Greenleigh Avenue, Suite 300, Baltimore MD 21220  \r\n\r\n(For questions or concerns on the status of your VOE please check the VOE pipeline at http://aze-app-1v/voesystem/pipeline)\r\n\r\n\r\n\r\nCONFIDENTIALITY NOTICE\r\nThe information contained in this electronic message is confidential information intended for the use of the individual or entity named above. If the reader of this message is not the intended recipient, or an employee or agent responsible for delivering this electronic message to the intended recipient, you are hereby notified that any dissemination, or copying of this communication is strictly prohibited. If this message contains non-public personal information about any consumer or customer of the sender or intended recipient, you are further prohibited under penalty of law from using or disclosing the information to any third party by provisions of the federal Gramm-Leach-Bliley Act. If you have received this electronic message in error, please immediately notify us by return email destroy the original message to assure that it is not read, copied, or distributed by others.\r\n\r\n\n\n\n\r\n\r\nSincerely,\r\nFirst Home Mortgage Verification Team\r\n6211 Greenleigh Avenue, Suite 300, Baltimore MD 21220  \r\n\r\n(For questions or concerns on the status of your VOE please check the VOE pipeline at http://aze-app-1v/voesystem/pipeline)\n\n---------Original Message----------------------\nFrom: TSisson@firsthome.com\nSent: Wed, May 27, 2026 09:31 AM\nTo: VOE@firsthome.com\nCc: \nSubject: Automatic reply: EMPLOYMENT TERMINATED (Non-final VOE) [1083520299-04]\n\nHello! I am currently out of town, returning Monday June 1st. For a faster response, please send me a text at 443-624-0235\r\n","IsBodyHTML":false,"BodyHTML":null,"SenderEmailAddress":null,"SenderEmailName":null,"RawReceiptHeaders":null,"CustomSendHeaders":{"X-Message-ID":"<3d09fab1-876d-4053-80a0-6cd4ea65fea7@HQExc4V.firsthomemtg.com>"},"IsReadReceiptRequested":false,"Importance":null,"ToRecipients":[{"EmailAddress":"TSisson@firsthome.com"}],"CcRecipients":[],"BccRecipients":[],"ReplyToList":[]} 
2026-05-27 10:12:10.4819 INFO Sending MIME message for voe@firsthome.com: REPLY ERROR - 1083520299-04 Automatic reply: EMPLOYMENT TERMINATED (Non-final VOE) [1083520299-04] 
2026-05-27 10:12:11.3100 TRACE From: "voe@firsthome.com" <voe@firsthome.com>
Date: Wed, 27 May 2026 10:12:11 -0400
Subject: REPLY ERROR - 1083520299-04 Automatic reply: EMPLOYMENT TERMINATED
 (Non-final VOE) [1083520299-04]
Message-Id: <UOZK81UHDTU4.8DAV7T9IKJO13@aze-dev-1v>
To: "TSisson@firsthome.com" <TSisson@firsthome.com>
X-Message-ID: <3d09fab1-876d-4053-80a0-6cd4ea65fea7@HQExc4V.firsthomemtg.com>
MIME-Version: 1.0
Content-Type: multipart/alternative; boundary="=-l0xccBhsdmr+18ZlvV/2YA=="

--=-l0xccBhsdmr+18ZlvV/2YA==
Content-Type: text/plain; charset=utf-8

This order has been APPROVED and new emails are no longer monitored for this VOE.  

Current Employment Status: Terminated

Please contact VOE@firsthome with the order number -found in the subject line of this email - in order to address your inquiry/concerns.

Sincerely,
First Home Mortgage Verification Team
6211 Greenleigh Avenue, Suite 300, Baltimore MD 21220  

(For questions or concerns on the status of your VOE please check the VOE pipeline at http://aze-app-1v/voesystem/pipeline)



CONFIDENTIALITY NOTICE
The information contained in this electronic message is confidential information intended for the use of the individual or entity named above. If the reader of this message is not the intended recipient, or an employee or agent responsible for delivering this electronic message to the intended recipient, you are hereby notified that any dissemination, or copying of this communication is strictly prohibited. If this message contains non-public personal information about any consumer or customer of the sender or intended recipient, you are further prohibited under penalty of law from using or disclosing the information to any third party by provisions of the federal Gramm-Leach-Bliley Act. If you have received this electronic message in error, please immediately notify us by return email destroy the original message to assure that it is not read, copied, or distributed by others.






Sincerely,
First Home Mortgage Verification Team
6211 Greenleigh Avenue, Suite 300, Baltimore MD 21220  

(For questions or concerns on the status of your VOE please check the VOE pipeline at http://aze-app-1v/voesystem/pipeline)

---------Original Message----------------------
From: TSisson@firsthome.com
Sent: Wed, May 27, 2026 09:31 AM
To: VOE@firsthome.com
Cc: 
Subject: Automatic reply: EMPLOYMENT TERMINATED (Non-final VOE) [1083520299-04]

Hello! I am currently out of town, returning Monday June 1st. For a faster response, please send me a text at 443-624-0235

--=-l0xccBhsdmr+18ZlvV/2YA==--
 
2026-05-27 10:12:11.5561 INFO Email Sent - Subject: REPLY ERROR - 1083520299-04 Automatic reply: EMPLOYMENT TERMINATED (Non-final VOE) [1083520299-04] 
2026-05-27 10:12:11.5891 INFO Email Notification Sent: REPLY ERROR - 1083520299-04 Automatic reply: EMPLOYMENT TERMINATED (Non-final VOE) [1083520299-04] 
2026-05-27 10:12:11.6211 INFO This order has been APPROVED and new emails are no longer monitored for this VOE.  

Current Employment Status: Terminated

Please contact VOE@firsthome with the order number -found in the subject line of this email - in order to address your inquiry/concerns.

Sincerely,
First Home Mortgage Verification Team
6211 Greenleigh Avenue, Suite 300, Baltimore MD 21220  

(For questions or concerns on the status of your VOE please check the VOE pipeline at http://aze-app-1v/voesystem/pipeline)



CONFIDENTIALITY NOTICE
The information contained in this electronic message is confidential information intended for the use of the individual or entity named above. If the reader of this message is not the intended recipient, or an employee or agent responsible for delivering this electronic message to the intended recipient, you are hereby notified that any dissemination, or copying of this communication is strictly prohibited. If this message contains non-public personal information about any consumer or customer of the sender or intended recipient, you are further prohibited under penalty of law from using or disclosing the information to any third party by provisions of the federal Gramm-Leach-Bliley Act. If you have received this electronic message in error, please immediately notify us by return email destroy the original message to assure that it is not read, copied, or distributed by others.






Sincerely,
First Home Mortgage Verification Team
6211 Greenleigh Avenue, Suite 300, Baltimore MD 21220  

(For questions or concerns on the status of your VOE please check the VOE pipeline at http://aze-app-1v/voesystem/pipeline)

---------Original Message----------------------
From: TSisson@firsthome.com
Sent: Wed, May 27, 2026 09:31 AM
To: VOE@firsthome.com
Cc: 
Subject: Automatic reply: EMPLOYMENT TERMINATED (Non-final VOE) [1083520299-04]

Hello! I am currently out of town, returning Monday June 1st. For a faster response, please send me a text at 443-624-0235
 
2026-05-27 10:12:11.6640 INFO Email Logged: REPLY ERROR - 1083520299-04 Automatic reply: EMPLOYMENT TERMINATED (Non-final VOE) [1083520299-04] 
2026-05-27 10:12:11.7046 INFO Email Logged to Database: AAkALgAAAAAAHYQDEapmEc2byACqAC-EWg0A-XGp6OdBg0CxQrF5bBnBPAAHIkFxuwAA Automatic reply: EMPLOYMENT TERMINATED (Non-final VOE) [1083520299-04] 9:31 AM 
2026-05-27 10:12:11.7331 INFO Getting message voe@firsthome.com: AAkALgAAAAAAHYQDEapmEc2byACqAC-EWg0A-XGp6OdBg0CxQrF5bBnBPAAHIkFxfAAA 
2026-05-27 10:12:11.9036 INFO Getting message HTML voe@firsthome.com: AAkALgAAAAAAHYQDEapmEc2byACqAC-EWg0A-XGp6OdBg0CxQrF5bBnBPAAHIkFxfAAA 
2026-05-27 10:12:11.9306 INFO Getting message voe@firsthome.com: AAkALgAAAAAAHYQDEapmEc2byACqAC-EWg0A-XGp6OdBg0CxQrF5bBnBPAAHIkFxfAAA 
2026-05-27 10:12:12.4253 INFO Skipping Attachment - DisallowedFileType: image001.png in AAkALgAAAAAAHYQDEapmEc2byACqAC-EWg0A-XGp6OdBg0CxQrF5bBnBPAAHIkFxfAAA 
2026-05-27 10:12:12.5993 ERROR Error Uploading File 1047525039;C:\Temp\VOERepository\Documents\Upload\20260527101212599_1047525039_image002.jpg;image002.jpg System.IO.DirectoryNotFoundException: Could not find a part of the path 'C:\Temp\VOERepository\Documents\Upload\20260527101212599_1047525039_image002.jpg'.
   at System.IO.__Error.WinIOError(Int32 errorCode, String maybeFullPath)
   at System.IO.FileStream.Init(String path, FileMode mode, FileAccess access, Int32 rights, Boolean useRights, FileShare share, Int32 bufferSize, FileOptions options, SECURITY_ATTRIBUTES secAttrs, String msgPath, Boolean bFromProxy, Boolean useLongPath, Boolean checkHost)
   at System.IO.FileStream..ctor(String path, FileMode mode, FileAccess access, FileShare share, Int32 bufferSize, FileOptions options, String msgPath, Boolean bFromProxy, Boolean useLongPath, Boolean checkHost)
   at System.IO.StreamWriter.CreateFile(String path, Boolean append, Boolean checkHost)
   at System.IO.StreamWriter..ctor(String path, Boolean append, Encoding encoding, Int32 bufferSize, Boolean checkHost)
   at System.IO.StreamWriter..ctor(String path, Boolean append)
   at ServiceStack.ServiceHost.FileExtensions.SaveTo(IFile file, String filePath)
   at VOESystem.Data.Business.DocumentOps.uploadFile(IDbConnection dbConn, IFile file, String userName, Nullable`1 OrderRequestId, Nullable`1 EmployerId, DocumentType doctype, Boolean UploadToEncompass, String LoanNumber, String filePathName, Nullable`1 DocumentContentTypeId, String baseUrl) in C:\Data\FirstMortgage\BitBucket\voesystem\VOEFrontend\VOESystem.Data\Business\DocumentOps.cs:line 265
2026-05-27 10:12:12.6273 ERROR Error Uploading Attachment to VOE System: C:\Temp\MailAttachments\AAkALgAAAAAAHYQDEapmEc2byACqACEWg0AXGp6OdBg0CxQrF5bBnBPAAHIkFxfAAAimage002jpg System.Exception: Exception of type 'System.Exception' was thrown.
2026-05-27 10:12:12.6813 ERROR Error Uploading File 1047525039;C:\Temp\VOERepository\Documents\Upload\20260527101212681_1047525039_Verification of Employment Savannah Poling 05262026.pdf;Verification of Employment Savannah Poling 05262026.pdf System.IO.DirectoryNotFoundException: Could not find a part of the path 'C:\Temp\VOERepository\Documents\Upload\20260527101212681_1047525039_Verification of Employment Savannah Poling 05262026.pdf'.
   at System.IO.__Error.WinIOError(Int32 errorCode, String maybeFullPath)
   at System.IO.FileStream.Init(String path, FileMode mode, FileAccess access, Int32 rights, Boolean useRights, FileShare share, Int32 bufferSize, FileOptions options, SECURITY_ATTRIBUTES secAttrs, String msgPath, Boolean bFromProxy, Boolean useLongPath, Boolean checkHost)
   at System.IO.FileStream..ctor(String path, FileMode mode, FileAccess access, FileShare share, Int32 bufferSize, FileOptions options, String msgPath, Boolean bFromProxy, Boolean useLongPath, Boolean checkHost)
   at System.IO.StreamWriter.CreateFile(String path, Boolean append, Boolean checkHost)
   at System.IO.StreamWriter..ctor(String path, Boolean append, Encoding encoding, Int32 bufferSize, Boolean checkHost)
   at System.IO.StreamWriter..ctor(String path, Boolean append)
   at ServiceStack.ServiceHost.FileExtensions.SaveTo(IFile file, String filePath)
   at VOESystem.Data.Business.DocumentOps.uploadFile(IDbConnection dbConn, IFile file, String userName, Nullable`1 OrderRequestId, Nullable`1 EmployerId, DocumentType doctype, Boolean UploadToEncompass, String LoanNumber, String filePathName, Nullable`1 DocumentContentTypeId, String baseUrl) in C:\Data\FirstMortgage\BitBucket\voesystem\VOEFrontend\VOESystem.Data\Business\DocumentOps.cs:line 265
2026-05-27 10:12:12.7095 ERROR Error Uploading Attachment to VOE System: C:\Temp\MailAttachments\AAkALgAAAAAAHYQDEapmEc2byACqACEWg0AXGp6OdBg0CxQrF5bBnBPAAHIkFxfAAAVerification of Employment Savannah Poling 05262026pdf System.Exception: Exception of type 'System.Exception' was thrown.
2026-05-27 10:12:12.7555 INFO Email Logged: RE: [External] Verification of Employment Request Savannah L Poling [1047525039-01] 
2026-05-27 10:12:12.7945 INFO Email Logged to Database: AAkALgAAAAAAHYQDEapmEc2byACqAC-EWg0A-XGp6OdBg0CxQrF5bBnBPAAHIkFxfAAA RE: [External] Verification of Employment Request Savannah L Poling [1047525039-01] 9:22 AM 
2026-05-27 10:12:12.8215 INFO Getting message voe@firsthome.com: AAkALgAAAAAAHYQDEapmEc2byACqAC-EWg0A-XGp6OdBg0CxQrF5bBnBPAAHIkFxbgAA 
2026-05-27 10:12:12.9899 INFO Getting message HTML voe@firsthome.com: AAkALgAAAAAAHYQDEapmEc2byACqAC-EWg0A-XGp6OdBg0CxQrF5bBnBPAAHIkFxbgAA 
2026-05-27 10:12:13.0171 INFO Getting message voe@firsthome.com: AAkALgAAAAAAHYQDEapmEc2byACqAC-EWg0A-XGp6OdBg0CxQrF5bBnBPAAHIkFxbgAA 
2026-05-27 10:13:53.5135 ERROR Error making web redirect request: https://url.usb.m.mimecastprotect.com/s/eSLbCEKgP6Fl7RK0fPsxU7H05r?domain=url4970.truv.com System.Net.WebException: The operation has timed out
   at System.Net.HttpWebRequest.GetResponse()
   at VOESystem.Data.Business.BusinessBase.getWebRequestRedirect(String URL) in C:\Data\FirstMortgage\BitBucket\voesystem\VOEFrontend\VOESystem.Data\Business\BusinessBase.cs:line 607
2026-05-27 10:13:53.5695 INFO Retrying Redirect URL: The operation has timed out 
2026-05-27 10:15:33.6218 ERROR Error making web redirect request: https://url.usb.m.mimecastprotect.com/s/eSLbCEKgP6Fl7RK0fPsxU7H05r?domain=url4970.truv.com System.Net.WebException: The operation has timed out
   at System.Net.HttpWebRequest.GetResponse()
   at VOESystem.Data.Business.BusinessBase.getWebRequestRedirect(String URL) in C:\Data\FirstMortgage\BitBucket\voesystem\VOEFrontend\VOESystem.Data\Business\BusinessBase.cs:line 607
2026-05-27 10:15:33.6801 INFO Retrying Redirect URL: The operation has timed out 
2026-05-27 10:17:13.7393 ERROR Error making web redirect request: https://url.usb.m.mimecastprotect.com/s/eSLbCEKgP6Fl7RK0fPsxU7H05r?domain=url4970.truv.com System.Net.WebException: The operation has timed out
   at System.Net.HttpWebRequest.GetResponse()
   at VOESystem.Data.Business.BusinessBase.getWebRequestRedirect(String URL) in C:\Data\FirstMortgage\BitBucket\voesystem\VOEFrontend\VOESystem.Data\Business\BusinessBase.cs:line 607
2026-05-27 10:17:13.7933 INFO Retrying Redirect URL: The operation has timed out 
2026-05-27 10:17:13.8333 ERROR Error Importing Email: AAkALgAAAAAAHYQDEapmEc2byACqAC-EWg0A-XGp6OdBg0CxQrF5bBnBPAAHIkFxbgAA Edwina Rego, First Home Mortgage would like to verify your income and employment 9:20 AM System.Exception: Truv Redirect Order URL Not Found
   at VOEBackend.Email.BaseClass.getOrderRequestFromTruvRedirect(IDbConnection dbConn, String emailBody) in T:\Griffin\SVNDev\VOESystem\VOEBackend\VOEBackend.Email\BaseClass.cs:line 298
   at VOEBackend.Email.EmailOps.insertMail(IMailMessage msg) in T:\Griffin\SVNDev\VOESystem\VOEBackend\VOEBackend.Email\EmailOps.cs:line 73
2026-05-27 10:17:13.8843 INFO Getting message voe@firsthome.com: AAkALgAAAAAAHYQDEapmEc2byACqAC-EWg0A-XGp6OdBg0CxQrF5bBnBPAAHIkFxawAA 
2026-05-27 10:17:14.0529 INFO Getting message HTML voe@firsthome.com: AAkALgAAAAAAHYQDEapmEc2byACqAC-EWg0A-XGp6OdBg0CxQrF5bBnBPAAHIkFxawAA 
2026-05-27 10:17:14.0809 INFO Getting message voe@firsthome.com: AAkALgAAAAAAHYQDEapmEc2byACqAC-EWg0A-XGp6OdBg0CxQrF5bBnBPAAHIkFxawAA 
2026-05-27 10:17:14.3924 INFO Email Logged: Revision Request Received [1017520067-02] 
2026-05-27 10:17:14.8841 ERROR Error Sending Email System.Exception: No Valid Email Recipients Specified
   at VOESystem.Data.Business.EmailOps.SendEmail(IDbConnection dbConn, List`1 toEmailList, List`1 ccEmailList, List`1 bccEmailList, String Subject, String MessageText, Boolean skipBranchOverrideCC, Nullable`1 OrderRequestId, Nullable`1 EmailTemplateId, Nullable`1 IsAuditing, List`1 Attachments, String BaseURL, Boolean RestrictDomain, Boolean consolidateAttachments, IDbTransaction extTransaction, String loanNumber, Boolean isDraft, MailPriority priority, Boolean IsHTML, Boolean requestReadReceipt, Boolean isSecure, List`1 replyToEmailList, Nullable`1 forwardingEmailId) in C:\Data\FirstMortgage\BitBucket\voesystem\VOEFrontend\VOESystem.Data\Business\EmailOps.cs:line 198
2026-05-27 10:17:14.9211 INFO This order has been APPROVED and new emails are no longer monitored for this VOE.  

Current Employment Status: Current-Active

Please contact VOE@firsthome with the order number -found in the subject line of this email - in order to address your inquiry/concerns.

Sincerely,
First Home Mortgage Verification Team
6211 Greenleigh Avenue, Suite 300, Baltimore MD 21220  

(For questions or concerns on the status of your VOE please check the VOE pipeline at http://aze-app-1v/voesystem/pipeline)



CONFIDENTIALITY NOTICE
The information contained in this electronic message is confidential information intended for the use of the individual or entity named above. If the reader of this message is not the intended recipient, or an employee or agent responsible for delivering this electronic message to the intended recipient, you are hereby notified that any dissemination, or copying of this communication is strictly prohibited. If this message contains non-public personal information about any consumer or customer of the sender or intended recipient, you are further prohibited under penalty of law from using or disclosing the information to any third party by provisions of the federal Gramm-Leach-Bliley Act. If you have received this electronic message in error, please immediately notify us by return email destroy the original message to assure that it is not read, copied, or distributed by others.






Sincerely,
First Home Mortgage Verification Team
6211 Greenleigh Avenue, Suite 300, Baltimore MD 21220  

(For questions or concerns on the status of your VOE please check the VOE pipeline at http://aze-app-1v/voesystem/pipeline)

---------Original Message----------------------
From: VOE@firsthome.com
Sent: Wed, May 27, 2026 09:18 AM
To: VOE@firsthome.com
Cc: 
Subject: Revision Request Received [1017520067-02]

The following fields were updated:

Field   Old Value       New Value
BorrowerFullName        Mary Patricia Smith     Mary Pat Smith
RequestNote             Confirm the # of payperiods in a year (or frequency of pay).
DataCorrectionReason            Additional Information Requested


Sincerely,
First Home Mortgage Verification Team
6211 Greenleigh Avenue, Suite 300, Baltimore MD 21220

(For questions or concerns on the status of your VOE please check the VOE pipeline at http://aze-app-1v/voesystem/pipeline)



CONFIDENTIALITY NOTICE
The information contained in this electronic message is confidential information intended for the use of the individual or entity named above. If the reader of this message is not the intended recipient, or an employee or agent responsible for delivering this electronic message to the intended recipient, you are hereby notified that any dissemination, or copying of this communication is strictly prohibited. If this message contains non-public personal information about any consumer or customer of the sender or intended recipient, you are further prohibited under penalty of law from using or disclosing the information to any third party by provisions of the federal Gramm-Leach-Bliley Act. If you have received this electronic message in error, please immediately notify us by return email destroy the original message to assure that it is not read, copied, or distributed by others.
 
2026-05-27 10:17:14.9571 ERROR Error Sending Email System.Exception: No Valid Email Recipients Specified
   at VOESystem.Data.Business.EmailOps.SendEmail(IDbConnection dbConn, List`1 toEmailList, List`1 ccEmailList, List`1 bccEmailList, String Subject, String MessageText, Boolean skipBranchOverrideCC, Nullable`1 OrderRequestId, Nullable`1 EmailTemplateId, Nullable`1 IsAuditing, List`1 Attachments, String BaseURL, Boolean RestrictDomain, Boolean consolidateAttachments, IDbTransaction extTransaction, String loanNumber, Boolean isDraft, MailPriority priority, Boolean IsHTML, Boolean requestReadReceipt, Boolean isSecure, List`1 replyToEmailList, Nullable`1 forwardingEmailId) in C:\Data\FirstMortgage\BitBucket\voesystem\VOEFrontend\VOESystem.Data\Business\EmailOps.cs:line 390
   at VOESystem.Data.Business.EmailOps.sendEmailFromTemplate(IDbConnection dbConn, Email email, Nullable`1 OrderRequestId, String BaseUrl, Boolean RestrictDomain, Nullable`1 IsAuditing, Boolean skipBranchOverrideCC, Boolean consolidateAttachments, IDbTransaction extTransaction, String loanNumber, Boolean IsHTML, Boolean IsVOETeamUser, String UserName) in C:\Data\FirstMortgage\BitBucket\voesystem\VOEFrontend\VOESystem.Data\Business\EmailOps.cs:line 1144
2026-05-27 10:17:14.9936 INFO This order has been APPROVED and new emails are no longer monitored for this VOE.  

Current Employment Status: Current-Active

Please contact VOE@firsthome with the order number -found in the subject line of this email - in order to address your inquiry/concerns.

Sincerely,
First Home Mortgage Verification Team
6211 Greenleigh Avenue, Suite 300, Baltimore MD 21220  

(For questions or concerns on the status of your VOE please check the VOE pipeline at http://aze-app-1v/voesystem/pipeline)



CONFIDENTIALITY NOTICE
The information contained in this electronic message is confidential information intended for the use of the individual or entity named above. If the reader of this message is not the intended recipient, or an employee or agent responsible for delivering this electronic message to the intended recipient, you are hereby notified that any dissemination, or copying of this communication is strictly prohibited. If this message contains non-public personal information about any consumer or customer of the sender or intended recipient, you are further prohibited under penalty of law from using or disclosing the information to any third party by provisions of the federal Gramm-Leach-Bliley Act. If you have received this electronic message in error, please immediately notify us by return email destroy the original message to assure that it is not read, copied, or distributed by others.






Sincerely,
First Home Mortgage Verification Team
6211 Greenleigh Avenue, Suite 300, Baltimore MD 21220  

(For questions or concerns on the status of your VOE please check the VOE pipeline at http://aze-app-1v/voesystem/pipeline)

---------Original Message----------------------
From: VOE@firsthome.com
Sent: Wed, May 27, 2026 09:18 AM
To: VOE@firsthome.com
Cc: 
Subject: Revision Request Received [1017520067-02]

The following fields were updated:

Field   Old Value       New Value
BorrowerFullName        Mary Patricia Smith     Mary Pat Smith
RequestNote             Confirm the # of payperiods in a year (or frequency of pay).
DataCorrectionReason            Additional Information Requested


Sincerely,
First Home Mortgage Verification Team
6211 Greenleigh Avenue, Suite 300, Baltimore MD 21220

(For questions or concerns on the status of your VOE please check the VOE pipeline at http://aze-app-1v/voesystem/pipeline)



CONFIDENTIALITY NOTICE
The information contained in this electronic message is confidential information intended for the use of the individual or entity named above. If the reader of this message is not the intended recipient, or an employee or agent responsible for delivering this electronic message to the intended recipient, you are hereby notified that any dissemination, or copying of this communication is strictly prohibited. If this message contains non-public personal information about any consumer or customer of the sender or intended recipient, you are further prohibited under penalty of law from using or disclosing the information to any third party by provisions of the federal Gramm-Leach-Bliley Act. If you have received this electronic message in error, please immediately notify us by return email destroy the original message to assure that it is not read, copied, or distributed by others.
 
2026-05-27 10:17:15.0446 INFO Email Logged to Database: AAkALgAAAAAAHYQDEapmEc2byACqAC-EWg0A-XGp6OdBg0CxQrF5bBnBPAAHIkFxawAA Revision Request Received [1017520067-02] 9:18 AM 
2026-05-27 10:17:15.0876 INFO Getting message voe@firsthome.com: AAkALgAAAAAAHYQDEapmEc2byACqAC-EWg0A-XGp6OdBg0CxQrF5bBnBPAAHIkFxVAAA 
2026-05-27 10:17:15.2449 INFO Getting message HTML voe@firsthome.com: AAkALgAAAAAAHYQDEapmEc2byACqAC-EWg0A-XGp6OdBg0CxQrF5bBnBPAAHIkFxVAAA 
2026-05-27 10:17:15.2756 INFO Getting message voe@firsthome.com: AAkALgAAAAAAHYQDEapmEc2byACqAC-EWg0A-XGp6OdBg0CxQrF5bBnBPAAHIkFxVAAA 
2026-05-27 10:18:55.5855 ERROR Error making web redirect request: https://url.usb.m.mimecastprotect.com/s/2JwlC7DxAWfzg3yzuNsAUoXJA4?domain=url4970.truv.com System.Net.WebException: The operation has timed out
   at System.Net.HttpWebRequest.GetResponse()
   at VOESystem.Data.Business.BusinessBase.getWebRequestRedirect(String URL) in C:\Data\FirstMortgage\BitBucket\voesystem\VOEFrontend\VOESystem.Data\Business\BusinessBase.cs:line 607
2026-05-27 10:18:55.6395 INFO Retrying Redirect URL: The operation has timed out 
2026-05-27 10:20:35.6881 ERROR Error making web redirect request: https://url.usb.m.mimecastprotect.com/s/2JwlC7DxAWfzg3yzuNsAUoXJA4?domain=url4970.truv.com System.Net.WebException: The operation has timed out
   at System.Net.HttpWebRequest.GetResponse()
   at VOESystem.Data.Business.BusinessBase.getWebRequestRedirect(String URL) in C:\Data\FirstMortgage\BitBucket\voesystem\VOEFrontend\VOESystem.Data\Business\BusinessBase.cs:line 607
2026-05-27 10:20:35.7397 INFO Retrying Redirect URL: The operation has timed out 
2026-05-27 10:22:15.7834 ERROR Error making web redirect request: https://url.usb.m.mimecastprotect.com/s/2JwlC7DxAWfzg3yzuNsAUoXJA4?domain=url4970.truv.com System.Net.WebException: The operation has timed out
   at System.Net.HttpWebRequest.GetResponse()
   at VOESystem.Data.Business.BusinessBase.getWebRequestRedirect(String URL) in C:\Data\FirstMortgage\BitBucket\voesystem\VOEFrontend\VOESystem.Data\Business\BusinessBase.cs:line 607
2026-05-27 10:22:15.8384 INFO Retrying Redirect URL: The operation has timed out 
2026-05-27 10:22:15.8864 ERROR Error Importing Email: AAkALgAAAAAAHYQDEapmEc2byACqAC-EWg0A-XGp6OdBg0CxQrF5bBnBPAAHIkFxVAAA Christopher Brett Henderson, First Home Mortgage would like to verify your employment 9:15 AM System.Exception: Truv Redirect Order URL Not Found
   at VOEBackend.Email.BaseClass.getOrderRequestFromTruvRedirect(IDbConnection dbConn, String emailBody) in T:\Griffin\SVNDev\VOESystem\VOEBackend\VOEBackend.Email\BaseClass.cs:line 298
   at VOEBackend.Email.EmailOps.insertMail(IMailMessage msg) in T:\Griffin\SVNDev\VOESystem\VOEBackend\VOEBackend.Email\EmailOps.cs:line 73
2026-05-27 10:22:15.9327 INFO Getting message voe@firsthome.com: AAkALgAAAAAAHYQDEapmEc2byACqAC-EWg0A-XGp6OdBg0CxQrF5bBnBPAAHIkFxUQAA 
2026-05-27 10:22:16.1535 INFO Getting message HTML voe@firsthome.com: AAkALgAAAAAAHYQDEapmEc2byACqAC-EWg0A-XGp6OdBg0CxQrF5bBnBPAAHIkFxUQAA 
2026-05-27 10:22:16.1955 INFO Getting message voe@firsthome.com: AAkALgAAAAAAHYQDEapmEc2byACqAC-EWg0A-XGp6OdBg0CxQrF5bBnBPAAHIkFxUQAA 
2026-05-27 10:23:56.5765 ERROR Error making web redirect request: https://url.usb.m.mimecastprotect.com/s/legtCjAwnOcYrpA3h7s8UmmLLA?domain=url4970.truv.com System.Net.WebException: The operation has timed out
   at System.Net.HttpWebRequest.GetResponse()
   at VOESystem.Data.Business.BusinessBase.getWebRequestRedirect(String URL) in C:\Data\FirstMortgage\BitBucket\voesystem\VOEFrontend\VOESystem.Data\Business\BusinessBase.cs:line 607
2026-05-27 10:23:56.6284 INFO Retrying Redirect URL: The operation has timed out 
2026-05-27 10:25:36.6756 ERROR Error making web redirect request: https://url.usb.m.mimecastprotect.com/s/legtCjAwnOcYrpA3h7s8UmmLLA?domain=url4970.truv.com System.Net.WebException: The operation has timed out
   at System.Net.HttpWebRequest.GetResponse()
   at VOESystem.Data.Business.BusinessBase.getWebRequestRedirect(String URL) in C:\Data\FirstMortgage\BitBucket\voesystem\VOEFrontend\VOESystem.Data\Business\BusinessBase.cs:line 607
2026-05-27 10:25:36.7266 INFO Retrying Redirect URL: The operation has timed out 
2026-05-27 10:27:16.7762 ERROR Error making web redirect request: https://url.usb.m.mimecastprotect.com/s/legtCjAwnOcYrpA3h7s8UmmLLA?domain=url4970.truv.com System.Net.WebException: The operation has timed out
   at System.Net.HttpWebRequest.GetResponse()
   at VOESystem.Data.Business.BusinessBase.getWebRequestRedirect(String URL) in C:\Data\FirstMortgage\BitBucket\voesystem\VOEFrontend\VOESystem.Data\Business\BusinessBase.cs:line 607
2026-05-27 10:27:16.8352 INFO Retrying Redirect URL: The operation has timed out 
2026-05-27 10:27:16.8822 ERROR Error Importing Email: AAkALgAAAAAAHYQDEapmEc2byACqAC-EWg0A-XGp6OdBg0CxQrF5bBnBPAAHIkFxUQAA Gabriella LePore, First Home Mortgage would like to verify your income and employment 9:15 AM System.Exception: Truv Redirect Order URL Not Found
   at VOEBackend.Email.BaseClass.getOrderRequestFromTruvRedirect(IDbConnection dbConn, String emailBody) in T:\Griffin\SVNDev\VOESystem\VOEBackend\VOEBackend.Email\BaseClass.cs:line 298
   at VOEBackend.Email.EmailOps.insertMail(IMailMessage msg) in T:\Griffin\SVNDev\VOESystem\VOEBackend\VOEBackend.Email\EmailOps.cs:line 73
2026-05-27 10:27:16.9272 INFO Getting message voe@firsthome.com: AAkALgAAAAAAHYQDEapmEc2byACqAC-EWg0A-XGp6OdBg0CxQrF5bBnBPAAHIkFxKgAA 
2026-05-27 10:27:17.1038 INFO Getting message HTML voe@firsthome.com: AAkALgAAAAAAHYQDEapmEc2byACqAC-EWg0A-XGp6OdBg0CxQrF5bBnBPAAHIkFxKgAA 
2026-05-27 10:27:17.1328 INFO Getting message voe@firsthome.com: AAkALgAAAAAAHYQDEapmEc2byACqAC-EWg0A-XGp6OdBg0CxQrF5bBnBPAAHIkFxKgAA 
2026-05-27 10:28:57.3997 ERROR Error making web redirect request: https://url.usb.m.mimecastprotect.com/s/JVVaCoABO6cDnxvLt6sJUpBqTI?domain=url4970.truv.com System.Net.WebException: The operation has timed out
   at System.Net.HttpWebRequest.GetResponse()
   at VOESystem.Data.Business.BusinessBase.getWebRequestRedirect(String URL) in C:\Data\FirstMortgage\BitBucket\voesystem\VOEFrontend\VOESystem.Data\Business\BusinessBase.cs:line 607
2026-05-27 10:28:57.4477 INFO Retrying Redirect URL: The operation has timed out 
2026-05-27 10:30:37.4978 ERROR Error making web redirect request: https://url.usb.m.mimecastprotect.com/s/JVVaCoABO6cDnxvLt6sJUpBqTI?domain=url4970.truv.com System.Net.WebException: The operation has timed out
   at System.Net.HttpWebRequest.GetResponse()
   at VOESystem.Data.Business.BusinessBase.getWebRequestRedirect(String URL) in C:\Data\FirstMortgage\BitBucket\voesystem\VOEFrontend\VOESystem.Data\Business\BusinessBase.cs:line 607
2026-05-27 10:30:37.6398 INFO Retrying Redirect URL: The operation has timed out 
2026-05-27 10:32:17.7132 ERROR Error making web redirect request: https://url.usb.m.mimecastprotect.com/s/JVVaCoABO6cDnxvLt6sJUpBqTI?domain=url4970.truv.com System.Net.WebException: The operation has timed out
   at System.Net.HttpWebRequest.GetResponse()
   at VOESystem.Data.Business.BusinessBase.getWebRequestRedirect(String URL) in C:\Data\FirstMortgage\BitBucket\voesystem\VOEFrontend\VOESystem.Data\Business\BusinessBase.cs:line 607
2026-05-27 10:32:17.7692 INFO Retrying Redirect URL: The operation has timed out 
2026-05-27 10:32:17.8182 ERROR Error Importing Email: AAkALgAAAAAAHYQDEapmEc2byACqAC-EWg0A-XGp6OdBg0CxQrF5bBnBPAAHIkFxKgAA Jacqueline Breanna Adomanis, First Home Mortgage would like to verify your income and employment 9:10 AM System.Exception: Truv Redirect Order URL Not Found
   at VOEBackend.Email.BaseClass.getOrderRequestFromTruvRedirect(IDbConnection dbConn, String emailBody) in T:\Griffin\SVNDev\VOESystem\VOEBackend\VOEBackend.Email\BaseClass.cs:line 298
   at VOEBackend.Email.EmailOps.insertMail(IMailMessage msg) in T:\Griffin\SVNDev\VOESystem\VOEBackend\VOEBackend.Email\EmailOps.cs:line 73
2026-05-27 10:32:17.8682 INFO Getting message voe@firsthome.com: AAkALgAAAAAAHYQDEapmEc2byACqAC-EWg0A-XGp6OdBg0CxQrF5bBnBPAAHIkFxJwAA 
2026-05-27 10:32:18.0342 INFO Getting message HTML voe@firsthome.com: AAkALgAAAAAAHYQDEapmEc2byACqAC-EWg0A-XGp6OdBg0CxQrF5bBnBPAAHIkFxJwAA 
2026-05-27 10:32:18.0688 INFO Getting message voe@firsthome.com: AAkALgAAAAAAHYQDEapmEc2byACqAC-EWg0A-XGp6OdBg0CxQrF5bBnBPAAHIkFxJwAA 
2026-05-27 10:37:14.6468 ERROR Error making web redirect request: https://url.usb.m.mimecastprotect.com/s/un4tCp9DzXf92XAnfGs8UGcQB8?domain=url4970.truv.com System.Net.WebException: The operation has timed out
   at System.Net.HttpWebRequest.GetResponse()
   at VOESystem.Data.Business.BusinessBase.getWebRequestRedirect(String URL) in C:\Data\FirstMortgage\BitBucket\voesystem\VOEFrontend\VOESystem.Data\Business\BusinessBase.cs:line 607
2026-05-27 10:37:14.7019 INFO Retrying Redirect URL: The operation has timed out 
2026-05-27 10:38:54.7845 ERROR Error making web redirect request: https://url.usb.m.mimecastprotect.com/s/un4tCp9DzXf92XAnfGs8UGcQB8?domain=url4970.truv.com System.Net.WebException: The operation has timed out
   at System.Net.HttpWebRequest.GetResponse()
   at VOESystem.Data.Business.BusinessBase.getWebRequestRedirect(String URL) in C:\Data\FirstMortgage\BitBucket\voesystem\VOEFrontend\VOESystem.Data\Business\BusinessBase.cs:line 607
2026-05-27 10:38:54.8315 INFO Retrying Redirect URL: The operation has timed out 
2026-05-27 10:40:34.8767 ERROR Error making web redirect request: https://url.usb.m.mimecastprotect.com/s/un4tCp9DzXf92XAnfGs8UGcQB8?domain=url4970.truv.com System.Net.WebException: The operation has timed out
   at System.Net.HttpWebRequest.GetResponse()
   at VOESystem.Data.Business.BusinessBase.getWebRequestRedirect(String URL) in C:\Data\FirstMortgage\BitBucket\voesystem\VOEFrontend\VOESystem.Data\Business\BusinessBase.cs:line 607
2026-05-27 10:40:34.9301 INFO Retrying Redirect URL: The operation has timed out 
2026-05-27 10:40:34.9707 ERROR Error Importing Email: AAkALgAAAAAAHYQDEapmEc2byACqAC-EWg0A-XGp6OdBg0CxQrF5bBnBPAAHIkFxJwAA Luke Thomas Adomanis, First Home Mortgage would like to verify your income and employment 9:10 AM System.Exception: Truv Redirect Order URL Not Found
   at VOEBackend.Email.BaseClass.getOrderRequestFromTruvRedirect(IDbConnection dbConn, String emailBody) in T:\Griffin\SVNDev\VOESystem\VOEBackend\VOEBackend.Email\BaseClass.cs:line 298
   at VOEBackend.Email.EmailOps.insertMail(IMailMessage msg) in T:\Griffin\SVNDev\VOESystem\VOEBackend\VOEBackend.Email\EmailOps.cs:line 73
2026-05-27 10:40:35.0096 INFO Getting message voe@firsthome.com: AAkALgAAAAAAHYQDEapmEc2byACqAC-EWg0A-XGp6OdBg0CxQrF5bBnBPAAHIkFxCwAA 
2026-05-27 10:40:35.1573 INFO Getting message HTML voe@firsthome.com: AAkALgAAAAAAHYQDEapmEc2byACqAC-EWg0A-XGp6OdBg0CxQrF5bBnBPAAHIkFxCwAA 
2026-05-27 10:40:35.1863 INFO Getting message voe@firsthome.com: AAkALgAAAAAAHYQDEapmEc2byACqAC-EWg0A-XGp6OdBg0CxQrF5bBnBPAAHIkFxCwAA 
2026-05-27 10:40:35.4493 INFO Email Logged: Confirmation of New VOE Order for Jasmine Harris [1008526427-01] 
2026-05-27 10:40:35.4903 INFO Email Logged to Database: AAkALgAAAAAAHYQDEapmEc2byACqAC-EWg0A-XGp6OdBg0CxQrF5bBnBPAAHIkFxCwAA Confirmation of New VOE Order for Jasmine Harris [1008526427-01] 9:05 AM 
2026-05-27 10:40:35.5213 INFO Getting message voe@firsthome.com: AAkALgAAAAAAHYQDEapmEc2byACqAC-EWg0A-XGp6OdBg0CxQrF5bBnBPAAHIkFw_AAA 
2026-05-27 10:40:35.7183 INFO Getting message HTML voe@firsthome.com: AAkALgAAAAAAHYQDEapmEc2byACqAC-EWg0A-XGp6OdBg0CxQrF5bBnBPAAHIkFw_AAA 
2026-05-27 10:40:35.7464 INFO Getting message voe@firsthome.com: AAkALgAAAAAAHYQDEapmEc2byACqAC-EWg0A-XGp6OdBg0CxQrF5bBnBPAAHIkFw_AAA 
2026-05-27 10:40:36.0201 INFO Email Not Matched: AAkALgAAAAAAHYQDEapmEc2byACqAC-EWg0A-XGp6OdBg0CxQrF5bBnBPAAHIkFw_AAA Re: Employment Verification 1630255_20260527043811 9:01 AM 
2026-05-27 10:40:36.0595 INFO Getting message voe@firsthome.com: AAkALgAAAAAAHYQDEapmEc2byACqAC-EWg0A-XGp6OdBg0CxQrF5bBnBPAAHIkFw8wAA 
2026-05-27 10:40:36.1923 INFO Getting message HTML voe@firsthome.com: AAkALgAAAAAAHYQDEapmEc2byACqAC-EWg0A-XGp6OdBg0CxQrF5bBnBPAAHIkFw8wAA 
2026-05-27 10:40:36.2193 INFO Getting message voe@firsthome.com: AAkALgAAAAAAHYQDEapmEc2byACqAC-EWg0A-XGp6OdBg0CxQrF5bBnBPAAHIkFw8wAA 
2026-05-27 10:42:16.5389 ERROR Error making web redirect request: https://url.usb.m.mimecastprotect.com/s/kiFjC0An9XckxEvktWsBU97sER?domain=url4970.truv.com System.Net.WebException: The operation has timed out
   at System.Net.HttpWebRequest.GetResponse()
   at VOESystem.Data.Business.BusinessBase.getWebRequestRedirect(String URL) in C:\Data\FirstMortgage\BitBucket\voesystem\VOEFrontend\VOESystem.Data\Business\BusinessBase.cs:line 607
2026-05-27 10:42:16.5909 INFO Retrying Redirect URL: The operation has timed out 
2026-05-27 10:43:56.6379 ERROR Error making web redirect request: https://url.usb.m.mimecastprotect.com/s/kiFjC0An9XckxEvktWsBU97sER?domain=url4970.truv.com System.Net.WebException: The operation has timed out
   at System.Net.HttpWebRequest.GetResponse()
   at VOESystem.Data.Business.BusinessBase.getWebRequestRedirect(String URL) in C:\Data\FirstMortgage\BitBucket\voesystem\VOEFrontend\VOESystem.Data\Business\BusinessBase.cs:line 607
2026-05-27 10:43:56.6889 INFO Retrying Redirect URL: The operation has timed out 
2026-05-27 10:45:36.7262 ERROR Error making web redirect request: https://url.usb.m.mimecastprotect.com/s/kiFjC0An9XckxEvktWsBU97sER?domain=url4970.truv.com System.Net.WebException: The operation has timed out
   at System.Net.HttpWebRequest.GetResponse()
   at VOESystem.Data.Business.BusinessBase.getWebRequestRedirect(String URL) in C:\Data\FirstMortgage\BitBucket\voesystem\VOEFrontend\VOESystem.Data\Business\BusinessBase.cs:line 607
2026-05-27 10:45:36.7793 INFO Retrying Redirect URL: The operation has timed out 
2026-05-27 10:45:36.8183 ERROR Error Importing Email: AAkALgAAAAAAHYQDEapmEc2byACqAC-EWg0A-XGp6OdBg0CxQrF5bBnBPAAHIkFw8wAA Renji Varughese, First Home Mortgage would like to verify your income and employment 9:00 AM System.Exception: Truv Redirect Order URL Not Found
   at VOEBackend.Email.BaseClass.getOrderRequestFromTruvRedirect(IDbConnection dbConn, String emailBody) in T:\Griffin\SVNDev\VOESystem\VOEBackend\VOEBackend.Email\BaseClass.cs:line 298
   at VOEBackend.Email.EmailOps.insertMail(IMailMessage msg) in T:\Griffin\SVNDev\VOESystem\VOEBackend\VOEBackend.Email\EmailOps.cs:line 73
2026-05-27 10:45:36.8573 INFO Getting message voe@firsthome.com: AAkALgAAAAAAHYQDEapmEc2byACqAC-EWg0A-XGp6OdBg0CxQrF5bBnBPAAHIkFw6wAA 
2026-05-27 10:45:36.9989 INFO Getting message HTML voe@firsthome.com: AAkALgAAAAAAHYQDEapmEc2byACqAC-EWg0A-XGp6OdBg0CxQrF5bBnBPAAHIkFw6wAA 
2026-05-27 10:45:37.0289 INFO Getting message voe@firsthome.com: AAkALgAAAAAAHYQDEapmEc2byACqAC-EWg0A-XGp6OdBg0CxQrF5bBnBPAAHIkFw6wAA 
2026-05-27 10:45:37.6919 ERROR Error Uploading File 1017525112;C:\Temp\VOERepository\Documents\Upload\20260527104537691_1017525112_Reeder Katlyn2.pdf;Reeder, Katlyn2.pdf System.IO.DirectoryNotFoundException: Could not find a part of the path 'C:\Temp\VOERepository\Documents\Upload\20260527104537691_1017525112_Reeder Katlyn2.pdf'.
   at System.IO.__Error.WinIOError(Int32 errorCode, String maybeFullPath)
   at System.IO.FileStream.Init(String path, FileMode mode, FileAccess access, Int32 rights, Boolean useRights, FileShare share, Int32 bufferSize, FileOptions options, SECURITY_ATTRIBUTES secAttrs, String msgPath, Boolean bFromProxy, Boolean useLongPath, Boolean checkHost)
   at System.IO.FileStream..ctor(String path, FileMode mode, FileAccess access, FileShare share, Int32 bufferSize, FileOptions options, String msgPath, Boolean bFromProxy, Boolean useLongPath, Boolean checkHost)
   at System.IO.StreamWriter.CreateFile(String path, Boolean append, Boolean checkHost)
   at System.IO.StreamWriter..ctor(String path, Boolean append, Encoding encoding, Int32 bufferSize, Boolean checkHost)
   at System.IO.StreamWriter..ctor(String path, Boolean append)
   at ServiceStack.ServiceHost.FileExtensions.SaveTo(IFile file, String filePath)
   at VOESystem.Data.Business.DocumentOps.uploadFile(IDbConnection dbConn, IFile file, String userName, Nullable`1 OrderRequestId, Nullable`1 EmployerId, DocumentType doctype, Boolean UploadToEncompass, String LoanNumber, String filePathName, Nullable`1 DocumentContentTypeId, String baseUrl) in C:\Data\FirstMortgage\BitBucket\voesystem\VOEFrontend\VOESystem.Data\Business\DocumentOps.cs:line 265
2026-05-27 10:45:37.7294 ERROR Error Uploading Attachment to VOE System: C:\Temp\MailAttachments\AAkALgAAAAAAHYQDEapmEc2byACqACEWg0AXGp6OdBg0CxQrF5bBnBPAAHIkFw6wAAReeder Katlyn2pdf System.Exception: Exception of type 'System.Exception' was thrown.
2026-05-27 10:45:37.7960 INFO Email Logged: RE: [External] URGENT Re-Verification of Employment [1017525112-05] 
2026-05-27 10:45:38.2841 ERROR Error Sending Email System.Exception: No Valid Email Recipients Specified
   at VOESystem.Data.Business.EmailOps.SendEmail(IDbConnection dbConn, List`1 toEmailList, List`1 ccEmailList, List`1 bccEmailList, String Subject, String MessageText, Boolean skipBranchOverrideCC, Nullable`1 OrderRequestId, Nullable`1 EmailTemplateId, Nullable`1 IsAuditing, List`1 Attachments, String BaseURL, Boolean RestrictDomain, Boolean consolidateAttachments, IDbTransaction extTransaction, String loanNumber, Boolean isDraft, MailPriority priority, Boolean IsHTML, Boolean requestReadReceipt, Boolean isSecure, List`1 replyToEmailList, Nullable`1 forwardingEmailId) in C:\Data\FirstMortgage\BitBucket\voesystem\VOEFrontend\VOESystem.Data\Business\EmailOps.cs:line 198
2026-05-27 10:45:38.3161 INFO This order has been APPROVED and new emails are no longer monitored for this VOE.  

Current Employment Status: Current-Active

Please contact VOE@firsthome with the order number -found in the subject line of this email - in order to address your inquiry/concerns.

Sincerely,
First Home Mortgage Verification Team
6211 Greenleigh Avenue, Suite 300, Baltimore MD 21220  

(For questions or concerns on the status of your VOE please check the VOE pipeline at http://aze-app-1v/voesystem/pipeline)



CONFIDENTIALITY NOTICE
The information contained in this electronic message is confidential information intended for the use of the individual or entity named above. If the reader of this message is not the intended recipient, or an employee or agent responsible for delivering this electronic message to the intended recipient, you are hereby notified that any dissemination, or copying of this communication is strictly prohibited. If this message contains non-public personal information about any consumer or customer of the sender or intended recipient, you are further prohibited under penalty of law from using or disclosing the information to any third party by provisions of the federal Gramm-Leach-Bliley Act. If you have received this electronic message in error, please immediately notify us by return email destroy the original message to assure that it is not read, copied, or distributed by others.






Sincerely,
First Home Mortgage Verification Team
6211 Greenleigh Avenue, Suite 300, Baltimore MD 21220  

(For questions or concerns on the status of your VOE please check the VOE pipeline at http://aze-app-1v/voesystem/pipeline)

---------Original Message----------------------
From: kslade@jfti.com
Sent: Wed, May 27, 2026 08:59 AM
To: VOE@firsthome.com
Cc: 
Subject: RE: [External] URGENT Re-Verification of Employment [1017525112-05]

*** This message originated outside the organization ***

Good morning,
Please find attached the completed form. If you have any future questions, please let me know!

Kayla Slade
Payroll Administrator
J.F. Taylor, Inc.
45671 Pleasant Mill Dr
Great Mills, MD 20634
Direct- (301) 862-2638
Main- (301) 862-3939 ext. 2638


-----Original Message-----
From: First Home VOE <VOE@firsthome.com> 
Sent: Tuesday, May 26, 2026 2:55 PM
To: Slade, Kayla <kslade@jfti.com>
Subject: [External] URGENT Re-Verification of Employment [1017525112-05]
Importance: High

First Home Mortgage is requesting a re-verification of employment for Katlyn Marie Reeder, it is our company’s policy that five days prior to closing employment be confirmed as active. You may confirm active employment by replying to this email, completing the attached form or calling me at the number below.

Thank you for your immediate attention to this matter.

Sincerely,

Michaela O'May
First Home Mortgage Verification Team
voe@firsthome.com
Phone: 410-933-1801
Fax: 443-725-0566
6211 Greenleigh Avenue, Suite 300, Baltimore MD 21220





CONFIDENTIALITY NOTICE
The information contained in this electronic message is confidential information intended for the use of the individual or entity named above. If the reader of this message is not the intended recipient, or an employee or agent responsible for delivering this electronic message to the intended recipient, you are hereby notified that any dissemination, or copying of this communication is strictly prohibited. If this message contains non-public personal information about any consumer or customer of the sender or intended recipient, you are further prohibited under penalty of law from using or disclosing the information to any third party by provisions of the federal Gramm-Leach-Bliley Act. If you have received this electronic message in error, please immediately notify us by return email destroy the original message to assure that it is not read, copied, or distributed by others.
NOTICE This email message originated from outside of your organization. Please use caution when responding, opening attachments, and clicking links.
 
2026-05-27 10:45:38.3451 ERROR Error Sending Email System.Exception: No Valid Email Recipients Specified
   at VOESystem.Data.Business.EmailOps.SendEmail(IDbConnection dbConn, List`1 toEmailList, List`1 ccEmailList, List`1 bccEmailList, String Subject, String MessageText, Boolean skipBranchOverrideCC, Nullable`1 OrderRequestId, Nullable`1 EmailTemplateId, Nullable`1 IsAuditing, List`1 Attachments, String BaseURL, Boolean RestrictDomain, Boolean consolidateAttachments, IDbTransaction extTransaction, String loanNumber, Boolean isDraft, MailPriority priority, Boolean IsHTML, Boolean requestReadReceipt, Boolean isSecure, List`1 replyToEmailList, Nullable`1 forwardingEmailId) in C:\Data\FirstMortgage\BitBucket\voesystem\VOEFrontend\VOESystem.Data\Business\EmailOps.cs:line 390
   at VOESystem.Data.Business.EmailOps.sendEmailFromTemplate(IDbConnection dbConn, Email email, Nullable`1 OrderRequestId, String BaseUrl, Boolean RestrictDomain, Nullable`1 IsAuditing, Boolean skipBranchOverrideCC, Boolean consolidateAttachments, IDbTransaction extTransaction, String loanNumber, Boolean IsHTML, Boolean IsVOETeamUser, String UserName) in C:\Data\FirstMortgage\BitBucket\voesystem\VOEFrontend\VOESystem.Data\Business\EmailOps.cs:line 1144
2026-05-27 10:45:38.3731 INFO This order has been APPROVED and new emails are no longer monitored for this VOE.  

Current Employment Status: Current-Active

Please contact VOE@firsthome with the order number -found in the subject line of this email - in order to address your inquiry/concerns.

Sincerely,
First Home Mortgage Verification Team
6211 Greenleigh Avenue, Suite 300, Baltimore MD 21220  

(For questions or concerns on the status of your VOE please check the VOE pipeline at http://aze-app-1v/voesystem/pipeline)



CONFIDENTIALITY NOTICE
The information contained in this electronic message is confidential information intended for the use of the individual or entity named above. If the reader of this message is not the intended recipient, or an employee or agent responsible for delivering this electronic message to the intended recipient, you are hereby notified that any dissemination, or copying of this communication is strictly prohibited. If this message contains non-public personal information about any consumer or customer of the sender or intended recipient, you are further prohibited under penalty of law from using or disclosing the information to any third party by provisions of the federal Gramm-Leach-Bliley Act. If you have received this electronic message in error, please immediately notify us by return email destroy the original message to assure that it is not read, copied, or distributed by others.






Sincerely,
First Home Mortgage Verification Team
6211 Greenleigh Avenue, Suite 300, Baltimore MD 21220  

(For questions or concerns on the status of your VOE please check the VOE pipeline at http://aze-app-1v/voesystem/pipeline)

---------Original Message----------------------
From: kslade@jfti.com
Sent: Wed, May 27, 2026 08:59 AM
To: VOE@firsthome.com
Cc: 
Subject: RE: [External] URGENT Re-Verification of Employment [1017525112-05]

*** This message originated outside the organization ***

Good morning,
Please find attached the completed form. If you have any future questions, please let me know!

Kayla Slade
Payroll Administrator
J.F. Taylor, Inc.
45671 Pleasant Mill Dr
Great Mills, MD 20634
Direct- (301) 862-2638
Main- (301) 862-3939 ext. 2638


-----Original Message-----
From: First Home VOE <VOE@firsthome.com> 
Sent: Tuesday, May 26, 2026 2:55 PM
To: Slade, Kayla <kslade@jfti.com>
Subject: [External] URGENT Re-Verification of Employment [1017525112-05]
Importance: High

First Home Mortgage is requesting a re-verification of employment for Katlyn Marie Reeder, it is our company’s policy that five days prior to closing employment be confirmed as active. You may confirm active employment by replying to this email, completing the attached form or calling me at the number below.

Thank you for your immediate attention to this matter.

Sincerely,

Michaela O'May
First Home Mortgage Verification Team
voe@firsthome.com
Phone: 410-933-1801
Fax: 443-725-0566
6211 Greenleigh Avenue, Suite 300, Baltimore MD 21220





CONFIDENTIALITY NOTICE
The information contained in this electronic message is confidential information intended for the use of the individual or entity named above. If the reader of this message is not the intended recipient, or an employee or agent responsible for delivering this electronic message to the intended recipient, you are hereby notified that any dissemination, or copying of this communication is strictly prohibited. If this message contains non-public personal information about any consumer or customer of the sender or intended recipient, you are further prohibited under penalty of law from using or disclosing the information to any third party by provisions of the federal Gramm-Leach-Bliley Act. If you have received this electronic message in error, please immediately notify us by return email destroy the original message to assure that it is not read, copied, or distributed by others.
NOTICE This email message originated from outside of your organization. Please use caution when responding, opening attachments, and clicking links.
 
2026-05-27 10:45:38.4121 INFO Email Logged to Database: AAkALgAAAAAAHYQDEapmEc2byACqAC-EWg0A-XGp6OdBg0CxQrF5bBnBPAAHIkFw6wAA RE: [External] URGENT Re-Verification of Employment [1017525112-05] 8:59 AM 
2026-05-27 11:16:25.2028 INFO Getting messages for folder voe@firsthome.com: Inbox 
2026-05-27 11:16:27.2420 INFO Getting message voe@firsthome.com: AAkALgAAAAAAHYQDEapmEc2byACqAC-EWg0A-XGp6OdBg0CxQrF5bBnBPAAHIkGD7AAA 
2026-05-27 11:16:27.4852 INFO Getting message HTML voe@firsthome.com: AAkALgAAAAAAHYQDEapmEc2byACqAC-EWg0A-XGp6OdBg0CxQrF5bBnBPAAHIkGD7AAA 
2026-05-27 11:16:27.5140 INFO Getting message voe@firsthome.com: AAkALgAAAAAAHYQDEapmEc2byACqAC-EWg0A-XGp6OdBg0CxQrF5bBnBPAAHIkGD7AAA 
2026-05-27 11:16:29.2516 ERROR Error Uploading File 1010525716;C:\Temp\VOERepository\Documents\Upload\20260527111629237_1010525716_Bartees CPA Comfort Letter 2 Signed.pdf;Bartees CPA Comfort Letter 2 Signed.pdf 
2026-05-27 11:16:29.3686 ERROR System.IO.DirectoryNotFoundException: Could not find a part of the path 'C:\Temp\VOERepository\Documents\Upload\20260527111629237_1010525716_Bartees CPA Comfort Letter 2 Signed.pdf'.
   at System.IO.__Error.WinIOError(Int32 errorCode, String maybeFullPath)
   at System.IO.FileStream.Init(String path, FileMode mode, FileAccess access, Int32 rights, Boolean useRights, FileShare share, Int32 bufferSize, FileOptions options, SECURITY_ATTRIBUTES secAttrs, String msgPath, Boolean bFromProxy, Boolean useLongPath, Boolean checkHost)
   at System.IO.FileStream..ctor(String path, FileMode mode, FileAccess access, FileShare share, Int32 bufferSize, FileOptions options, String msgPath, Boolean bFromProxy, Boolean useLongPath, Boolean checkHost)
   at System.IO.StreamWriter.CreateFile(String path, Boolean append, Boolean checkHost)
   at System.IO.StreamWriter..ctor(String path, Boolean append, Encoding encoding, Int32 bufferSize, Boolean checkHost)
   at System.IO.StreamWriter..ctor(String path, Boolean append)
   at ServiceStack.ServiceHost.FileExtensions.SaveTo(IFile file, String filePath)
   at VOESystem.Data.Business.DocumentOps.uploadFile(IDbConnection dbConn, IFile file, String userName, Nullable`1 OrderRequestId, Nullable`1 EmployerId, DocumentType doctype, Boolean UploadToEncompass, String LoanNumber, String filePathName, Nullable`1 DocumentContentTypeId, String baseUrl) in C:\Data\FirstMortgage\BitBucket\voesystem\VOEFrontend\VOESystem.Data\Business\DocumentOps.cs:line 265 System.IO.DirectoryNotFoundException: Could not find a part of the path 'C:\Temp\VOERepository\Documents\Upload\20260527111629237_1010525716_Bartees CPA Comfort Letter 2 Signed.pdf'.
   at System.IO.__Error.WinIOError(Int32 errorCode, String maybeFullPath)
   at System.IO.FileStream.Init(String path, FileMode mode, FileAccess access, Int32 rights, Boolean useRights, FileShare share, Int32 bufferSize, FileOptions options, SECURITY_ATTRIBUTES secAttrs, String msgPath, Boolean bFromProxy, Boolean useLongPath, Boolean checkHost)
   at System.IO.FileStream..ctor(String path, FileMode mode, FileAccess access, FileShare share, Int32 bufferSize, FileOptions options, String msgPath, Boolean bFromProxy, Boolean useLongPath, Boolean checkHost)
   at System.IO.StreamWriter.CreateFile(String path, Boolean append, Boolean checkHost)
   at System.IO.StreamWriter..ctor(String path, Boolean append, Encoding encoding, Int32 bufferSize, Boolean checkHost)
   at System.IO.StreamWriter..ctor(String path, Boolean append)
   at ServiceStack.ServiceHost.FileExtensions.SaveTo(IFile file, String filePath)
   at VOESystem.Data.Business.DocumentOps.uploadFile(IDbConnection dbConn, IFile file, String userName, Nullable`1 OrderRequestId, Nullable`1 EmployerId, DocumentType doctype, Boolean UploadToEncompass, String LoanNumber, String filePathName, Nullable`1 DocumentContentTypeId, String baseUrl) in C:\Data\FirstMortgage\BitBucket\voesystem\VOEFrontend\VOESystem.Data\Business\DocumentOps.cs:line 265
2026-05-27 11:16:29.5706 ERROR Error Uploading Attachment to VOE System: C:\Temp\MailAttachments\AAkALgAAAAAAHYQDEapmEc2byACqACEWg0AXGp6OdBg0CxQrF5bBnBPAAHIkGD7AAABartees CPA Comfort Letter 2 Signedpdf 
2026-05-27 11:16:29.6106 ERROR System.Exception: Exception of type 'System.Exception' was thrown. System.Exception: Exception of type 'System.Exception' was thrown.
2026-05-27 11:16:29.7662 INFO Email Logged: RE: URGENT- Comfort Letter Re-verification for Bartees Cox [1010525716-04] 
2026-05-27 11:16:29.8482 INFO Email Logged to Database: AAkALgAAAAAAHYQDEapmEc2byACqAC-EWg0A-XGp6OdBg0CxQrF5bBnBPAAHIkGD7AAA RE: URGENT- Comfort Letter Re-verification for Bartees Cox [1010525716-04] 11:09 AM 
2026-05-27 11:16:29.9022 INFO Getting message voe@firsthome.com: AAkALgAAAAAAHYQDEapmEc2byACqAC-EWg0A-XGp6OdBg0CxQrF5bBnBPAAHIkGDzAAA 
2026-05-27 11:16:30.0483 INFO Getting message HTML voe@firsthome.com: AAkALgAAAAAAHYQDEapmEc2byACqAC-EWg0A-XGp6OdBg0CxQrF5bBnBPAAHIkGDzAAA 
2026-05-27 11:16:30.0993 INFO Getting message voe@firsthome.com: AAkALgAAAAAAHYQDEapmEc2byACqAC-EWg0A-XGp6OdBg0CxQrF5bBnBPAAHIkGDzAAA 
2026-05-27 11:16:30.4693 INFO Skipping Attachment - Possible Signature Image: image001.png(8240K) in AAkALgAAAAAAHYQDEapmEc2byACqAC-EWg0A-XGp6OdBg0CxQrF5bBnBPAAHIkGDzAAA 
2026-05-27 11:16:30.7769 ERROR Error Uploading File 1010525716;C:\Temp\VOERepository\Documents\Upload\20260527111630776_1010525716_Bartees Strange VOE May 2026.pdf;Bartees Strange VOE May 2026.pdf 
2026-05-27 11:16:30.8089 ERROR System.IO.DirectoryNotFoundException: Could not find a part of the path 'C:\Temp\VOERepository\Documents\Upload\20260527111630776_1010525716_Bartees Strange VOE May 2026.pdf'.
   at System.IO.__Error.WinIOError(Int32 errorCode, String maybeFullPath)
   at System.IO.FileStream.Init(String path, FileMode mode, FileAccess access, Int32 rights, Boolean useRights, FileShare share, Int32 bufferSize, FileOptions options, SECURITY_ATTRIBUTES secAttrs, String msgPath, Boolean bFromProxy, Boolean useLongPath, Boolean checkHost)
   at System.IO.FileStream..ctor(String path, FileMode mode, FileAccess access, FileShare share, Int32 bufferSize, FileOptions options, String msgPath, Boolean bFromProxy, Boolean useLongPath, Boolean checkHost)
   at System.IO.StreamWriter.CreateFile(String path, Boolean append, Boolean checkHost)
   at System.IO.StreamWriter..ctor(String path, Boolean append, Encoding encoding, Int32 bufferSize, Boolean checkHost)
   at System.IO.StreamWriter..ctor(String path, Boolean append)
   at ServiceStack.ServiceHost.FileExtensions.SaveTo(IFile file, String filePath)
   at VOESystem.Data.Business.DocumentOps.uploadFile(IDbConnection dbConn, IFile file, String userName, Nullable`1 OrderRequestId, Nullable`1 EmployerId, DocumentType doctype, Boolean UploadToEncompass, String LoanNumber, String filePathName, Nullable`1 DocumentContentTypeId, String baseUrl) in C:\Data\FirstMortgage\BitBucket\voesystem\VOEFrontend\VOESystem.Data\Business\DocumentOps.cs:line 265 System.IO.DirectoryNotFoundException: Could not find a part of the path 'C:\Temp\VOERepository\Documents\Upload\20260527111630776_1010525716_Bartees Strange VOE May 2026.pdf'.
   at System.IO.__Error.WinIOError(Int32 errorCode, String maybeFullPath)
   at System.IO.FileStream.Init(String path, FileMode mode, FileAccess access, Int32 rights, Boolean useRights, FileShare share, Int32 bufferSize, FileOptions options, SECURITY_ATTRIBUTES secAttrs, String msgPath, Boolean bFromProxy, Boolean useLongPath, Boolean checkHost)
   at System.IO.FileStream..ctor(String path, FileMode mode, FileAccess access, FileShare share, Int32 bufferSize, FileOptions options, String msgPath, Boolean bFromProxy, Boolean useLongPath, Boolean checkHost)
   at System.IO.StreamWriter.CreateFile(String path, Boolean append, Boolean checkHost)
   at System.IO.StreamWriter..ctor(String path, Boolean append, Encoding encoding, Int32 bufferSize, Boolean checkHost)
   at System.IO.StreamWriter..ctor(String path, Boolean append)
   at ServiceStack.ServiceHost.FileExtensions.SaveTo(IFile file, String filePath)
   at VOESystem.Data.Business.DocumentOps.uploadFile(IDbConnection dbConn, IFile file, String userName, Nullable`1 OrderRequestId, Nullable`1 EmployerId, DocumentType doctype, Boolean UploadToEncompass, String LoanNumber, String filePathName, Nullable`1 DocumentContentTypeId, String baseUrl) in C:\Data\FirstMortgage\BitBucket\voesystem\VOEFrontend\VOESystem.Data\Business\DocumentOps.cs:line 265
2026-05-27 11:16:30.8405 ERROR Error Uploading Attachment to VOE System: C:\Temp\MailAttachments\AAkALgAAAAAAHYQDEapmEc2byACqACEWg0AXGp6OdBg0CxQrF5bBnBPAAHIkGDzAAABartees Strange VOE May 2026pdf 
2026-05-27 11:16:30.8719 ERROR System.Exception: Exception of type 'System.Exception' was thrown. System.Exception: Exception of type 'System.Exception' was thrown.
2026-05-27 11:16:30.9179 INFO Email Logged: RE: Bartees Cox VOE - Request for Additional Information [1010525716-03] 
2026-05-27 11:16:30.9559 INFO Email Logged to Database: AAkALgAAAAAAHYQDEapmEc2byACqAC-EWg0A-XGp6OdBg0CxQrF5bBnBPAAHIkGDzAAA RE: Bartees Cox VOE - Request for Additional Information [1010525716-03] 11:02 AM 
2026-05-27 11:16:30.9993 INFO Getting message voe@firsthome.com: AAkALgAAAAAAHYQDEapmEc2byACqAC-EWg0A-XGp6OdBg0CxQrF5bBnBPAAHIkGDvQAA 
2026-05-27 11:16:31.1381 INFO Getting message HTML voe@firsthome.com: AAkALgAAAAAAHYQDEapmEc2byACqAC-EWg0A-XGp6OdBg0CxQrF5bBnBPAAHIkGDvQAA 
2026-05-27 11:16:31.1981 INFO Getting message voe@firsthome.com: AAkALgAAAAAAHYQDEapmEc2byACqAC-EWg0A-XGp6OdBg0CxQrF5bBnBPAAHIkGDvQAA 
2026-05-27 11:16:31.6821 INFO Email Logged: [[EXT] URGENT Re-Verification of Employment [1014517950-03]] Share your feedback with us 
2026-05-27 11:16:32.0868 ERROR Error Sending Email 
2026-05-27 11:16:32.1178 ERROR System.Exception: No Valid Email Recipients Specified
   at VOESystem.Data.Business.EmailOps.SendEmail(IDbConnection dbConn, List`1 toEmailList, List`1 ccEmailList, List`1 bccEmailList, String Subject, String MessageText, Boolean skipBranchOverrideCC, Nullable`1 OrderRequestId, Nullable`1 EmailTemplateId, Nullable`1 IsAuditing, List`1 Attachments, String BaseURL, Boolean RestrictDomain, Boolean consolidateAttachments, IDbTransaction extTransaction, String loanNumber, Boolean isDraft, MailPriority priority, Boolean IsHTML, Boolean requestReadReceipt, Boolean isSecure, List`1 replyToEmailList, Nullable`1 forwardingEmailId) in C:\Data\FirstMortgage\BitBucket\voesystem\VOEFrontend\VOESystem.Data\Business\EmailOps.cs:line 198 System.Exception: No Valid Email Recipients Specified
   at VOESystem.Data.Business.EmailOps.SendEmail(IDbConnection dbConn, List`1 toEmailList, List`1 ccEmailList, List`1 bccEmailList, String Subject, String MessageText, Boolean skipBranchOverrideCC, Nullable`1 OrderRequestId, Nullable`1 EmailTemplateId, Nullable`1 IsAuditing, List`1 Attachments, String BaseURL, Boolean RestrictDomain, Boolean consolidateAttachments, IDbTransaction extTransaction, String loanNumber, Boolean isDraft, MailPriority priority, Boolean IsHTML, Boolean requestReadReceipt, Boolean isSecure, List`1 replyToEmailList, Nullable`1 forwardingEmailId) in C:\Data\FirstMortgage\BitBucket\voesystem\VOEFrontend\VOESystem.Data\Business\EmailOps.cs:line 198
2026-05-27 11:16:32.1488 INFO This order has been APPROVED and new emails are no longer monitored for this VOE.  

Current Employment Status: Current-Active

Please contact VOE@firsthome with the order number -found in the subject line of this email - in order to address your inquiry/concerns.

Sincerely,
First Home Mortgage Verification Team
6211 Greenleigh Avenue, Suite 300, Baltimore MD 21220  

(For questions or concerns on the status of your VOE please check the VOE pipeline at http://aze-app-1v/voesystem/pipeline)



CONFIDENTIALITY NOTICE
The information contained in this electronic message is confidential information intended for the use of the individual or entity named above. If the reader of this message is not the intended recipient, or an employee or agent responsible for delivering this electronic message to the intended recipient, you are hereby notified that any dissemination, or copying of this communication is strictly prohibited. If this message contains non-public personal information about any consumer or customer of the sender or intended recipient, you are further prohibited under penalty of law from using or disclosing the information to any third party by provisions of the federal Gramm-Leach-Bliley Act. If you have received this electronic message in error, please immediately notify us by return email destroy the original message to assure that it is not read, copied, or distributed by others.






Sincerely,
First Home Mortgage Verification Team
6211 Greenleigh Avenue, Suite 300, Baltimore MD 21220  

(For questions or concerns on the status of your VOE please check the VOE pipeline at http://aze-app-1v/voesystem/pipeline)

---------Original Message----------------------
From: payroll@acs.org
Sent: Wed, May 27, 2026 11:01 AM
To: VOE@firsthome.com
Cc: 
Subject: [[EXT] URGENT Re-Verification of Employment [1014517950-03]] Share your feedback with us

*** This message originated outside the organization ***

________________________________

Hello Voe, we'd love to hear how we did on your recent request [EXT] URGENT Re-Verification of Employment [1014517950-03]<americanchemicalsociety.zendesk.com/hc/requests/130874>. If you're up for it, take a moment to answer a few questions. We really appreciate it.

How would you rate the support you received?

?? <https://url.usb.m.mimecastprotect.com/s/lqLbCvmMj9tE9N65iXhoUQdZ9k?domain=americanchemicalsociety.zendesk.com> satisfied <https://url.usb.m.mimecastprotect.com/s/lqLbCvmMj9tE9N65iXhoUQdZ9k?domain=americanchemicalsociety.zendesk.com>
?? <https://url.usb.m.mimecastprotect.com/s/73swCwnNkRfvj81mI9iVUJgzWU?domain=americanchemicalsociety.zendesk.com> unsatisfied <https://url.usb.m.mimecastprotect.com/s/73swCwnNkRfvj81mI9iVUJgzWU?domain=americanchemicalsociety.zendesk.com>
This email is a service from American Chemical Society.
[295YMX-6R7KR]
 
2026-05-27 11:16:32.1818 ERROR Error Sending Email 
2026-05-27 11:16:32.2128 ERROR System.Exception: No Valid Email Recipients Specified
   at VOESystem.Data.Business.EmailOps.SendEmail(IDbConnection dbConn, List`1 toEmailList, List`1 ccEmailList, List`1 bccEmailList, String Subject, String MessageText, Boolean skipBranchOverrideCC, Nullable`1 OrderRequestId, Nullable`1 EmailTemplateId, Nullable`1 IsAuditing, List`1 Attachments, String BaseURL, Boolean RestrictDomain, Boolean consolidateAttachments, IDbTransaction extTransaction, String loanNumber, Boolean isDraft, MailPriority priority, Boolean IsHTML, Boolean requestReadReceipt, Boolean isSecure, List`1 replyToEmailList, Nullable`1 forwardingEmailId) in C:\Data\FirstMortgage\BitBucket\voesystem\VOEFrontend\VOESystem.Data\Business\EmailOps.cs:line 390
   at VOESystem.Data.Business.EmailOps.sendEmailFromTemplate(IDbConnection dbConn, Email email, Nullable`1 OrderRequestId, String BaseUrl, Boolean RestrictDomain, Nullable`1 IsAuditing, Boolean skipBranchOverrideCC, Boolean consolidateAttachments, IDbTransaction extTransaction, String loanNumber, Boolean IsHTML, Boolean IsVOETeamUser, String UserName) in C:\Data\FirstMortgage\BitBucket\voesystem\VOEFrontend\VOESystem.Data\Business\EmailOps.cs:line 1144 System.Exception: No Valid Email Recipients Specified
   at VOESystem.Data.Business.EmailOps.SendEmail(IDbConnection dbConn, List`1 toEmailList, List`1 ccEmailList, List`1 bccEmailList, String Subject, String MessageText, Boolean skipBranchOverrideCC, Nullable`1 OrderRequestId, Nullable`1 EmailTemplateId, Nullable`1 IsAuditing, List`1 Attachments, String BaseURL, Boolean RestrictDomain, Boolean consolidateAttachments, IDbTransaction extTransaction, String loanNumber, Boolean isDraft, MailPriority priority, Boolean IsHTML, Boolean requestReadReceipt, Boolean isSecure, List`1 replyToEmailList, Nullable`1 forwardingEmailId) in C:\Data\FirstMortgage\BitBucket\voesystem\VOEFrontend\VOESystem.Data\Business\EmailOps.cs:line 390
   at VOESystem.Data.Business.EmailOps.sendEmailFromTemplate(IDbConnection dbConn, Email email, Nullable`1 OrderRequestId, String BaseUrl, Boolean RestrictDomain, Nullable`1 IsAuditing, Boolean skipBranchOverrideCC, Boolean consolidateAttachments, IDbTransaction extTransaction, String loanNumber, Boolean IsHTML, Boolean IsVOETeamUser, String UserName) in C:\Data\FirstMortgage\BitBucket\voesystem\VOEFrontend\VOESystem.Data\Business\EmailOps.cs:line 1144
2026-05-27 11:16:32.2453 INFO This order has been APPROVED and new emails are no longer monitored for this VOE.  

Current Employment Status: Current-Active

Please contact VOE@firsthome with the order number -found in the subject line of this email - in order to address your inquiry/concerns.

Sincerely,
First Home Mortgage Verification Team
6211 Greenleigh Avenue, Suite 300, Baltimore MD 21220  

(For questions or concerns on the status of your VOE please check the VOE pipeline at http://aze-app-1v/voesystem/pipeline)



CONFIDENTIALITY NOTICE
The information contained in this electronic message is confidential information intended for the use of the individual or entity named above. If the reader of this message is not the intended recipient, or an employee or agent responsible for delivering this electronic message to the intended recipient, you are hereby notified that any dissemination, or copying of this communication is strictly prohibited. If this message contains non-public personal information about any consumer or customer of the sender or intended recipient, you are further prohibited under penalty of law from using or disclosing the information to any third party by provisions of the federal Gramm-Leach-Bliley Act. If you have received this electronic message in error, please immediately notify us by return email destroy the original message to assure that it is not read, copied, or distributed by others.






Sincerely,
First Home Mortgage Verification Team
6211 Greenleigh Avenue, Suite 300, Baltimore MD 21220  

(For questions or concerns on the status of your VOE please check the VOE pipeline at http://aze-app-1v/voesystem/pipeline)

---------Original Message----------------------
From: payroll@acs.org
Sent: Wed, May 27, 2026 11:01 AM
To: VOE@firsthome.com
Cc: 
Subject: [[EXT] URGENT Re-Verification of Employment [1014517950-03]] Share your feedback with us

*** This message originated outside the organization ***

________________________________

Hello Voe, we'd love to hear how we did on your recent request [EXT] URGENT Re-Verification of Employment [1014517950-03]<americanchemicalsociety.zendesk.com/hc/requests/130874>. If you're up for it, take a moment to answer a few questions. We really appreciate it.

How would you rate the support you received?

?? <https://url.usb.m.mimecastprotect.com/s/lqLbCvmMj9tE9N65iXhoUQdZ9k?domain=americanchemicalsociety.zendesk.com> satisfied <https://url.usb.m.mimecastprotect.com/s/lqLbCvmMj9tE9N65iXhoUQdZ9k?domain=americanchemicalsociety.zendesk.com>
?? <https://url.usb.m.mimecastprotect.com/s/73swCwnNkRfvj81mI9iVUJgzWU?domain=americanchemicalsociety.zendesk.com> unsatisfied <https://url.usb.m.mimecastprotect.com/s/73swCwnNkRfvj81mI9iVUJgzWU?domain=americanchemicalsociety.zendesk.com>
This email is a service from American Chemical Society.
[295YMX-6R7KR]
 
2026-05-27 11:16:32.2788 INFO Email Logged to Database: AAkALgAAAAAAHYQDEapmEc2byACqAC-EWg0A-XGp6OdBg0CxQrF5bBnBPAAHIkGDvQAA [[EXT] URGENT Re-Verification of Employment [1014517950-03]] Share your feedback with us 11:01 AM 
2026-05-27 11:16:32.3208 INFO Getting message voe@firsthome.com: AAkALgAAAAAAHYQDEapmEc2byACqAC-EWg0A-XGp6OdBg0CxQrF5bBnBPAAHIkGDtgAA 
2026-05-27 11:16:32.4558 INFO Getting message HTML voe@firsthome.com: AAkALgAAAAAAHYQDEapmEc2byACqAC-EWg0A-XGp6OdBg0CxQrF5bBnBPAAHIkGDtgAA 
2026-05-27 11:16:32.4848 INFO Getting message voe@firsthome.com: AAkALgAAAAAAHYQDEapmEc2byACqAC-EWg0A-XGp6OdBg0CxQrF5bBnBPAAHIkGDtgAA 
2026-05-27 11:16:32.8174 INFO Email Logged: Re: MyBiz Verification of Employment [1017521572-01] 
2026-05-27 11:16:32.8544 INFO Email Logged to Database: AAkALgAAAAAAHYQDEapmEc2byACqAC-EWg0A-XGp6OdBg0CxQrF5bBnBPAAHIkGDtgAA Re: MyBiz Verification of Employment [1017521572-01] 10:59 AM 
2026-05-27 11:16:32.8867 INFO Getting message voe@firsthome.com: AAkALgAAAAAAHYQDEapmEc2byACqAC-EWg0A-XGp6OdBg0CxQrF5bBnBPAAHIkGDswAA 
2026-05-27 11:16:33.4580 INFO Getting message HTML voe@firsthome.com: AAkALgAAAAAAHYQDEapmEc2byACqAC-EWg0A-XGp6OdBg0CxQrF5bBnBPAAHIkGDswAA 
2026-05-27 11:16:33.4870 INFO Getting message voe@firsthome.com: AAkALgAAAAAAHYQDEapmEc2byACqAC-EWg0A-XGp6OdBg0CxQrF5bBnBPAAHIkGDswAA 
2026-05-27 11:16:33.8630 INFO Skipping Attachment - DisallowedFileType: image001.png in AAkALgAAAAAAHYQDEapmEc2byACqAC-EWg0A-XGp6OdBg0CxQrF5bBnBPAAHIkGDswAA 
2026-05-27 11:16:33.8945 INFO Skipping Attachment - DisallowedFileType: image002.png in AAkALgAAAAAAHYQDEapmEc2byACqAC-EWg0A-XGp6OdBg0CxQrF5bBnBPAAHIkGDswAA 
2026-05-27 11:16:33.9275 INFO Skipping Attachment - Possible Signature Image: image003.jpg(1650K) in AAkALgAAAAAAHYQDEapmEc2byACqAC-EWg0A-XGp6OdBg0CxQrF5bBnBPAAHIkGDswAA 
2026-05-27 11:16:33.9575 INFO Skipping Attachment - Possible Signature Image: image004.jpg(1702K) in AAkALgAAAAAAHYQDEapmEc2byACqAC-EWg0A-XGp6OdBg0CxQrF5bBnBPAAHIkGDswAA 
2026-05-27 11:16:33.9841 INFO Skipping Attachment - Possible Signature Image: image005.jpg(1546K) in AAkALgAAAAAAHYQDEapmEc2byACqAC-EWg0A-XGp6OdBg0CxQrF5bBnBPAAHIkGDswAA 
2026-05-27 11:16:34.0110 INFO Skipping Attachment - Possible Signature Image: image006.jpg(1669K) in AAkALgAAAAAAHYQDEapmEc2byACqAC-EWg0A-XGp6OdBg0CxQrF5bBnBPAAHIkGDswAA 
2026-05-27 11:16:34.0536 INFO Email Logged: RE: Data Correction - Charles Shiles, 1010505907, ServiceNow [1010505907-06] 
2026-05-27 11:16:34.0866 INFO Email Logged to Database: AAkALgAAAAAAHYQDEapmEc2byACqAC-EWg0A-XGp6OdBg0CxQrF5bBnBPAAHIkGDswAA RE: Data Correction - Charles Shiles, 1010505907, ServiceNow [1010505907-06] 10:58 AM 
2026-05-27 11:16:34.1126 INFO Getting message voe@firsthome.com: AAkALgAAAAAAHYQDEapmEc2byACqAC-EWg0A-XGp6OdBg0CxQrF5bBnBPAAHIkGDqQAA 
2026-05-27 11:16:34.2580 INFO Getting message HTML voe@firsthome.com: AAkALgAAAAAAHYQDEapmEc2byACqAC-EWg0A-XGp6OdBg0CxQrF5bBnBPAAHIkGDqQAA 
2026-05-27 11:16:34.2850 INFO Getting message voe@firsthome.com: AAkALgAAAAAAHYQDEapmEc2byACqAC-EWg0A-XGp6OdBg0CxQrF5bBnBPAAHIkGDqQAA 
2026-05-27 11:16:34.6100 INFO Skipping Attachment - Possible Signature Image: image001.png(7091K) in AAkALgAAAAAAHYQDEapmEc2byACqAC-EWg0A-XGp6OdBg0CxQrF5bBnBPAAHIkGDqQAA 
2026-05-27 11:16:34.6360 INFO Skipping Attachment - Possible Signature Image: image002.png(7552K) in AAkALgAAAAAAHYQDEapmEc2byACqAC-EWg0A-XGp6OdBg0CxQrF5bBnBPAAHIkGDqQAA 
2026-05-27 11:16:34.6610 INFO Skipping Attachment - Possible Signature Image: image003.jpg(1278K) in AAkALgAAAAAAHYQDEapmEc2byACqAC-EWg0A-XGp6OdBg0CxQrF5bBnBPAAHIkGDqQAA 
2026-05-27 11:16:34.6870 INFO Skipping Attachment - Possible Signature Image: image004.jpg(1296K) in AAkALgAAAAAAHYQDEapmEc2byACqAC-EWg0A-XGp6OdBg0CxQrF5bBnBPAAHIkGDqQAA 
2026-05-27 11:16:34.7311 INFO Email Logged: RE: Final Verification MyBiz Request [1081518749-04] 
2026-05-27 11:16:34.7631 INFO Email Logged to Database: AAkALgAAAAAAHYQDEapmEc2byACqAC-EWg0A-XGp6OdBg0CxQrF5bBnBPAAHIkGDqQAA RE: Final Verification MyBiz Request [1081518749-04] 10:57 AM 
2026-05-27 11:16:34.7911 INFO Getting message voe@firsthome.com: AAkALgAAAAAAHYQDEapmEc2byACqAC-EWg0A-XGp6OdBg0CxQrF5bBnBPAAHIkGDgQAA 
2026-05-27 11:16:34.9571 INFO Getting message HTML voe@firsthome.com: AAkALgAAAAAAHYQDEapmEc2byACqAC-EWg0A-XGp6OdBg0CxQrF5bBnBPAAHIkGDgQAA 
2026-05-27 11:16:34.9851 INFO Getting message voe@firsthome.com: AAkALgAAAAAAHYQDEapmEc2byACqAC-EWg0A-XGp6OdBg0CxQrF5bBnBPAAHIkGDgQAA 
2026-05-27 11:16:35.3028 INFO Email Logged: RE: VOE Order for Ugonna Okonkwo [1014522514-10] 
2026-05-27 11:16:35.5854 TRACE {"__type":"FHMC.Graph.Email+MailMessage, FHMC.Graph","Subject":"REPLY ERROR - 1014522514-10 RE: VOE Order for Ugonna Okonkwo [1014522514-10]","ReceivedDateTime":"\/Date(-62135596800000-0000)\/","Attachments":[],"Body":"This order has been APPROVED and new emails are no longer monitored for this VOE.  \n\nCurrent Employment Status: Prior\n\nPlease contact VOE@firsthome with the order number -found in the subject line of this email - in order to address your inquiry/concerns.\r\n\r\nSincerely,\r\nFirst Home Mortgage Verification Team\r\n6211 Greenleigh Avenue, Suite 300, Baltimore MD 21220  \r\n\r\n(For questions or concerns on the status of your VOE please check the VOE pipeline at http://aze-app-1v/voesystem/pipeline)\r\n\r\n\r\n\r\nCONFIDENTIALITY NOTICE\r\nThe information contained in this electronic message is confidential information intended for the use of the individual or entity named above. If the reader of this message is not the intended recipient, or an employee or agent responsible for delivering this electronic message to the intended recipient, you are hereby notified that any dissemination, or copying of this communication is strictly prohibited. If this message contains non-public personal information about any consumer or customer of the sender or intended recipient, you are further prohibited under penalty of law from using or disclosing the information to any third party by provisions of the federal Gramm-Leach-Bliley Act. If you have received this electronic message in error, please immediately notify us by return email destroy the original message to assure that it is not read, copied, or distributed by others.\r\n\r\n\n\n\n\r\n\r\nSincerely,\r\nFirst Home Mortgage Verification Team\r\n6211 Greenleigh Avenue, Suite 300, Baltimore MD 21220  \r\n\r\n(For questions or concerns on the status of your VOE please check the VOE pipeline at http://aze-app-1v/voesystem/pipeline)\n\n---------Original Message----------------------\nFrom: OAjayi@firsthome.com\nSent: Wed, May 27, 2026 10:50 AM\nTo: VOE@firsthome.com, YLowe@firsthome.com\nCc: \nSubject: RE: VOE Order for Ugonna Okonkwo [1014522514-10]\n\nYou are welcome.\r\n\r\nThank you!\r\n[Olu Ajayi]\r\n\r\n[First Home Mortgage]<https://url.usb.m.mimecastprotect.com/s/GrDdCg7qkQhlg7GVIohzt4f2qq?domain=mail.firsthome.com>\r\nOlu Ajayi\r\nLoan Officer\r\nNMLS 189732\r\n\r\nDIRECT: 443-332-6624\r\nMOBILE: 301-343-5551\r\nEMAIL: oajayi@firsthome.com<mailto:oajayi@firsthome.com>\r\n\r\n2200 Defense Highway Suite 400\r\nCrofton, MD 21114\r\n\r\nfirsthome.com<https://url.usb.m.mimecastprotect.com/s/bGE3CjAwnOcj6vRpC5iZtmbUkn?domain=mail.firsthome.com>\r\n\r\n[Pre-qualify now]<https://url.usb.m.mimecastprotect.com/s/7FugCk6xoOHnLp5mi9srtG2YPp?domain=mail.firsthome.com>   [facebook] <https://url.usb.m.mimecastprotect.com/s/8e0-Cl8ypMfo9vXgI1tRtz_cRZ?domain=mail.firsthome.com>  [LinkedIn] <https://url.usb.m.mimecastprotect.com/s/CzlkCm7zEMh50rWEFDuOtRBOvL?domain=mail.firsthome.com>  [Twitter] <https://url.usb.m.mimecastprotect.com/s/76QFCnGAzNhGyYmMFpCwtJH63-?domain=mail.firsthome.com>  [Instagram] <https://url.usb.m.mimecastprotect.com/s/-M5QCoABO6cXo0vxf7FltpNYtp?domain=mail.firsthome.com>  [YouTube] <https://url.usb.m.mimecastprotect.com/s/VhLMCp9DzXfzlBAXUxHqtGjUXV?domain=mail.firsthome.com>  [Zillow] <https://url.usb.m.mimecastprotect.com/s/374fCqAE2McO4oXmTpINtEQBgp?domain=mail.firsthome.com>\r\n\r\n\r\n\r\n\r\n\r\nThis is not a guarantee to extend consumer credit as defined by Section 1026.2 of Regulation Z. Programs, interest rates, terms and fees are subject to change without notice. Income restrictions, minimum credit scores, and other program requirements and qualifications may apply to certain programs. All loans are subject to credit approval and property appraisal. Refinancing your current mortgage loan could result in the total finance charge to be higher over the life of the loan. First Home Mortgage Corporation of America, First Home Mortgage Services, and First Home Mortgage Company of Maryland are d/b/a’s of First Home Mortgage Corporation. Licensed in CT, DE, DC, FL, GA, IN, KY, ME, MD, Massachusetts Mortgage Lender and Broker (Lic. #MC71603), MI, NH, Licensed by the New Jersey Department of Banking and Insurance, NC, OH, PA, Rhode Island Licensed Lender and Broker, SC, TN, TX, VT, VA, and WV. First Home Mortgage Corporation NMLS ID #71603 (www.nmlsconsumeraccess.org<https://url.usb.m.mimecastprotect.com/s/r9pfCrgGYMSANG2LI3SJt4JOJ4?domain=mail.firsthome.com>). You have received this email as a customer or subscriber. Equal Housing Opportunity.\r\n\r\n\r\nCopyright © 2025 First Home Mortgage\r\nOur address is 6211 Greenleigh Ave, Ste 300, Baltimore, MD 21220, USA\r\n\r\nIf you do not wish to receive future email, Click here to opt out<https://url.usb.m.mimecastprotect.com/s/iC_ICvmMj9tWB3AMhgTptQCSUD?domain=mail.firsthome.com>.\r\n(You can also send your request to Customer Care at the street address above.)\r\n\r\n\r\n\r\n\r\nFrom: First Home VOE <VOE@firsthome.com>\r\nSent: Wednesday, May 27, 2026 10:50 AM\r\nTo: Yancy Lowe <YLowe@firsthome.com>; Olu Ajayi <OAjayi@firsthome.com>\r\nSubject: RE: VOE Order for Ugonna Okonkwo [1014522514-10]\r\n\r\n\r\nGreat. Thanks!\r\n\r\n\r\n\r\nSincerely,\r\n\r\n\r\n\r\nYasmim Phipps\r\n\r\nFirst Home Mortgage Verification Team\r\n\r\nvoe@firsthome.com<mailto:voe@firsthome.com>\r\n\r\nPhone: 443-725-7043\r\n\r\nFax: 443-725-0492\r\n\r\n6211 Greenleigh Avenue, Suite 300, Baltimore MD 21220\r\n\r\n\r\n\r\n(For questions or concerns on the status of your VOE please check the VOE pipeline at http://aze-app-1v/voesystem/pipeline)\r\n\r\n\r\n\r\n---------Original Message----------------------\r\n\r\nFrom: OAjayi@firsthome.com<mailto:OAjayi@firsthome.com>\r\n\r\nSent: Tue, May 26, 2026 12:44 PM\r\n\r\nTo: YLowe@firsthome.com<mailto:YLowe@firsthome.com>, VOE@firsthome.com<mailto:VOE@firsthome.com>\r\n\r\nCc:\r\n\r\nSubject: RE: VOE Order for Ugonna Okonkwo [1014522514-10]\r\n\r\n\r\n\r\nHe confirmed that he doesn’t use any other name.\r\n\r\n\r\n\r\nThank you!\r\n\r\n[Olu Ajayi]\r\n\r\n\r\n\r\n[First Home Mortgage]\r\n\r\nOlu Ajayi\r\n\r\nLoan Officer\r\n\r\nNMLS 189732\r\n\r\n\r\n\r\nDIRECT: 443-332-6624\r\n\r\nMOBILE: 301-343-5551\r\n\r\nEMAIL: oajayi@firsthome.com<mailto:oajayi@firsthome.com>\r\n\r\n\r\n\r\n2200 Defense Highway Suite 400\r\n\r\nCrofton, MD 21114\r\n\r\n\r\n\r\nfirsthome.com\r\n\r\n\r\n\r\n[Pre-qualify now] [facebook] [LinkedIn] [Twitter] [Instagram] [YouTube] [Zillow]\r\n\r\n\r\n\r\nThis is not a guarantee to extend consumer credit as defined by Section 1026.2 of Regulation Z. Programs, interest rates, terms and fees are subject to change without notice. Income restrictions, minimum credit scores, and other program requirements and qualifications may apply to certain programs. All loans are subject to credit approval and property appraisal. Refinancing your current mortgage loan could result in the total finance charge to be higher over the life of the loan. First Home Mortgage Corporation of America, First Home Mortgage Services, and First Home Mortgage Company of Maryland are d/b/a’s of First Home Mortgage Corporation. Licensed in CT, DE, DC, FL, GA, IN, KY, ME, MD, Massachusetts Mortgage Lender and Broker (Lic. #MC71603), MI, NH, Licensed by the New Jersey Department of Banking and Insurance, NC, OH, PA, Rhode Island Licensed Lender and Broker, SC, TN, TX, VT, VA, and WV. First Home Mortgage Corporation NMLS ID #71603 (www.nmlsconsumeraccess.org<http://www.nmlsconsumeraccess.org>). You have received this email as a customer or subscriber. Equal Housing Opportunity.\r\n\r\n\r\n\r\nCopyright © 2025 First Home Mortgage\r\n\r\nOur address is 6211 Greenleigh Ave, Ste 300, Baltimore, MD 21220, USA\r\n\r\n\r\n\r\nIf you do not wish to receive future email, Click here to opt out.\r\n\r\n(You can also send your request to Customer Care at the street address above.)\r\n\r\n\r\n\r\nFrom: Yancy Lowe\r\n\r\nSent: Tuesday, May 26, 2026 12:02 PM\r\n\r\nTo: First Home VOE\r\n\r\nCc: Olu Ajayi\r\n\r\nSubject: RE: VOE Order for Ugonna Okonkwo [1014522514-10]\r\n\r\n\r\n\r\nOlu,\r\n\r\nDo you know?\r\n\r\n\r\n\r\nFrom: First Home VOE >\r\n\r\nSent: Tuesday, May 26, 2026 12:00 PM\r\n\r\nTo: Yancy Lowe >\r\n\r\nSubject: VOE Order for Ugonna Okonkwo [1014522514-10]\r\n\r\n\r\n\r\nHello Yancy,\r\n\r\n\r\n\r\nCan you please let me know if Ugonna Okonkwo goes by a different name? I am asking because while verifying employment for Adaobi I found out that she goes by Claire and that is why they could not find any dates for her for the longest time.\r\n\r\n\r\n\r\nThank you so much!\r\n\r\n\r\n\r\nSincerely,\r\n\r\n\r\n\r\nYasmim Phipps\r\n\r\n\r\n\r\nFirst Home Mortgage Verification Team\r\n\r\n\r\n\r\nvoe@firsthome.com<mailto:voe@firsthome.com>\r\n\r\n\r\n\r\nPhone: 443-725-7043\r\n\r\n\r\n\r\nFax: 443-725-0492\r\n\r\n\r\n\r\n6211 Greenleigh Avenue, Suite 300, Baltimore MD 21220\r\n\r\n\r\n\r\n(For questions or concerns on the status of your VOE please check the VOE pipeline at http://aze-app-1v/voesystem/pipeline)\r\n\r\n\r\n\r\n---------Original Message----------------------\r\n\r\n\r\n\r\nFrom: voe@firsthome.com<mailto:voe@firsthome.com>\r\n\r\n\r\n\r\nSent: Fri, May 22, 2026 05:12 PM\r\n\r\n\r\n\r\nTo: ylowe@firsthome.com<mailto:ylowe@firsthome.com>, ylowe@firsthome.com<mailto:ylowe@firsthome.com>\r\n\r\n\r\n\r\nCc:\r\n\r\n\r\n\r\nSubject: Confirmation of New VOE Order for Ugonna Okonkwo [1014522514-10]\r\n\r\n\r\n\r\nThis email is to confirm that a verification of employment order has been received for loan number 1014522514:\r\n\r\n\r\n\r\nBorrower Name: Ugonna Okonkwo\r\n\r\n\r\n\r\nEmployer Name: EFMY Inc (EC Diner)\r\n\r\n\r\n\r\nOrder Number: 1014522514-10\r\n\r\n\r\n\r\nOrder Type: Verbal\r\n\r\n\r\n\r\nRequest Type: Data Correction\r\n\r\n\r\n\r\nThe following fields were updated:\r\n\r\n\r\n\r\nFieldOld ValueNew ValueEncMonthsOnJob09EncStartDate2022-09-012022-06-03EncTerminationDate2025-05-092026-05-15EncYearsInLineOfWork43EncYearsOnJob43RequestNotePlease confirm termination date.\r\n\r\n\r\n\r\nContact at EC Dinner: Steve or Sulma or Kilo (443)649-7761 or (410)750-3300DataCorrectionReasonAdditional Information Requested\r\n\r\n\r\n\r\nIf you have any questions concerning this order, please do not hesitate to contact us at voe@firsthome.com<mailto:voe@firsthome.com>.\r\n\r\n\r\n\r\nSincerely,\r\n\r\n\r\n\r\nFirst Home Mortgage Verification Team\r\n\r\n\r\n\r\n6211 Greenleigh Avenue, Suite 300, Baltimore MD 21220\r\n\r\n\r\n\r\n(For questions or concerns on the status of your VOE please check the VOE pipeline at http://aze-app-1v/voesystem/pipeline)\r\n\r\n\r\n\r\nCONFIDENTIALITY NOTICE\r\n\r\n\r\n\r\nThe information contained in this electronic message is confidential information intended for the use of the individual or entity named above. If the reader of this message is not the intended recipient, or an employee or agent responsible for delivering this electronic message to the intended recipient, you are hereby notified that any dissemination, or copying of this communication is strictly prohibited. If this message contains non-public personal information about any consumer or customer of the sender or intended recipient, you are further prohibited under penalty of law from using or disclosing the information to any third party by provisions of the federal Gramm-Leach-Bliley Act. If you have received this electronic message in error, please immediately notify us by return email destroy the original message to assure that it is not read, copied, or distributed by others.\r\n","IsBodyHTML":false,"CustomSendHeaders":{"X-Message-ID":"<6dbed2f5-9460-430e-99f4-a00657313f5c@HQExc4V.firsthomemtg.com>"},"IsReadReceiptRequested":false,"ToRecipients":[{"__type":"FHMC.Graph.Email+MailRecipient, FHMC.Graph","EmailAddress":"YLowe@firsthome.com"},{"__type":"FHMC.Graph.Email+MailRecipient, FHMC.Graph","EmailAddress":"OAjayi@firsthome.com"}],"CcRecipients":[],"BccRecipients":[],"ReplyToList":[]} 
2026-05-27 11:16:35.9806 TRACE {"Id":null,"Subject":"REPLY ERROR - 1014522514-10 RE: VOE Order for Ugonna Okonkwo [1014522514-10]","ReceivedDateTime":"0001-01-01T00:00:00","Attachments":[],"Body":"This order has been APPROVED and new emails are no longer monitored for this VOE.  \n\nCurrent Employment Status: Prior\n\nPlease contact VOE@firsthome with the order number -found in the subject line of this email - in order to address your inquiry/concerns.\r\n\r\nSincerely,\r\nFirst Home Mortgage Verification Team\r\n6211 Greenleigh Avenue, Suite 300, Baltimore MD 21220  \r\n\r\n(For questions or concerns on the status of your VOE please check the VOE pipeline at http://aze-app-1v/voesystem/pipeline)\r\n\r\n\r\n\r\nCONFIDENTIALITY NOTICE\r\nThe information contained in this electronic message is confidential information intended for the use of the individual or entity named above. If the reader of this message is not the intended recipient, or an employee or agent responsible for delivering this electronic message to the intended recipient, you are hereby notified that any dissemination, or copying of this communication is strictly prohibited. If this message contains non-public personal information about any consumer or customer of the sender or intended recipient, you are further prohibited under penalty of law from using or disclosing the information to any third party by provisions of the federal Gramm-Leach-Bliley Act. If you have received this electronic message in error, please immediately notify us by return email destroy the original message to assure that it is not read, copied, or distributed by others.\r\n\r\n\n\n\n\r\n\r\nSincerely,\r\nFirst Home Mortgage Verification Team\r\n6211 Greenleigh Avenue, Suite 300, Baltimore MD 21220  \r\n\r\n(For questions or concerns on the status of your VOE please check the VOE pipeline at http://aze-app-1v/voesystem/pipeline)\n\n---------Original Message----------------------\nFrom: OAjayi@firsthome.com\nSent: Wed, May 27, 2026 10:50 AM\nTo: VOE@firsthome.com, YLowe@firsthome.com\nCc: \nSubject: RE: VOE Order for Ugonna Okonkwo [1014522514-10]\n\nYou are welcome.\r\n\r\nThank you!\r\n[Olu Ajayi]\r\n\r\n[First Home Mortgage]<https://url.usb.m.mimecastprotect.com/s/GrDdCg7qkQhlg7GVIohzt4f2qq?domain=mail.firsthome.com>\r\nOlu Ajayi\r\nLoan Officer\r\nNMLS 189732\r\n\r\nDIRECT: 443-332-6624\r\nMOBILE: 301-343-5551\r\nEMAIL: oajayi@firsthome.com<mailto:oajayi@firsthome.com>\r\n\r\n2200 Defense Highway Suite 400\r\nCrofton, MD 21114\r\n\r\nfirsthome.com<https://url.usb.m.mimecastprotect.com/s/bGE3CjAwnOcj6vRpC5iZtmbUkn?domain=mail.firsthome.com>\r\n\r\n[Pre-qualify now]<https://url.usb.m.mimecastprotect.com/s/7FugCk6xoOHnLp5mi9srtG2YPp?domain=mail.firsthome.com>   [facebook] <https://url.usb.m.mimecastprotect.com/s/8e0-Cl8ypMfo9vXgI1tRtz_cRZ?domain=mail.firsthome.com>  [LinkedIn] <https://url.usb.m.mimecastprotect.com/s/CzlkCm7zEMh50rWEFDuOtRBOvL?domain=mail.firsthome.com>  [Twitter] <https://url.usb.m.mimecastprotect.com/s/76QFCnGAzNhGyYmMFpCwtJH63-?domain=mail.firsthome.com>  [Instagram] <https://url.usb.m.mimecastprotect.com/s/-M5QCoABO6cXo0vxf7FltpNYtp?domain=mail.firsthome.com>  [YouTube] <https://url.usb.m.mimecastprotect.com/s/VhLMCp9DzXfzlBAXUxHqtGjUXV?domain=mail.firsthome.com>  [Zillow] <https://url.usb.m.mimecastprotect.com/s/374fCqAE2McO4oXmTpINtEQBgp?domain=mail.firsthome.com>\r\n\r\n\r\n\r\n\r\n\r\nThis is not a guarantee to extend consumer credit as defined by Section 1026.2 of Regulation Z. Programs, interest rates, terms and fees are subject to change without notice. Income restrictions, minimum credit scores, and other program requirements and qualifications may apply to certain programs. All loans are subject to credit approval and property appraisal. Refinancing your current mortgage loan could result in the total finance charge to be higher over the life of the loan. First Home Mortgage Corporation of America, First Home Mortgage Services, and First Home Mortgage Company of Maryland are d/b/a’s of First Home Mortgage Corporation. Licensed in CT, DE, DC, FL, GA, IN, KY, ME, MD, Massachusetts Mortgage Lender and Broker (Lic. #MC71603), MI, NH, Licensed by the New Jersey Department of Banking and Insurance, NC, OH, PA, Rhode Island Licensed Lender and Broker, SC, TN, TX, VT, VA, and WV. First Home Mortgage Corporation NMLS ID #71603 (www.nmlsconsumeraccess.org<https://url.usb.m.mimecastprotect.com/s/r9pfCrgGYMSANG2LI3SJt4JOJ4?domain=mail.firsthome.com>). You have received this email as a customer or subscriber. Equal Housing Opportunity.\r\n\r\n\r\nCopyright © 2025 First Home Mortgage\r\nOur address is 6211 Greenleigh Ave, Ste 300, Baltimore, MD 21220, USA\r\n\r\nIf you do not wish to receive future email, Click here to opt out<https://url.usb.m.mimecastprotect.com/s/iC_ICvmMj9tWB3AMhgTptQCSUD?domain=mail.firsthome.com>.\r\n(You can also send your request to Customer Care at the street address above.)\r\n\r\n\r\n\r\n\r\nFrom: First Home VOE <VOE@firsthome.com>\r\nSent: Wednesday, May 27, 2026 10:50 AM\r\nTo: Yancy Lowe <YLowe@firsthome.com>; Olu Ajayi <OAjayi@firsthome.com>\r\nSubject: RE: VOE Order for Ugonna Okonkwo [1014522514-10]\r\n\r\n\r\nGreat. Thanks!\r\n\r\n\r\n\r\nSincerely,\r\n\r\n\r\n\r\nYasmim Phipps\r\n\r\nFirst Home Mortgage Verification Team\r\n\r\nvoe@firsthome.com<mailto:voe@firsthome.com>\r\n\r\nPhone: 443-725-7043\r\n\r\nFax: 443-725-0492\r\n\r\n6211 Greenleigh Avenue, Suite 300, Baltimore MD 21220\r\n\r\n\r\n\r\n(For questions or concerns on the status of your VOE please check the VOE pipeline at http://aze-app-1v/voesystem/pipeline)\r\n\r\n\r\n\r\n---------Original Message----------------------\r\n\r\nFrom: OAjayi@firsthome.com<mailto:OAjayi@firsthome.com>\r\n\r\nSent: Tue, May 26, 2026 12:44 PM\r\n\r\nTo: YLowe@firsthome.com<mailto:YLowe@firsthome.com>, VOE@firsthome.com<mailto:VOE@firsthome.com>\r\n\r\nCc:\r\n\r\nSubject: RE: VOE Order for Ugonna Okonkwo [1014522514-10]\r\n\r\n\r\n\r\nHe confirmed that he doesn’t use any other name.\r\n\r\n\r\n\r\nThank you!\r\n\r\n[Olu Ajayi]\r\n\r\n\r\n\r\n[First Home Mortgage]\r\n\r\nOlu Ajayi\r\n\r\nLoan Officer\r\n\r\nNMLS 189732\r\n\r\n\r\n\r\nDIRECT: 443-332-6624\r\n\r\nMOBILE: 301-343-5551\r\n\r\nEMAIL: oajayi@firsthome.com<mailto:oajayi@firsthome.com>\r\n\r\n\r\n\r\n2200 Defense Highway Suite 400\r\n\r\nCrofton, MD 21114\r\n\r\n\r\n\r\nfirsthome.com\r\n\r\n\r\n\r\n[Pre-qualify now] [facebook] [LinkedIn] [Twitter] [Instagram] [YouTube] [Zillow]\r\n\r\n\r\n\r\nThis is not a guarantee to extend consumer credit as defined by Section 1026.2 of Regulation Z. Programs, interest rates, terms and fees are subject to change without notice. Income restrictions, minimum credit scores, and other program requirements and qualifications may apply to certain programs. All loans are subject to credit approval and property appraisal. Refinancing your current mortgage loan could result in the total finance charge to be higher over the life of the loan. First Home Mortgage Corporation of America, First Home Mortgage Services, and First Home Mortgage Company of Maryland are d/b/a’s of First Home Mortgage Corporation. Licensed in CT, DE, DC, FL, GA, IN, KY, ME, MD, Massachusetts Mortgage Lender and Broker (Lic. #MC71603), MI, NH, Licensed by the New Jersey Department of Banking and Insurance, NC, OH, PA, Rhode Island Licensed Lender and Broker, SC, TN, TX, VT, VA, and WV. First Home Mortgage Corporation NMLS ID #71603 (www.nmlsconsumeraccess.org<http://www.nmlsconsumeraccess.org>). You have received this email as a customer or subscriber. Equal Housing Opportunity.\r\n\r\n\r\n\r\nCopyright © 2025 First Home Mortgage\r\n\r\nOur address is 6211 Greenleigh Ave, Ste 300, Baltimore, MD 21220, USA\r\n\r\n\r\n\r\nIf you do not wish to receive future email, Click here to opt out.\r\n\r\n(You can also send your request to Customer Care at the street address above.)\r\n\r\n\r\n\r\nFrom: Yancy Lowe\r\n\r\nSent: Tuesday, May 26, 2026 12:02 PM\r\n\r\nTo: First Home VOE\r\n\r\nCc: Olu Ajayi\r\n\r\nSubject: RE: VOE Order for Ugonna Okonkwo [1014522514-10]\r\n\r\n\r\n\r\nOlu,\r\n\r\nDo you know?\r\n\r\n\r\n\r\nFrom: First Home VOE >\r\n\r\nSent: Tuesday, May 26, 2026 12:00 PM\r\n\r\nTo: Yancy Lowe >\r\n\r\nSubject: VOE Order for Ugonna Okonkwo [1014522514-10]\r\n\r\n\r\n\r\nHello Yancy,\r\n\r\n\r\n\r\nCan you please let me know if Ugonna Okonkwo goes by a different name? I am asking because while verifying employment for Adaobi I found out that she goes by Claire and that is why they could not find any dates for her for the longest time.\r\n\r\n\r\n\r\nThank you so much!\r\n\r\n\r\n\r\nSincerely,\r\n\r\n\r\n\r\nYasmim Phipps\r\n\r\n\r\n\r\nFirst Home Mortgage Verification Team\r\n\r\n\r\n\r\nvoe@firsthome.com<mailto:voe@firsthome.com>\r\n\r\n\r\n\r\nPhone: 443-725-7043\r\n\r\n\r\n\r\nFax: 443-725-0492\r\n\r\n\r\n\r\n6211 Greenleigh Avenue, Suite 300, Baltimore MD 21220\r\n\r\n\r\n\r\n(For questions or concerns on the status of your VOE please check the VOE pipeline at http://aze-app-1v/voesystem/pipeline)\r\n\r\n\r\n\r\n---------Original Message----------------------\r\n\r\n\r\n\r\nFrom: voe@firsthome.com<mailto:voe@firsthome.com>\r\n\r\n\r\n\r\nSent: Fri, May 22, 2026 05:12 PM\r\n\r\n\r\n\r\nTo: ylowe@firsthome.com<mailto:ylowe@firsthome.com>, ylowe@firsthome.com<mailto:ylowe@firsthome.com>\r\n\r\n\r\n\r\nCc:\r\n\r\n\r\n\r\nSubject: Confirmation of New VOE Order for Ugonna Okonkwo [1014522514-10]\r\n\r\n\r\n\r\nThis email is to confirm that a verification of employment order has been received for loan number 1014522514:\r\n\r\n\r\n\r\nBorrower Name: Ugonna Okonkwo\r\n\r\n\r\n\r\nEmployer Name: EFMY Inc (EC Diner)\r\n\r\n\r\n\r\nOrder Number: 1014522514-10\r\n\r\n\r\n\r\nOrder Type: Verbal\r\n\r\n\r\n\r\nRequest Type: Data Correction\r\n\r\n\r\n\r\nThe following fields were updated:\r\n\r\n\r\n\r\nFieldOld ValueNew ValueEncMonthsOnJob09EncStartDate2022-09-012022-06-03EncTerminationDate2025-05-092026-05-15EncYearsInLineOfWork43EncYearsOnJob43RequestNotePlease confirm termination date.\r\n\r\n\r\n\r\nContact at EC Dinner: Steve or Sulma or Kilo (443)649-7761 or (410)750-3300DataCorrectionReasonAdditional Information Requested\r\n\r\n\r\n\r\nIf you have any questions concerning this order, please do not hesitate to contact us at voe@firsthome.com<mailto:voe@firsthome.com>.\r\n\r\n\r\n\r\nSincerely,\r\n\r\n\r\n\r\nFirst Home Mortgage Verification Team\r\n\r\n\r\n\r\n6211 Greenleigh Avenue, Suite 300, Baltimore MD 21220\r\n\r\n\r\n\r\n(For questions or concerns on the status of your VOE please check the VOE pipeline at http://aze-app-1v/voesystem/pipeline)\r\n\r\n\r\n\r\nCONFIDENTIALITY NOTICE\r\n\r\n\r\n\r\nThe information contained in this electronic message is confidential information intended for the use of the individual or entity named above. If the reader of this message is not the intended recipient, or an employee or agent responsible for delivering this electronic message to the intended recipient, you are hereby notified that any dissemination, or copying of this communication is strictly prohibited. If this message contains non-public personal information about any consumer or customer of the sender or intended recipient, you are further prohibited under penalty of law from using or disclosing the information to any third party by provisions of the federal Gramm-Leach-Bliley Act. If you have received this electronic message in error, please immediately notify us by return email destroy the original message to assure that it is not read, copied, or distributed by others.\r\n","IsBodyHTML":false,"BodyHTML":null,"SenderEmailAddress":null,"SenderEmailName":null,"RawReceiptHeaders":null,"CustomSendHeaders":{"X-Message-ID":"<6dbed2f5-9460-430e-99f4-a00657313f5c@HQExc4V.firsthomemtg.com>"},"IsReadReceiptRequested":false,"Importance":null,"ToRecipients":[{"EmailAddress":"YLowe@firsthome.com"},{"EmailAddress":"OAjayi@firsthome.com"}],"CcRecipients":[],"BccRecipients":[],"ReplyToList":[]} 
2026-05-27 11:16:36.2468 INFO Sending MIME message for voe@firsthome.com: REPLY ERROR - 1014522514-10 RE: VOE Order for Ugonna Okonkwo [1014522514-10] 
2026-05-27 11:16:36.6084 TRACE From: "voe@firsthome.com" <voe@firsthome.com>
Date: Wed, 27 May 2026 11:16:36 -0400
Subject: REPLY ERROR - 1014522514-10 RE: VOE Order for Ugonna Okonkwo
 [1014522514-10]
Message-Id: <VH3OHSBIDTU4.KW48X60EIZG31@aze-dev-1v>
To: "YLowe@firsthome.com" <YLowe@firsthome.com>, "OAjayi@firsthome.com"
	<OAjayi@firsthome.com>
X-Message-ID: <6dbed2f5-9460-430e-99f4-a00657313f5c@HQExc4V.firsthomemtg.com>
MIME-Version: 1.0
Content-Type: multipart/alternative; boundary="=-2LlPRVeaZbWEGIFC4uLFzw=="

--=-2LlPRVeaZbWEGIFC4uLFzw==
Content-Type: text/plain; charset=utf-8

This order has been APPROVED and new emails are no longer monitored for this VOE.  

Current Employment Status: Prior

Please contact VOE@firsthome with the order number -found in the subject line of this email - in order to address your inquiry/concerns.

Sincerely,
First Home Mortgage Verification Team
6211 Greenleigh Avenue, Suite 300, Baltimore MD 21220  

(For questions or concerns on the status of your VOE please check the VOE pipeline at http://aze-app-1v/voesystem/pipeline)



CONFIDENTIALITY NOTICE
The information contained in this electronic message is confidential information intended for the use of the individual or entity named above. If the reader of this message is not the intended recipient, or an employee or agent responsible for delivering this electronic message to the intended recipient, you are hereby notified that any dissemination, or copying of this communication is strictly prohibited. If this message contains non-public personal information about any consumer or customer of the sender or intended recipient, you are further prohibited under penalty of law from using or disclosing the information to any third party by provisions of the federal Gramm-Leach-Bliley Act. If you have received this electronic message in error, please immediately notify us by return email destroy the original message to assure that it is not read, copied, or distributed by others.






Sincerely,
First Home Mortgage Verification Team
6211 Greenleigh Avenue, Suite 300, Baltimore MD 21220  

(For questions or concerns on the status of your VOE please check the VOE pipeline at http://aze-app-1v/voesystem/pipeline)

---------Original Message----------------------
From: OAjayi@firsthome.com
Sent: Wed, May 27, 2026 10:50 AM
To: VOE@firsthome.com, YLowe@firsthome.com
Cc: 
Subject: RE: VOE Order for Ugonna Okonkwo [1014522514-10]

You are welcome.

Thank you!
[Olu Ajayi]

[First Home Mortgage]<https://url.usb.m.mimecastprotect.com/s/GrDdCg7qkQhlg7GVIohzt4f2qq?domain=mail.firsthome.com>
Olu Ajayi
Loan Officer
NMLS 189732

DIRECT: 443-332-6624
MOBILE: 301-343-5551
EMAIL: oajayi@firsthome.com<mailto:oajayi@firsthome.com>

2200 Defense Highway Suite 400
Crofton, MD 21114

firsthome.com<https://url.usb.m.mimecastprotect.com/s/bGE3CjAwnOcj6vRpC5iZtmbUkn?domain=mail.firsthome.com>

[Pre-qualify now]<https://url.usb.m.mimecastprotect.com/s/7FugCk6xoOHnLp5mi9srtG2YPp?domain=mail.firsthome.com>   [facebook] <https://url.usb.m.mimecastprotect.com/s/8e0-Cl8ypMfo9vXgI1tRtz_cRZ?domain=mail.firsthome.com>  [LinkedIn] <https://url.usb.m.mimecastprotect.com/s/CzlkCm7zEMh50rWEFDuOtRBOvL?domain=mail.firsthome.com>  [Twitter] <https://url.usb.m.mimecastprotect.com/s/76QFCnGAzNhGyYmMFpCwtJH63-?domain=mail.firsthome.com>  [Instagram] <https://url.usb.m.mimecastprotect.com/s/-M5QCoABO6cXo0vxf7FltpNYtp?domain=mail.firsthome.com>  [YouTube] <https://url.usb.m.mimecastprotect.com/s/VhLMCp9DzXfzlBAXUxHqtGjUXV?domain=mail.firsthome.com>  [Zillow] <https://url.usb.m.mimecastprotect.com/s/374fCqAE2McO4oXmTpINtEQBgp?domain=mail.firsthome.com>





This is not a guarantee to extend consumer credit as defined by Section 1026.2 of Regulation Z. Programs, interest rates, terms and fees are subject to change without notice. Income restrictions, minimum credit scores, and other program requirements and qualifications may apply to certain programs. All loans are subject to credit approval and property appraisal. Refinancing your current mortgage loan could result in the total finance charge to be higher over the life of the loan. First Home Mortgage Corporation of America, First Home Mortgage Services, and First Home Mortgage Company of Maryland are d/b/aâ??s of First Home Mortgage Corporation. Licensed in CT, DE, DC, FL, GA, IN, KY, ME, MD, Massachusetts Mortgage Lender and Broker (Lic. #MC71603), MI, NH, Licensed by the New Jersey Department of Banking and Insurance, NC, OH, PA, Rhode Island Licensed Lender and Broker, SC, TN, TX, VT, VA, and WV. First Home Mortgage Corporation NMLS ID #71603 (www.nmlsconsumeraccess.org<https://url.usb.m.mimecastprotect.com/s/r9pfCrgGYMSANG2LI3SJt4JOJ4?domain=mail.firsthome.com>). You have received this email as a customer or subscriber. Equal Housing Opportunity.


Copyright Â© 2025 First Home Mortgage
Our address is 6211 Greenleigh Ave, Ste 300, Baltimore, MD 21220, USA

If you do not wish to receive future email, Click here to opt out<https://url.usb.m.mimecastprotect.com/s/iC_ICvmMj9tWB3AMhgTptQCSUD?domain=mail.firsthome.com>.
(You can also send your request to Customer Care at the street address above.)




From: First Home VOE <VOE@firsthome.com>
Sent: Wednesday, May 27, 2026 10:50 AM
To: Yancy Lowe <YLowe@firsthome.com>; Olu Ajayi <OAjayi@firsthome.com>
Subject: RE: VOE Order for Ugonna Okonkwo [1014522514-10]


Great. Thanks!



Sincerely,



Yasmim Phipps

First Home Mortgage Verification Team

voe@firsthome.com<mailto:voe@firsthome.com>

Phone: 443-725-7043

Fax: 443-725-0492

6211 Greenleigh Avenue, Suite 300, Baltimore MD 21220



(For questions or concerns on the status of your VOE please check the VOE pipeline at http://aze-app-1v/voesystem/pipeline)



---------Original Message----------------------

From: OAjayi@firsthome.com<mailto:OAjayi@firsthome.com>

Sent: Tue, May 26, 2026 12:44 PM

To: YLowe@firsthome.com<mailto:YLowe@firsthome.com>, VOE@firsthome.com<mailto:VOE@firsthome.com>

Cc:

Subject: RE: VOE Order for Ugonna Okonkwo [1014522514-10]



He confirmed that he doesnâ??t use any other name.



Thank you!

[Olu Ajayi]



[First Home Mortgage]

Olu Ajayi

Loan Officer

NMLS 189732



DIRECT: 443-332-6624

MOBILE: 301-343-5551

EMAIL: oajayi@firsthome.com<mailto:oajayi@firsthome.com>



2200 Defense Highway Suite 400

Crofton, MD 21114



firsthome.com



[Pre-qualify now] [facebook] [LinkedIn] [Twitter] [Instagram] [YouTube] [Zillow]



This is not a guarantee to extend consumer credit as defined by Section 1026.2 of Regulation Z. Programs, interest rates, terms and fees are subject to change without notice. Income restrictions, minimum credit scores, and other program requirements and qualifications may apply to certain programs. All loans are subject to credit approval and property appraisal. Refinancing your current mortgage loan could result in the total finance charge to be higher over the life of the loan. First Home Mortgage Corporation of America, First Home Mortgage Services, and First Home Mortgage Company of Maryland are d/b/aâ??s of First Home Mortgage Corporation. Licensed in CT, DE, DC, FL, GA, IN, KY, ME, MD, Massachusetts Mortgage Lender and Broker (Lic. #MC71603), MI, NH, Licensed by the New Jersey Department of Banking and Insurance, NC, OH, PA, Rhode Island Licensed Lender and Broker, SC, TN, TX, VT, VA, and WV. First Home Mortgage Corporation NMLS ID #71603 (www.nmlsconsumeraccess.org<http://www.nmlsconsumeraccess.org>). You have received this email as a customer or subscriber. Equal Housing Opportunity.



Copyright Â© 2025 First Home Mortgage

Our address is 6211 Greenleigh Ave, Ste 300, Baltimore, MD 21220, USA



If you do not wish to receive future email, Click here to opt out.

(You can also send your request to Customer Care at the street address above.)



From: Yancy Lowe

Sent: Tuesday, May 26, 2026 12:02 PM

To: First Home VOE

Cc: Olu Ajayi

Subject: RE: VOE Order for Ugonna Okonkwo [1014522514-10]



Olu,

Do you know?



From: First Home VOE >

Sent: Tuesday, May 26, 2026 12:00 PM

To: Yancy Lowe >

Subject: VOE Order for Ugonna Okonkwo [1014522514-10]



Hello Yancy,



Can you please let me know if Ugonna Okonkwo goes by a different name? I am asking because while verifying employment for Adaobi I found out that she goes by Claire and that is why they could not find any dates for her for the longest time.



Thank you so much!



Sincerely,



Yasmim Phipps



First Home Mortgage Verification Team



voe@firsthome.com<mailto:voe@firsthome.com>



Phone: 443-725-7043



Fax: 443-725-0492



6211 Greenleigh Avenue, Suite 300, Baltimore MD 21220



(For questions or concerns on the status of your VOE please check the VOE pipeline at http://aze-app-1v/voesystem/pipeline)



---------Original Message----------------------



From: voe@firsthome.com<mailto:voe@firsthome.com>



Sent: Fri, May 22, 2026 05:12 PM



To: ylowe@firsthome.com<mailto:ylowe@firsthome.com>, ylowe@firsthome.com<mailto:ylowe@firsthome.com>



Cc:



Subject: Confirmation of New VOE Order for Ugonna Okonkwo [1014522514-10]



This email is to confirm that a verification of employment order has been received for loan number 1014522514:



Borrower Name: Ugonna Okonkwo



Employer Name: EFMY Inc (EC Diner)



Order Number: 1014522514-10



Order Type: Verbal



Request Type: Data Correction



The following fields were updated:



FieldOld ValueNew ValueEncMonthsOnJob09EncStartDate2022-09-012022-06-03EncTerminationDate2025-05-092026-05-15EncYearsInLineOfWork43EncYearsOnJob43RequestNotePlease confirm termination date.



Contact at EC Dinner: Steve or Sulma or Kilo (443)649-7761 or (410)750-3300DataCorrectionReasonAdditional Information Requested



If you have any questions concerning this order, please do not hesitate to contact us at voe@firsthome.com<mailto:voe@firsthome.com>.



Sincerely,



First Home Mortgage Verification Team



6211 Greenleigh Avenue, Suite 300, Baltimore MD 21220



(For questions or concerns on the status of your VOE please check the VOE pipeline at http://aze-app-1v/voesystem/pipeline)



CONFIDENTIALITY NOTICE



The information contained in this electronic message is confidential information intended for the use of the individual or entity named above. If the reader of this message is not the intended recipient, or an employee or agent responsible for delivering this electronic message to the intended recipient, you are hereby notified that any dissemination, or copying of this communication is strictly prohibited. If this message contains non-public personal information about any consumer or customer of the sender or intended recipient, you are further prohibited under penalty of law from using or disclosing the information to any third party by provisions of the federal Gramm-Leach-Bliley Act. If you have received this electronic message in error, please immediately notify us by return email destroy the original message to assure that it is not read, copied, or distributed by others.

--=-2LlPRVeaZbWEGIFC4uLFzw==--
 
2026-05-27 11:16:36.8838 INFO Email Sent - Subject: REPLY ERROR - 1014522514-10 RE: VOE Order for Ugonna Okonkwo [1014522514-10] 
2026-05-27 11:16:36.9108 INFO Email Notification Sent: REPLY ERROR - 1014522514-10 RE: VOE Order for Ugonna Okonkwo [1014522514-10] 
2026-05-27 11:16:36.9388 INFO This order has been APPROVED and new emails are no longer monitored for this VOE.  

Current Employment Status: Prior

Please contact VOE@firsthome with the order number -found in the subject line of this email - in order to address your inquiry/concerns.

Sincerely,
First Home Mortgage Verification Team
6211 Greenleigh Avenue, Suite 300, Baltimore MD 21220  

(For questions or concerns on the status of your VOE please check the VOE pipeline at http://aze-app-1v/voesystem/pipeline)



CONFIDENTIALITY NOTICE
The information contained in this electronic message is confidential information intended for the use of the individual or entity named above. If the reader of this message is not the intended recipient, or an employee or agent responsible for delivering this electronic message to the intended recipient, you are hereby notified that any dissemination, or copying of this communication is strictly prohibited. If this message contains non-public personal information about any consumer or customer of the sender or intended recipient, you are further prohibited under penalty of law from using or disclosing the information to any third party by provisions of the federal Gramm-Leach-Bliley Act. If you have received this electronic message in error, please immediately notify us by return email destroy the original message to assure that it is not read, copied, or distributed by others.






Sincerely,
First Home Mortgage Verification Team
6211 Greenleigh Avenue, Suite 300, Baltimore MD 21220  

(For questions or concerns on the status of your VOE please check the VOE pipeline at http://aze-app-1v/voesystem/pipeline)

---------Original Message----------------------
From: OAjayi@firsthome.com
Sent: Wed, May 27, 2026 10:50 AM
To: VOE@firsthome.com, YLowe@firsthome.com
Cc: 
Subject: RE: VOE Order for Ugonna Okonkwo [1014522514-10]

You are welcome.

Thank you!
[Olu Ajayi]

[First Home Mortgage]<https://url.usb.m.mimecastprotect.com/s/GrDdCg7qkQhlg7GVIohzt4f2qq?domain=mail.firsthome.com>
Olu Ajayi
Loan Officer
NMLS 189732

DIRECT: 443-332-6624
MOBILE: 301-343-5551
EMAIL: oajayi@firsthome.com<mailto:oajayi@firsthome.com>

2200 Defense Highway Suite 400
Crofton, MD 21114

firsthome.com<https://url.usb.m.mimecastprotect.com/s/bGE3CjAwnOcj6vRpC5iZtmbUkn?domain=mail.firsthome.com>

[Pre-qualify now]<https://url.usb.m.mimecastprotect.com/s/7FugCk6xoOHnLp5mi9srtG2YPp?domain=mail.firsthome.com>   [facebook] <https://url.usb.m.mimecastprotect.com/s/8e0-Cl8ypMfo9vXgI1tRtz_cRZ?domain=mail.firsthome.com>  [LinkedIn] <https://url.usb.m.mimecastprotect.com/s/CzlkCm7zEMh50rWEFDuOtRBOvL?domain=mail.firsthome.com>  [Twitter] <https://url.usb.m.mimecastprotect.com/s/76QFCnGAzNhGyYmMFpCwtJH63-?domain=mail.firsthome.com>  [Instagram] <https://url.usb.m.mimecastprotect.com/s/-M5QCoABO6cXo0vxf7FltpNYtp?domain=mail.firsthome.com>  [YouTube] <https://url.usb.m.mimecastprotect.com/s/VhLMCp9DzXfzlBAXUxHqtGjUXV?domain=mail.firsthome.com>  [Zillow] <https://url.usb.m.mimecastprotect.com/s/374fCqAE2McO4oXmTpINtEQBgp?domain=mail.firsthome.com>





This is not a guarantee to extend consumer credit as defined by Section 1026.2 of Regulation Z. Programs, interest rates, terms and fees are subject to change without notice. Income restrictions, minimum credit scores, and other program requirements and qualifications may apply to certain programs. All loans are subject to credit approval and property appraisal. Refinancing your current mortgage loan could result in the total finance charge to be higher over the life of the loan. First Home Mortgage Corporation of America, First Home Mortgage Services, and First Home Mortgage Company of Maryland are d/b/a’s of First Home Mortgage Corporation. Licensed in CT, DE, DC, FL, GA, IN, KY, ME, MD, Massachusetts Mortgage Lender and Broker (Lic. #MC71603), MI, NH, Licensed by the New Jersey Department of Banking and Insurance, NC, OH, PA, Rhode Island Licensed Lender and Broker, SC, TN, TX, VT, VA, and WV. First Home Mortgage Corporation NMLS ID #71603 (www.nmlsconsumeraccess.org<https://url.usb.m.mimecastprotect.com/s/r9pfCrgGYMSANG2LI3SJt4JOJ4?domain=mail.firsthome.com>). You have received this email as a customer or subscriber. Equal Housing Opportunity.


Copyright © 2025 First Home Mortgage
Our address is 6211 Greenleigh Ave, Ste 300, Baltimore, MD 21220, USA

If you do not wish to receive future email, Click here to opt out<https://url.usb.m.mimecastprotect.com/s/iC_ICvmMj9tWB3AMhgTptQCSUD?domain=mail.firsthome.com>.
(You can also send your request to Customer Care at the street address above.)




From: First Home VOE <VOE@firsthome.com>
Sent: Wednesday, May 27, 2026 10:50 AM
To: Yancy Lowe <YLowe@firsthome.com>; Olu Ajayi <OAjayi@firsthome.com>
Subject: RE: VOE Order for Ugonna Okonkwo [1014522514-10]


Great. Thanks!



Sincerely,



Yasmim Phipps

First Home Mortgage Verification Team

voe@firsthome.com<mailto:voe@firsthome.com>

Phone: 443-725-7043

Fax: 443-725-0492

6211 Greenleigh Avenue, Suite 300, Baltimore MD 21220



(For questions or concerns on the status of your VOE please check the VOE pipeline at http://aze-app-1v/voesystem/pipeline)



---------Original Message----------------------

From: OAjayi@firsthome.com<mailto:OAjayi@firsthome.com>

Sent: Tue, May 26, 2026 12:44 PM

To: YLowe@firsthome.com<mailto:YLowe@firsthome.com>, VOE@firsthome.com<mailto:VOE@firsthome.com>

Cc:

Subject: RE: VOE Order for Ugonna Okonkwo [1014522514-10]



He confirmed that he doesn’t use any other name.



Thank you!

[Olu Ajayi]



[First Home Mortgage]

Olu Ajayi

Loan Officer

NMLS 189732



DIRECT: 443-332-6624

MOBILE: 301-343-5551

EMAIL: oajayi@firsthome.com<mailto:oajayi@firsthome.com>



2200 Defense Highway Suite 400

Crofton, MD 21114



firsthome.com



[Pre-qualify now] [facebook] [LinkedIn] [Twitter] [Instagram] [YouTube] [Zillow]



This is not a guarantee to extend consumer credit as defined by Section 1026.2 of Regulation Z. Programs, interest rates, terms and fees are subject to change without notice. Income restrictions, minimum credit scores, and other program requirements and qualifications may apply to certain programs. All loans are subject to credit approval and property appraisal. Refinancing your current mortgage loan could result in the total finance charge to be higher over the life of the loan. First Home Mortgage Corporation of America, First Home Mortgage Services, and First Home Mortgage Company of Maryland are d/b/a’s of First Home Mortgage Corporation. Licensed in CT, DE, DC, FL, GA, IN, KY, ME, MD, Massachusetts Mortgage Lender and Broker (Lic. #MC71603), MI, NH, Licensed by the New Jersey Department of Banking and Insurance, NC, OH, PA, Rhode Island Licensed Lender and Broker, SC, TN, TX, VT, VA, and WV. First Home Mortgage Corporation NMLS ID #71603 (www.nmlsconsumeraccess.org<http://www.nmlsconsumeraccess.org>). You have received this email as a customer or subscriber. Equal Housing Opportunity.



Copyright © 2025 First Home Mortgage

Our address is 6211 Greenleigh Ave, Ste 300, Baltimore, MD 21220, USA



If you do not wish to receive future email, Click here to opt out.

(You can also send your request to Customer Care at the street address above.)



From: Yancy Lowe

Sent: Tuesday, May 26, 2026 12:02 PM

To: First Home VOE

Cc: Olu Ajayi

Subject: RE: VOE Order for Ugonna Okonkwo [1014522514-10]



Olu,

Do you know?



From: First Home VOE >

Sent: Tuesday, May 26, 2026 12:00 PM

To: Yancy Lowe >

Subject: VOE Order for Ugonna Okonkwo [1014522514-10]



Hello Yancy,



Can you please let me know if Ugonna Okonkwo goes by a different name? I am asking because while verifying employment for Adaobi I found out that she goes by Claire and that is why they could not find any dates for her for the longest time.



Thank you so much!



Sincerely,



Yasmim Phipps



First Home Mortgage Verification Team



voe@firsthome.com<mailto:voe@firsthome.com>



Phone: 443-725-7043



Fax: 443-725-0492



6211 Greenleigh Avenue, Suite 300, Baltimore MD 21220



(For questions or concerns on the status of your VOE please check the VOE pipeline at http://aze-app-1v/voesystem/pipeline)



---------Original Message----------------------



From: voe@firsthome.com<mailto:voe@firsthome.com>



Sent: Fri, May 22, 2026 05:12 PM



To: ylowe@firsthome.com<mailto:ylowe@firsthome.com>, ylowe@firsthome.com<mailto:ylowe@firsthome.com>



Cc:



Subject: Confirmation of New VOE Order for Ugonna Okonkwo [1014522514-10]



This email is to confirm that a verification of employment order has been received for loan number 1014522514:



Borrower Name: Ugonna Okonkwo



Employer Name: EFMY Inc (EC Diner)



Order Number: 1014522514-10



Order Type: Verbal



Request Type: Data Correction



The following fields were updated:



FieldOld ValueNew ValueEncMonthsOnJob09EncStartDate2022-09-012022-06-03EncTerminationDate2025-05-092026-05-15EncYearsInLineOfWork43EncYearsOnJob43RequestNotePlease confirm termination date.



Contact at EC Dinner: Steve or Sulma or Kilo (443)649-7761 or (410)750-3300DataCorrectionReasonAdditional Information Requested



If you have any questions concerning this order, please do not hesitate to contact us at voe@firsthome.com<mailto:voe@firsthome.com>.



Sincerely,



First Home Mortgage Verification Team



6211 Greenleigh Avenue, Suite 300, Baltimore MD 21220



(For questions or concerns on the status of your VOE please check the VOE pipeline at http://aze-app-1v/voesystem/pipeline)



CONFIDENTIALITY NOTICE



The information contained in this electronic message is confidential information intended for the use of the individual or entity named above. If the reader of this message is not the intended recipient, or an employee or agent responsible for delivering this electronic message to the intended recipient, you are hereby notified that any dissemination, or copying of this communication is strictly prohibited. If this message contains non-public personal information about any consumer or customer of the sender or intended recipient, you are further prohibited under penalty of law from using or disclosing the information to any third party by provisions of the federal Gramm-Leach-Bliley Act. If you have received this electronic message in error, please immediately notify us by return email destroy the original message to assure that it is not read, copied, or distributed by others.
 
2026-05-27 11:16:36.9758 INFO Email Logged: REPLY ERROR - 1014522514-10 RE: VOE Order for Ugonna Okonkwo [1014522514-10] 
2026-05-27 11:16:37.0078 INFO Email Logged to Database: AAkALgAAAAAAHYQDEapmEc2byACqAC-EWg0A-XGp6OdBg0CxQrF5bBnBPAAHIkGDgQAA RE: VOE Order for Ugonna Okonkwo [1014522514-10] 10:50 AM 
2026-05-27 11:16:37.0349 INFO Getting message voe@firsthome.com: AAkALgAAAAAAHYQDEapmEc2byACqAC-EWg0A-XGp6OdBg0CxQrF5bBnBPAAHIkF7kwAA 
2026-05-27 11:16:37.4733 INFO Getting message HTML voe@firsthome.com: AAkALgAAAAAAHYQDEapmEc2byACqAC-EWg0A-XGp6OdBg0CxQrF5bBnBPAAHIkF7kwAA 
2026-05-27 11:16:37.5029 INFO Getting message voe@firsthome.com: AAkALgAAAAAAHYQDEapmEc2byACqAC-EWg0A-XGp6OdBg0CxQrF5bBnBPAAHIkF7kwAA 
2026-05-27 11:17:02.1483 INFO Email Logged: Melissa Backman, First Home Mortgage would like to verify your income and employment 
2026-05-27 11:17:02.2003 INFO Email Logged to Database: AAkALgAAAAAAHYQDEapmEc2byACqAC-EWg0A-XGp6OdBg0CxQrF5bBnBPAAHIkF7kwAA Melissa Backman, First Home Mortgage would like to verify your income and employment 10:45 AM 
2026-05-27 11:17:02.2283 INFO Getting message voe@firsthome.com: AAkALgAAAAAAHYQDEapmEc2byACqAC-EWg0A-XGp6OdBg0CxQrF5bBnBPAAHIkF7fQAA 
2026-05-27 11:17:02.3943 INFO Getting message HTML voe@firsthome.com: AAkALgAAAAAAHYQDEapmEc2byACqAC-EWg0A-XGp6OdBg0CxQrF5bBnBPAAHIkF7fQAA 
2026-05-27 11:17:02.4323 INFO Getting message voe@firsthome.com: AAkALgAAAAAAHYQDEapmEc2byACqAC-EWg0A-XGp6OdBg0CxQrF5bBnBPAAHIkF7fQAA 
2026-05-27 11:17:02.7614 INFO Email Logged: Re: Final Verification MyBiz Request [1081518749-04] 
2026-05-27 11:17:02.8008 INFO Email Logged to Database: AAkALgAAAAAAHYQDEapmEc2byACqAC-EWg0A-XGp6OdBg0CxQrF5bBnBPAAHIkF7fQAA Re: Final Verification MyBiz Request [1081518749-04] 10:43 AM 
2026-05-27 11:17:02.8294 INFO Getting message voe@firsthome.com: AAkALgAAAAAAHYQDEapmEc2byACqAC-EWg0A-XGp6OdBg0CxQrF5bBnBPAAHIkF7dwAA 
2026-05-27 11:17:03.0290 INFO Getting message HTML voe@firsthome.com: AAkALgAAAAAAHYQDEapmEc2byACqAC-EWg0A-XGp6OdBg0CxQrF5bBnBPAAHIkF7dwAA 
2026-05-27 11:17:03.0600 INFO Getting message voe@firsthome.com: AAkALgAAAAAAHYQDEapmEc2byACqAC-EWg0A-XGp6OdBg0CxQrF5bBnBPAAHIkF7dwAA 
2026-05-27 11:17:03.3923 INFO Email Logged: Automatic reply: Your Verification of Employment - Assistance Needed [1050518236-03] 
2026-05-27 11:17:03.4360 INFO Email Logged to Database: AAkALgAAAAAAHYQDEapmEc2byACqAC-EWg0A-XGp6OdBg0CxQrF5bBnBPAAHIkF7dwAA Automatic reply: Your Verification of Employment - Assistance Needed [1050518236-03] 10:42 AM 
2026-05-27 11:17:03.4720 INFO Getting message voe@firsthome.com: AAkALgAAAAAAHYQDEapmEc2byACqAC-EWg0A-XGp6OdBg0CxQrF5bBnBPAAHIkF7YAAA 
2026-05-27 11:17:04.0266 INFO Getting message HTML voe@firsthome.com: AAkALgAAAAAAHYQDEapmEc2byACqAC-EWg0A-XGp6OdBg0CxQrF5bBnBPAAHIkF7YAAA 
2026-05-27 11:17:04.0666 INFO Getting message voe@firsthome.com: AAkALgAAAAAAHYQDEapmEc2byACqAC-EWg0A-XGp6OdBg0CxQrF5bBnBPAAHIkF7YAAA 
2026-05-27 11:17:04.4786 INFO Skipping Attachment - DisallowedFileType: image001.png in AAkALgAAAAAAHYQDEapmEc2byACqAC-EWg0A-XGp6OdBg0CxQrF5bBnBPAAHIkF7YAAA 
2026-05-27 11:17:04.6546 ERROR Error Uploading File 1047525039;C:\Temp\VOERepository\Documents\Upload\20260527111704654_1047525039_image002.jpg;image002.jpg 
2026-05-27 11:17:04.6962 ERROR System.IO.DirectoryNotFoundException: Could not find a part of the path 'C:\Temp\VOERepository\Documents\Upload\20260527111704654_1047525039_image002.jpg'.
   at System.IO.__Error.WinIOError(Int32 errorCode, String maybeFullPath)
   at System.IO.FileStream.Init(String path, FileMode mode, FileAccess access, Int32 rights, Boolean useRights, FileShare share, Int32 bufferSize, FileOptions options, SECURITY_ATTRIBUTES secAttrs, String msgPath, Boolean bFromProxy, Boolean useLongPath, Boolean checkHost)
   at System.IO.FileStream..ctor(String path, FileMode mode, FileAccess access, FileShare share, Int32 bufferSize, FileOptions options, String msgPath, Boolean bFromProxy, Boolean useLongPath, Boolean checkHost)
   at System.IO.StreamWriter.CreateFile(String path, Boolean append, Boolean checkHost)
   at System.IO.StreamWriter..ctor(String path, Boolean append, Encoding encoding, Int32 bufferSize, Boolean checkHost)
   at System.IO.StreamWriter..ctor(String path, Boolean append)
   at ServiceStack.ServiceHost.FileExtensions.SaveTo(IFile file, String filePath)
   at VOESystem.Data.Business.DocumentOps.uploadFile(IDbConnection dbConn, IFile file, String userName, Nullable`1 OrderRequestId, Nullable`1 EmployerId, DocumentType doctype, Boolean UploadToEncompass, String LoanNumber, String filePathName, Nullable`1 DocumentContentTypeId, String baseUrl) in C:\Data\FirstMortgage\BitBucket\voesystem\VOEFrontend\VOESystem.Data\Business\DocumentOps.cs:line 265 System.IO.DirectoryNotFoundException: Could not find a part of the path 'C:\Temp\VOERepository\Documents\Upload\20260527111704654_1047525039_image002.jpg'.
   at System.IO.__Error.WinIOError(Int32 errorCode, String maybeFullPath)
   at System.IO.FileStream.Init(String path, FileMode mode, FileAccess access, Int32 rights, Boolean useRights, FileShare share, Int32 bufferSize, FileOptions options, SECURITY_ATTRIBUTES secAttrs, String msgPath, Boolean bFromProxy, Boolean useLongPath, Boolean checkHost)
   at System.IO.FileStream..ctor(String path, FileMode mode, FileAccess access, FileShare share, Int32 bufferSize, FileOptions options, String msgPath, Boolean bFromProxy, Boolean useLongPath, Boolean checkHost)
   at System.IO.StreamWriter.CreateFile(String path, Boolean append, Boolean checkHost)
   at System.IO.StreamWriter..ctor(String path, Boolean append, Encoding encoding, Int32 bufferSize, Boolean checkHost)
   at System.IO.StreamWriter..ctor(String path, Boolean append)
   at ServiceStack.ServiceHost.FileExtensions.SaveTo(IFile file, String filePath)
   at VOESystem.Data.Business.DocumentOps.uploadFile(IDbConnection dbConn, IFile file, String userName, Nullable`1 OrderRequestId, Nullable`1 EmployerId, DocumentType doctype, Boolean UploadToEncompass, String LoanNumber, String filePathName, Nullable`1 DocumentContentTypeId, String baseUrl) in C:\Data\FirstMortgage\BitBucket\voesystem\VOEFrontend\VOESystem.Data\Business\DocumentOps.cs:line 265
2026-05-27 11:17:04.7431 ERROR Error Uploading Attachment to VOE System: C:\Temp\MailAttachments\AAkALgAAAAAAHYQDEapmEc2byACqACEWg0AXGp6OdBg0CxQrF5bBnBPAAHIkF7YAAAimage002jpg 
2026-05-27 11:17:04.7757 ERROR System.Exception: Exception of type 'System.Exception' was thrown. System.Exception: Exception of type 'System.Exception' was thrown.
2026-05-27 11:17:04.8958 INFO Email Logged: RE: [External] Verification of Employment Request Savannah L Poling [1047525039-01] 
2026-05-27 11:17:04.9537 INFO Email Logged to Database: AAkALgAAAAAAHYQDEapmEc2byACqAC-EWg0A-XGp6OdBg0CxQrF5bBnBPAAHIkF7YAAA RE: [External] Verification of Employment Request Savannah L Poling [1047525039-01] 10:40 AM 
2026-05-27 11:17:05.0014 INFO Getting message voe@firsthome.com: AAkALgAAAAAAHYQDEapmEc2byACqAC-EWg0A-XGp6OdBg0CxQrF5bBnBPAAHIkF7NgAA 
2026-05-27 11:17:05.1875 INFO Getting message HTML voe@firsthome.com: AAkALgAAAAAAHYQDEapmEc2byACqAC-EWg0A-XGp6OdBg0CxQrF5bBnBPAAHIkF7NgAA 
2026-05-27 11:17:05.2198 INFO Getting message voe@firsthome.com: AAkALgAAAAAAHYQDEapmEc2byACqAC-EWg0A-XGp6OdBg0CxQrF5bBnBPAAHIkF7NgAA 
2026-05-27 11:17:13.0040 INFO Email Logged: Claiborne Holt Rogers, First Home Mortgage would like to verify your income and employment 
2026-05-27 11:17:13.0430 INFO Email Logged to Database: AAkALgAAAAAAHYQDEapmEc2byACqAC-EWg0A-XGp6OdBg0CxQrF5bBnBPAAHIkF7NgAA Claiborne Holt Rogers, First Home Mortgage would like to verify your income and employment 10:35 AM 
2026-05-27 11:17:13.0760 INFO Getting message voe@firsthome.com: AAkALgAAAAAAHYQDEapmEc2byACqAC-EWg0A-XGp6OdBg0CxQrF5bBnBPAAHIkF7CwAA 
2026-05-27 11:17:13.2401 INFO Getting message HTML voe@firsthome.com: AAkALgAAAAAAHYQDEapmEc2byACqAC-EWg0A-XGp6OdBg0CxQrF5bBnBPAAHIkF7CwAA 
2026-05-27 11:17:13.2751 INFO Getting message voe@firsthome.com: AAkALgAAAAAAHYQDEapmEc2byACqAC-EWg0A-XGp6OdBg0CxQrF5bBnBPAAHIkF7CwAA 
2026-05-27 11:18:53.5898 ERROR Error making web redirect request: https://url.usb.m.mimecastprotect.com/s/veIbCvmMj9tE9KkXtAsoUQSF9Z?domain=url4970.truv.com 
2026-05-27 11:18:53.6238 ERROR System.Net.WebException: The operation has timed out
   at System.Net.HttpWebRequest.GetResponse()
   at VOESystem.Data.Business.BusinessBase.getWebRequestRedirect(String URL) in C:\Data\FirstMortgage\BitBucket\voesystem\VOEFrontend\VOESystem.Data\Business\BusinessBase.cs:line 607 System.Net.WebException: The operation has timed out
   at System.Net.HttpWebRequest.GetResponse()
   at VOESystem.Data.Business.BusinessBase.getWebRequestRedirect(String URL) in C:\Data\FirstMortgage\BitBucket\voesystem\VOEFrontend\VOESystem.Data\Business\BusinessBase.cs:line 607
2026-05-27 11:18:53.6938 INFO Retrying Redirect URL: The operation has timed out 
2026-05-27 11:20:33.7383 ERROR Error making web redirect request: https://url.usb.m.mimecastprotect.com/s/veIbCvmMj9tE9KkXtAsoUQSF9Z?domain=url4970.truv.com 
2026-05-27 11:20:33.7809 ERROR System.Net.WebException: The operation has timed out
   at System.Net.HttpWebRequest.GetResponse()
   at VOESystem.Data.Business.BusinessBase.getWebRequestRedirect(String URL) in C:\Data\FirstMortgage\BitBucket\voesystem\VOEFrontend\VOESystem.Data\Business\BusinessBase.cs:line 607 System.Net.WebException: The operation has timed out
   at System.Net.HttpWebRequest.GetResponse()
   at VOESystem.Data.Business.BusinessBase.getWebRequestRedirect(String URL) in C:\Data\FirstMortgage\BitBucket\voesystem\VOEFrontend\VOESystem.Data\Business\BusinessBase.cs:line 607
2026-05-27 11:20:33.8229 INFO Retrying Redirect URL: The operation has timed out 
2026-05-27 11:22:13.8697 ERROR Error making web redirect request: https://url.usb.m.mimecastprotect.com/s/veIbCvmMj9tE9KkXtAsoUQSF9Z?domain=url4970.truv.com 
2026-05-27 11:22:13.9097 ERROR System.Net.WebException: The operation has timed out
   at System.Net.HttpWebRequest.GetResponse()
   at VOESystem.Data.Business.BusinessBase.getWebRequestRedirect(String URL) in C:\Data\FirstMortgage\BitBucket\voesystem\VOEFrontend\VOESystem.Data\Business\BusinessBase.cs:line 607 System.Net.WebException: The operation has timed out
   at System.Net.HttpWebRequest.GetResponse()
   at VOESystem.Data.Business.BusinessBase.getWebRequestRedirect(String URL) in C:\Data\FirstMortgage\BitBucket\voesystem\VOEFrontend\VOESystem.Data\Business\BusinessBase.cs:line 607
2026-05-27 11:22:13.9487 INFO Retrying Redirect URL: The operation has timed out 
2026-05-27 11:22:13.9891 ERROR Error Importing Email: AAkALgAAAAAAHYQDEapmEc2byACqAC-EWg0A-XGp6OdBg0CxQrF5bBnBPAAHIkF7CwAA Cathleen Flynn, First Home Mortgage would like to verify your income and employment 10:25 AM 
2026-05-27 11:22:14.0159 ERROR System.Exception: Truv Redirect Order URL Not Found
   at VOEBackend.Email.BaseClass.getOrderRequestFromTruvRedirect(IDbConnection dbConn, String emailBody) in T:\Griffin\SVNDev\VOESystem\VOEBackend\VOEBackend.Email\BaseClass.cs:line 298
   at VOEBackend.Email.EmailOps.insertMail(IMailMessage msg) in T:\Griffin\SVNDev\VOESystem\VOEBackend\VOEBackend.Email\EmailOps.cs:line 73 System.Exception: Truv Redirect Order URL Not Found
   at VOEBackend.Email.BaseClass.getOrderRequestFromTruvRedirect(IDbConnection dbConn, String emailBody) in T:\Griffin\SVNDev\VOESystem\VOEBackend\VOEBackend.Email\BaseClass.cs:line 298
   at VOEBackend.Email.EmailOps.insertMail(IMailMessage msg) in T:\Griffin\SVNDev\VOESystem\VOEBackend\VOEBackend.Email\EmailOps.cs:line 73
2026-05-27 11:22:14.0759 INFO Getting message voe@firsthome.com: AAkALgAAAAAAHYQDEapmEc2byACqAC-EWg0A-XGp6OdBg0CxQrF5bBnBPAAHIkF7BwAA 
2026-05-27 11:22:14.2505 INFO Getting message HTML voe@firsthome.com: AAkALgAAAAAAHYQDEapmEc2byACqAC-EWg0A-XGp6OdBg0CxQrF5bBnBPAAHIkF7BwAA 
2026-05-27 11:22:14.2815 INFO Getting message voe@firsthome.com: AAkALgAAAAAAHYQDEapmEc2byACqAC-EWg0A-XGp6OdBg0CxQrF5bBnBPAAHIkF7BwAA 
2026-05-27 11:23:54.5755 ERROR Error making web redirect request: https://url.usb.m.mimecastprotect.com/s/oOPKCoABO6cDnZyoI6sJUpYXcb?domain=url4970.truv.com 
2026-05-27 11:23:54.6205 ERROR System.Net.WebException: The operation has timed out
   at System.Net.HttpWebRequest.GetResponse()
   at VOESystem.Data.Business.BusinessBase.getWebRequestRedirect(String URL) in C:\Data\FirstMortgage\BitBucket\voesystem\VOEFrontend\VOESystem.Data\Business\BusinessBase.cs:line 607 System.Net.WebException: The operation has timed out
   at System.Net.HttpWebRequest.GetResponse()
   at VOESystem.Data.Business.BusinessBase.getWebRequestRedirect(String URL) in C:\Data\FirstMortgage\BitBucket\voesystem\VOEFrontend\VOESystem.Data\Business\BusinessBase.cs:line 607
2026-05-27 11:23:54.6665 INFO Retrying Redirect URL: The operation has timed out 
2026-05-27 11:25:34.7154 ERROR Error making web redirect request: https://url.usb.m.mimecastprotect.com/s/oOPKCoABO6cDnZyoI6sJUpYXcb?domain=url4970.truv.com 
2026-05-27 11:25:34.7547 ERROR System.Net.WebException: The operation has timed out
   at System.Net.HttpWebRequest.GetResponse()
   at VOESystem.Data.Business.BusinessBase.getWebRequestRedirect(String URL) in C:\Data\FirstMortgage\BitBucket\voesystem\VOEFrontend\VOESystem.Data\Business\BusinessBase.cs:line 607 System.Net.WebException: The operation has timed out
   at System.Net.HttpWebRequest.GetResponse()
   at VOESystem.Data.Business.BusinessBase.getWebRequestRedirect(String URL) in C:\Data\FirstMortgage\BitBucket\voesystem\VOEFrontend\VOESystem.Data\Business\BusinessBase.cs:line 607
2026-05-27 11:25:34.8007 INFO Retrying Redirect URL: The operation has timed out 
2026-05-27 11:27:14.8460 ERROR Error making web redirect request: https://url.usb.m.mimecastprotect.com/s/oOPKCoABO6cDnZyoI6sJUpYXcb?domain=url4970.truv.com 
2026-05-27 11:27:14.9180 ERROR System.Net.WebException: The operation has timed out
   at System.Net.HttpWebRequest.GetResponse()
   at VOESystem.Data.Business.BusinessBase.getWebRequestRedirect(String URL) in C:\Data\FirstMortgage\BitBucket\voesystem\VOEFrontend\VOESystem.Data\Business\BusinessBase.cs:line 607 System.Net.WebException: The operation has timed out
   at System.Net.HttpWebRequest.GetResponse()
   at VOESystem.Data.Business.BusinessBase.getWebRequestRedirect(String URL) in C:\Data\FirstMortgage\BitBucket\voesystem\VOEFrontend\VOESystem.Data\Business\BusinessBase.cs:line 607
2026-05-27 11:27:14.9720 INFO Retrying Redirect URL: The operation has timed out 
2026-05-27 11:27:15.0191 ERROR Error Importing Email: AAkALgAAAAAAHYQDEapmEc2byACqAC-EWg0A-XGp6OdBg0CxQrF5bBnBPAAHIkF7BwAA Robert Garrett, First Home Mortgage would like to verify your income and employment 10:25 AM 
2026-05-27 11:27:15.0601 ERROR System.Exception: Truv Redirect Order URL Not Found
   at VOEBackend.Email.BaseClass.getOrderRequestFromTruvRedirect(IDbConnection dbConn, String emailBody) in T:\Griffin\SVNDev\VOESystem\VOEBackend\VOEBackend.Email\BaseClass.cs:line 298
   at VOEBackend.Email.EmailOps.insertMail(IMailMessage msg) in T:\Griffin\SVNDev\VOESystem\VOEBackend\VOEBackend.Email\EmailOps.cs:line 73 System.Exception: Truv Redirect Order URL Not Found
   at VOEBackend.Email.BaseClass.getOrderRequestFromTruvRedirect(IDbConnection dbConn, String emailBody) in T:\Griffin\SVNDev\VOESystem\VOEBackend\VOEBackend.Email\BaseClass.cs:line 298
   at VOEBackend.Email.EmailOps.insertMail(IMailMessage msg) in T:\Griffin\SVNDev\VOESystem\VOEBackend\VOEBackend.Email\EmailOps.cs:line 73
2026-05-27 11:27:15.1351 INFO Getting message voe@firsthome.com: AAkALgAAAAAAHYQDEapmEc2byACqAC-EWg0A-XGp6OdBg0CxQrF5bBnBPAAHIkF7AQAA 
2026-05-27 11:27:15.3291 INFO Getting message HTML voe@firsthome.com: AAkALgAAAAAAHYQDEapmEc2byACqAC-EWg0A-XGp6OdBg0CxQrF5bBnBPAAHIkF7AQAA 
2026-05-27 11:27:15.3981 INFO Getting message voe@firsthome.com: AAkALgAAAAAAHYQDEapmEc2byACqAC-EWg0A-XGp6OdBg0CxQrF5bBnBPAAHIkF7AQAA 
2026-05-27 11:28:55.6818 ERROR Error making web redirect request: https://url.usb.m.mimecastprotect.com/s/xv0RCg7qkQhq3pzNH3s7U4iYfv?domain=url4970.truv.com 
2026-05-27 11:28:55.7839 ERROR System.Net.WebException: The operation has timed out
   at System.Net.HttpWebRequest.GetResponse()
   at VOESystem.Data.Business.BusinessBase.getWebRequestRedirect(String URL) in C:\Data\FirstMortgage\BitBucket\voesystem\VOEFrontend\VOESystem.Data\Business\BusinessBase.cs:line 607 System.Net.WebException: The operation has timed out
   at System.Net.HttpWebRequest.GetResponse()
   at VOESystem.Data.Business.BusinessBase.getWebRequestRedirect(String URL) in C:\Data\FirstMortgage\BitBucket\voesystem\VOEFrontend\VOESystem.Data\Business\BusinessBase.cs:line 607
2026-05-27 11:28:55.8382 INFO Retrying Redirect URL: The operation has timed out 
2026-05-27 11:30:35.8920 ERROR Error making web redirect request: https://url.usb.m.mimecastprotect.com/s/xv0RCg7qkQhq3pzNH3s7U4iYfv?domain=url4970.truv.com 
2026-05-27 11:30:35.9340 ERROR System.Net.WebException: The operation has timed out
   at System.Net.HttpWebRequest.GetResponse()
   at VOESystem.Data.Business.BusinessBase.getWebRequestRedirect(String URL) in C:\Data\FirstMortgage\BitBucket\voesystem\VOEFrontend\VOESystem.Data\Business\BusinessBase.cs:line 607 System.Net.WebException: The operation has timed out
   at System.Net.HttpWebRequest.GetResponse()
   at VOESystem.Data.Business.BusinessBase.getWebRequestRedirect(String URL) in C:\Data\FirstMortgage\BitBucket\voesystem\VOEFrontend\VOESystem.Data\Business\BusinessBase.cs:line 607
2026-05-27 11:30:35.9740 INFO Retrying Redirect URL: The operation has timed out 
2026-05-27 11:32:16.0152 ERROR Error making web redirect request: https://url.usb.m.mimecastprotect.com/s/xv0RCg7qkQhq3pzNH3s7U4iYfv?domain=url4970.truv.com 
2026-05-27 11:32:16.0542 ERROR System.Net.WebException: The operation has timed out
   at System.Net.HttpWebRequest.GetResponse()
   at VOESystem.Data.Business.BusinessBase.getWebRequestRedirect(String URL) in C:\Data\FirstMortgage\BitBucket\voesystem\VOEFrontend\VOESystem.Data\Business\BusinessBase.cs:line 607 System.Net.WebException: The operation has timed out
   at System.Net.HttpWebRequest.GetResponse()
   at VOESystem.Data.Business.BusinessBase.getWebRequestRedirect(String URL) in C:\Data\FirstMortgage\BitBucket\voesystem\VOEFrontend\VOESystem.Data\Business\BusinessBase.cs:line 607
2026-05-27 11:32:16.0948 INFO Retrying Redirect URL: The operation has timed out 
2026-05-27 11:32:16.1329 ERROR Error Importing Email: AAkALgAAAAAAHYQDEapmEc2byACqAC-EWg0A-XGp6OdBg0CxQrF5bBnBPAAHIkF7AQAA Nader Barjesteh, First Home Mortgage would like to verify your income and employment 10:25 AM 
2026-05-27 11:32:16.1609 ERROR System.Exception: Truv Redirect Order URL Not Found
   at VOEBackend.Email.BaseClass.getOrderRequestFromTruvRedirect(IDbConnection dbConn, String emailBody) in T:\Griffin\SVNDev\VOESystem\VOEBackend\VOEBackend.Email\BaseClass.cs:line 298
   at VOEBackend.Email.EmailOps.insertMail(IMailMessage msg) in T:\Griffin\SVNDev\VOESystem\VOEBackend\VOEBackend.Email\EmailOps.cs:line 73 System.Exception: Truv Redirect Order URL Not Found
   at VOEBackend.Email.BaseClass.getOrderRequestFromTruvRedirect(IDbConnection dbConn, String emailBody) in T:\Griffin\SVNDev\VOESystem\VOEBackend\VOEBackend.Email\BaseClass.cs:line 298
   at VOEBackend.Email.EmailOps.insertMail(IMailMessage msg) in T:\Griffin\SVNDev\VOESystem\VOEBackend\VOEBackend.Email\EmailOps.cs:line 73
2026-05-27 11:32:16.1999 INFO Getting message voe@firsthome.com: AAkALgAAAAAAHYQDEapmEc2byACqAC-EWg0A-XGp6OdBg0CxQrF5bBnBPAAHIkF6-gAA 
2026-05-27 11:32:16.3789 INFO Getting message HTML voe@firsthome.com: AAkALgAAAAAAHYQDEapmEc2byACqAC-EWg0A-XGp6OdBg0CxQrF5bBnBPAAHIkF6-gAA 
2026-05-27 11:32:16.4079 INFO Getting message voe@firsthome.com: AAkALgAAAAAAHYQDEapmEc2byACqAC-EWg0A-XGp6OdBg0CxQrF5bBnBPAAHIkF6-gAA 
2026-05-27 11:33:56.7036 ERROR Error making web redirect request: https://url.usb.m.mimecastprotect.com/s/9QAVCm7zEMhpxDQGT9skURjPGP?domain=url4970.truv.com 
2026-05-27 11:33:56.7447 ERROR System.Net.WebException: The operation has timed out
   at System.Net.HttpWebRequest.GetResponse()
   at VOESystem.Data.Business.BusinessBase.getWebRequestRedirect(String URL) in C:\Data\FirstMortgage\BitBucket\voesystem\VOEFrontend\VOESystem.Data\Business\BusinessBase.cs:line 607 System.Net.WebException: The operation has timed out
   at System.Net.HttpWebRequest.GetResponse()
   at VOESystem.Data.Business.BusinessBase.getWebRequestRedirect(String URL) in C:\Data\FirstMortgage\BitBucket\voesystem\VOEFrontend\VOESystem.Data\Business\BusinessBase.cs:line 607
2026-05-27 11:33:56.7857 INFO Retrying Redirect URL: The operation has timed out 
2026-05-27 11:35:36.8380 ERROR Error making web redirect request: https://url.usb.m.mimecastprotect.com/s/9QAVCm7zEMhpxDQGT9skURjPGP?domain=url4970.truv.com 
2026-05-27 11:35:36.8760 ERROR System.Net.WebException: The operation has timed out
   at System.Net.HttpWebRequest.GetResponse()
   at VOESystem.Data.Business.BusinessBase.getWebRequestRedirect(String URL) in C:\Data\FirstMortgage\BitBucket\voesystem\VOEFrontend\VOESystem.Data\Business\BusinessBase.cs:line 607 System.Net.WebException: The operation has timed out
   at System.Net.HttpWebRequest.GetResponse()
   at VOESystem.Data.Business.BusinessBase.getWebRequestRedirect(String URL) in C:\Data\FirstMortgage\BitBucket\voesystem\VOEFrontend\VOESystem.Data\Business\BusinessBase.cs:line 607
2026-05-27 11:35:36.9203 INFO Retrying Redirect URL: The operation has timed out 
2026-05-27 11:37:16.9711 ERROR Error making web redirect request: https://url.usb.m.mimecastprotect.com/s/9QAVCm7zEMhpxDQGT9skURjPGP?domain=url4970.truv.com 
2026-05-27 11:37:17.0081 ERROR System.Net.WebException: The operation has timed out
   at System.Net.HttpWebRequest.GetResponse()
   at VOESystem.Data.Business.BusinessBase.getWebRequestRedirect(String URL) in C:\Data\FirstMortgage\BitBucket\voesystem\VOEFrontend\VOESystem.Data\Business\BusinessBase.cs:line 607 System.Net.WebException: The operation has timed out
   at System.Net.HttpWebRequest.GetResponse()
   at VOESystem.Data.Business.BusinessBase.getWebRequestRedirect(String URL) in C:\Data\FirstMortgage\BitBucket\voesystem\VOEFrontend\VOESystem.Data\Business\BusinessBase.cs:line 607
2026-05-27 11:37:17.0526 INFO Retrying Redirect URL: The operation has timed out 
2026-05-27 11:37:17.0966 ERROR Error Importing Email: AAkALgAAAAAAHYQDEapmEc2byACqAC-EWg0A-XGp6OdBg0CxQrF5bBnBPAAHIkF6-gAA Paula Barjesteh, First Home Mortgage would like to verify your income and employment 10:25 AM 
2026-05-27 11:37:17.1296 ERROR System.Exception: Truv Redirect Order URL Not Found
   at VOEBackend.Email.BaseClass.getOrderRequestFromTruvRedirect(IDbConnection dbConn, String emailBody) in T:\Griffin\SVNDev\VOESystem\VOEBackend\VOEBackend.Email\BaseClass.cs:line 298
   at VOEBackend.Email.EmailOps.insertMail(IMailMessage msg) in T:\Griffin\SVNDev\VOESystem\VOEBackend\VOEBackend.Email\EmailOps.cs:line 73 System.Exception: Truv Redirect Order URL Not Found
   at VOEBackend.Email.BaseClass.getOrderRequestFromTruvRedirect(IDbConnection dbConn, String emailBody) in T:\Griffin\SVNDev\VOESystem\VOEBackend\VOEBackend.Email\BaseClass.cs:line 298
   at VOEBackend.Email.EmailOps.insertMail(IMailMessage msg) in T:\Griffin\SVNDev\VOESystem\VOEBackend\VOEBackend.Email\EmailOps.cs:line 73
2026-05-27 11:37:17.1716 INFO Getting message voe@firsthome.com: AAkALgAAAAAAHYQDEapmEc2byACqAC-EWg0A-XGp6OdBg0CxQrF5bBnBPAAHIkF60gAA 
2026-05-27 11:37:17.4597 INFO Getting message HTML voe@firsthome.com: AAkALgAAAAAAHYQDEapmEc2byACqAC-EWg0A-XGp6OdBg0CxQrF5bBnBPAAHIkF60gAA 
2026-05-27 11:37:17.4907 INFO Getting message voe@firsthome.com: AAkALgAAAAAAHYQDEapmEc2byACqAC-EWg0A-XGp6OdBg0CxQrF5bBnBPAAHIkF60gAA 
2026-05-27 11:37:17.9339 INFO Skipping Attachment - DisallowedFileType: image in AAkALgAAAAAAHYQDEapmEc2byACqAC-EWg0A-XGp6OdBg0CxQrF5bBnBPAAHIkF60gAA 
2026-05-27 11:37:18.1274 ERROR Error Uploading File 1017522108;C:\Temp\VOERepository\Documents\Upload\20260527113718127_1017522108_20260527094219011-1017522108-VOEAttachments.pdf;20260527094219011_1017522108_VOEAttachments.pdf 
2026-05-27 11:37:18.1554 ERROR System.IO.DirectoryNotFoundException: Could not find a part of the path 'C:\Temp\VOERepository\Documents\Upload\20260527113718127_1017522108_20260527094219011-1017522108-VOEAttachments.pdf'.
   at System.IO.__Error.WinIOError(Int32 errorCode, String maybeFullPath)
   at System.IO.FileStream.Init(String path, FileMode mode, FileAccess access, Int32 rights, Boolean useRights, FileShare share, Int32 bufferSize, FileOptions options, SECURITY_ATTRIBUTES secAttrs, String msgPath, Boolean bFromProxy, Boolean useLongPath, Boolean checkHost)
   at System.IO.FileStream..ctor(String path, FileMode mode, FileAccess access, FileShare share, Int32 bufferSize, FileOptions options, String msgPath, Boolean bFromProxy, Boolean useLongPath, Boolean checkHost)
   at System.IO.StreamWriter.CreateFile(String path, Boolean append, Boolean checkHost)
   at System.IO.StreamWriter..ctor(String path, Boolean append, Encoding encoding, Int32 bufferSize, Boolean checkHost)
   at System.IO.StreamWriter..ctor(String path, Boolean append)
   at ServiceStack.ServiceHost.FileExtensions.SaveTo(IFile file, String filePath)
   at VOESystem.Data.Business.DocumentOps.uploadFile(IDbConnection dbConn, IFile file, String userName, Nullable`1 OrderRequestId, Nullable`1 EmployerId, DocumentType doctype, Boolean UploadToEncompass, String LoanNumber, String filePathName, Nullable`1 DocumentContentTypeId, String baseUrl) in C:\Data\FirstMortgage\BitBucket\voesystem\VOEFrontend\VOESystem.Data\Business\DocumentOps.cs:line 265 System.IO.DirectoryNotFoundException: Could not find a part of the path 'C:\Temp\VOERepository\Documents\Upload\20260527113718127_1017522108_20260527094219011-1017522108-VOEAttachments.pdf'.
   at System.IO.__Error.WinIOError(Int32 errorCode, String maybeFullPath)
   at System.IO.FileStream.Init(String path, FileMode mode, FileAccess access, Int32 rights, Boolean useRights, FileShare share, Int32 bufferSize, FileOptions options, SECURITY_ATTRIBUTES secAttrs, String msgPath, Boolean bFromProxy, Boolean useLongPath, Boolean checkHost)
   at System.IO.FileStream..ctor(String path, FileMode mode, FileAccess access, FileShare share, Int32 bufferSize, FileOptions options, String msgPath, Boolean bFromProxy, Boolean useLongPath, Boolean checkHost)
   at System.IO.StreamWriter.CreateFile(String path, Boolean append, Boolean checkHost)
   at System.IO.StreamWriter..ctor(String path, Boolean append, Encoding encoding, Int32 bufferSize, Boolean checkHost)
   at System.IO.StreamWriter..ctor(String path, Boolean append)
   at ServiceStack.ServiceHost.FileExtensions.SaveTo(IFile file, String filePath)
   at VOESystem.Data.Business.DocumentOps.uploadFile(IDbConnection dbConn, IFile file, String userName, Nullable`1 OrderRequestId, Nullable`1 EmployerId, DocumentType doctype, Boolean UploadToEncompass, String LoanNumber, String filePathName, Nullable`1 DocumentContentTypeId, String baseUrl) in C:\Data\FirstMortgage\BitBucket\voesystem\VOEFrontend\VOESystem.Data\Business\DocumentOps.cs:line 265
2026-05-27 11:37:18.1864 ERROR Error Uploading Attachment to VOE System: C:\Temp\MailAttachments\AAkALgAAAAAAHYQDEapmEc2byACqACEWg0AXGp6OdBg0CxQrF5bBnBPAAHIkF60gAA202605270942190111017522108VOEAttachmentspdf 
2026-05-27 11:37:18.2119 ERROR System.Exception: Exception of type 'System.Exception' was thrown. System.Exception: Exception of type 'System.Exception' was thrown.
2026-05-27 11:37:18.2547 INFO Email Logged: [EXT]URGENT Re-Verification of Employment [1017522108-05] 
2026-05-27 11:37:18.2884 INFO Email Logged to Database: AAkALgAAAAAAHYQDEapmEc2byACqAC-EWg0A-XGp6OdBg0CxQrF5bBnBPAAHIkF60gAA [EXT]URGENT Re-Verification of Employment [1017522108-05] 10:23 AM 
2026-05-27 11:37:18.3154 INFO Getting message voe@firsthome.com: AAkALgAAAAAAHYQDEapmEc2byACqAC-EWg0A-XGp6OdBg0CxQrF5bBnBPAAHIkF6aQAA 
2026-05-27 11:37:18.4554 INFO Getting message HTML voe@firsthome.com: AAkALgAAAAAAHYQDEapmEc2byACqAC-EWg0A-XGp6OdBg0CxQrF5bBnBPAAHIkF6aQAA 
2026-05-27 11:37:18.4834 INFO Getting message voe@firsthome.com: AAkALgAAAAAAHYQDEapmEc2byACqAC-EWg0A-XGp6OdBg0CxQrF5bBnBPAAHIkF6aQAA 
2026-05-27 11:37:18.7566 INFO Email Logged: Re: Final Verification MyBiz Request [1017523732-05] 
2026-05-27 11:37:18.7892 INFO Email Logged to Database: AAkALgAAAAAAHYQDEapmEc2byACqAC-EWg0A-XGp6OdBg0CxQrF5bBnBPAAHIkF6aQAA Re: Final Verification MyBiz Request [1017523732-05] 10:11 AM 
2026-05-27 11:51:56.0127 INFO Getting messages for folder voe@firsthome.com: Inbox 
2026-05-27 11:51:57.7746 INFO Getting message voe@firsthome.com: AAkALgAAAAAAHYQDEapmEc2byACqAC-EWg0A-XGp6OdBg0CxQrF5bBnBPAAHIkGF1AAA 
2026-05-27 11:51:58.0233 INFO Getting message HTML voe@firsthome.com: AAkALgAAAAAAHYQDEapmEc2byACqAC-EWg0A-XGp6OdBg0CxQrF5bBnBPAAHIkGF1AAA 
2026-05-27 11:51:58.0503 INFO Getting message voe@firsthome.com: AAkALgAAAAAAHYQDEapmEc2byACqAC-EWg0A-XGp6OdBg0CxQrF5bBnBPAAHIkGF1AAA 
2026-05-27 11:51:59.8305 INFO Skipping Attachment - DisallowedFileType: ATT00001.png in AAkALgAAAAAAHYQDEapmEc2byACqAC-EWg0A-XGp6OdBg0CxQrF5bBnBPAAHIkGF1AAA 
2026-05-27 11:52:00.1070 ERROR Error Uploading File 1014521680;C:\Temp\VOERepository\Documents\Upload\20260527115200093_1014521680_SIGNED-Size Highland - LW3.pdf;SIGNED_Size, Highland - LW3.pdf 
2026-05-27 11:52:00.1380 ERROR System.IO.DirectoryNotFoundException: Could not find a part of the path 'C:\Temp\VOERepository\Documents\Upload\20260527115200093_1014521680_SIGNED-Size Highland - LW3.pdf'.
   at System.IO.__Error.WinIOError(Int32 errorCode, String maybeFullPath)
   at System.IO.FileStream.Init(String path, FileMode mode, FileAccess access, Int32 rights, Boolean useRights, FileShare share, Int32 bufferSize, FileOptions options, SECURITY_ATTRIBUTES secAttrs, String msgPath, Boolean bFromProxy, Boolean useLongPath, Boolean checkHost)
   at System.IO.FileStream..ctor(String path, FileMode mode, FileAccess access, FileShare share, Int32 bufferSize, FileOptions options, String msgPath, Boolean bFromProxy, Boolean useLongPath, Boolean checkHost)
   at System.IO.StreamWriter.CreateFile(String path, Boolean append, Boolean checkHost)
   at System.IO.StreamWriter..ctor(String path, Boolean append, Encoding encoding, Int32 bufferSize, Boolean checkHost)
   at System.IO.StreamWriter..ctor(String path, Boolean append)
   at ServiceStack.ServiceHost.FileExtensions.SaveTo(IFile file, String filePath)
   at VOESystem.Data.Business.DocumentOps.uploadFile(IDbConnection dbConn, IFile file, String userName, Nullable`1 OrderRequestId, Nullable`1 EmployerId, DocumentType doctype, Boolean UploadToEncompass, String LoanNumber, String filePathName, Nullable`1 DocumentContentTypeId, String baseUrl) in C:\Data\FirstMortgage\BitBucket\voesystem\VOEFrontend\VOESystem.Data\Business\DocumentOps.cs:line 265 System.IO.DirectoryNotFoundException: Could not find a part of the path 'C:\Temp\VOERepository\Documents\Upload\20260527115200093_1014521680_SIGNED-Size Highland - LW3.pdf'.
   at System.IO.__Error.WinIOError(Int32 errorCode, String maybeFullPath)
   at System.IO.FileStream.Init(String path, FileMode mode, FileAccess access, Int32 rights, Boolean useRights, FileShare share, Int32 bufferSize, FileOptions options, SECURITY_ATTRIBUTES secAttrs, String msgPath, Boolean bFromProxy, Boolean useLongPath, Boolean checkHost)
   at System.IO.FileStream..ctor(String path, FileMode mode, FileAccess access, FileShare share, Int32 bufferSize, FileOptions options, String msgPath, Boolean bFromProxy, Boolean useLongPath, Boolean checkHost)
   at System.IO.StreamWriter.CreateFile(String path, Boolean append, Boolean checkHost)
   at System.IO.StreamWriter..ctor(String path, Boolean append, Encoding encoding, Int32 bufferSize, Boolean checkHost)
   at System.IO.StreamWriter..ctor(String path, Boolean append)
   at ServiceStack.ServiceHost.FileExtensions.SaveTo(IFile file, String filePath)
   at VOESystem.Data.Business.DocumentOps.uploadFile(IDbConnection dbConn, IFile file, String userName, Nullable`1 OrderRequestId, Nullable`1 EmployerId, DocumentType doctype, Boolean UploadToEncompass, String LoanNumber, String filePathName, Nullable`1 DocumentContentTypeId, String baseUrl) in C:\Data\FirstMortgage\BitBucket\voesystem\VOEFrontend\VOESystem.Data\Business\DocumentOps.cs:line 265
2026-05-27 11:52:00.2330 ERROR Error Uploading Attachment to VOE System: C:\Temp\MailAttachments\AAkALgAAAAAAHYQDEapmEc2byACqACEWg0AXGp6OdBg0CxQrF5bBnBPAAHIkGF1AAASIGNEDSize Highland  LW3pdf 
2026-05-27 11:52:00.2610 ERROR System.Exception: Exception of type 'System.Exception' was thrown. System.Exception: Exception of type 'System.Exception' was thrown.
2026-05-27 11:52:00.4000 INFO Email Logged: Re: URGENT Re-Verification of Employment [1014521680-02] 
2026-05-27 11:52:00.4510 INFO Email Logged to Database: AAkALgAAAAAAHYQDEapmEc2byACqAC-EWg0A-XGp6OdBg0CxQrF5bBnBPAAHIkGF1AAA Re: URGENT Re-Verification of Employment [1014521680-02] 11:45 AM 
2026-05-27 11:52:00.4820 INFO Getting message voe@firsthome.com: AAkALgAAAAAAHYQDEapmEc2byACqAC-EWg0A-XGp6OdBg0CxQrF5bBnBPAAHIkGFzwAA 
2026-05-27 11:52:00.6165 INFO Getting message HTML voe@firsthome.com: AAkALgAAAAAAHYQDEapmEc2byACqAC-EWg0A-XGp6OdBg0CxQrF5bBnBPAAHIkGFzwAA 
2026-05-27 11:52:00.6450 INFO Getting message voe@firsthome.com: AAkALgAAAAAAHYQDEapmEc2byACqAC-EWg0A-XGp6OdBg0CxQrF5bBnBPAAHIkGFzwAA 
2026-05-27 11:52:00.9227 INFO Skipping Attachment - Possible Signature Image: 59e31f0a-21c6-4c6e-9ac1-1fa831b221d5.png(9619K) in AAkALgAAAAAAHYQDEapmEc2byACqAC-EWg0A-XGp6OdBg0CxQrF5bBnBPAAHIkGFzwAA 
2026-05-27 11:52:00.9507 INFO Skipping Attachment - DisallowedFileType: 9f3356de-5012-4e9f-9d14-990f6ac40c92.png in AAkALgAAAAAAHYQDEapmEc2byACqAC-EWg0A-XGp6OdBg0CxQrF5bBnBPAAHIkGFzwAA 
2026-05-27 11:52:00.9757 INFO Skipping Attachment - Possible Signature Image: 808b87cf-b374-43e1-94e6-1d1956bdc705.png(844K) in AAkALgAAAAAAHYQDEapmEc2byACqAC-EWg0A-XGp6OdBg0CxQrF5bBnBPAAHIkGFzwAA 
2026-05-27 11:52:01.0027 INFO Skipping Attachment - Possible Signature Image: f9875518-7f8d-4ed9-87d0-558ff94b789e.png(2510K) in AAkALgAAAAAAHYQDEapmEc2byACqAC-EWg0A-XGp6OdBg0CxQrF5bBnBPAAHIkGFzwAA 
2026-05-27 11:52:01.0293 INFO Skipping Attachment - Possible Signature Image: 557ac073-ae5d-4a34-9a81-39b321636757.png(797K) in AAkALgAAAAAAHYQDEapmEc2byACqAC-EWg0A-XGp6OdBg0CxQrF5bBnBPAAHIkGFzwAA 
2026-05-27 11:52:01.0563 INFO Skipping Attachment - Possible Signature Image: 19b84dae-b7d9-41f8-b8eb-b7d3e7aa939e.png(6331K) in AAkALgAAAAAAHYQDEapmEc2byACqAC-EWg0A-XGp6OdBg0CxQrF5bBnBPAAHIkGFzwAA 
2026-05-27 11:52:01.1003 INFO Email Logged: Re: <External> HR/Payroll Contact – HELP – Verification of Employment [1024524470-01] 
2026-05-27 11:52:01.1334 INFO Email Logged to Database: AAkALgAAAAAAHYQDEapmEc2byACqAC-EWg0A-XGp6OdBg0CxQrF5bBnBPAAHIkGFzwAA Re: <External> HR/Payroll Contact – HELP – Verification of Employment [1024524470-01] 11:44 AM 
2026-05-27 11:52:01.1594 INFO Getting message voe@firsthome.com: AAkALgAAAAAAHYQDEapmEc2byACqAC-EWg0A-XGp6OdBg0CxQrF5bBnBPAAHIkGFwgAA 
2026-05-27 11:52:01.3014 INFO Getting message HTML voe@firsthome.com: AAkALgAAAAAAHYQDEapmEc2byACqAC-EWg0A-XGp6OdBg0CxQrF5bBnBPAAHIkGFwgAA 
2026-05-27 11:52:01.3293 INFO Getting message voe@firsthome.com: AAkALgAAAAAAHYQDEapmEc2byACqAC-EWg0A-XGp6OdBg0CxQrF5bBnBPAAHIkGFwgAA 
2026-05-27 11:52:01.6624 INFO Email Logged: Re: URGENT - Verification of Employment Request Dakotah Jones - URGENT [1010525141-01] 
2026-05-27 11:52:01.6964 INFO Email Logged to Database: AAkALgAAAAAAHYQDEapmEc2byACqAC-EWg0A-XGp6OdBg0CxQrF5bBnBPAAHIkGFwgAA Re: URGENT - Verification of Employment Request Dakotah Jones - URGENT [1010525141-01] 11:38 AM 
2026-05-27 11:52:01.7227 INFO Getting message voe@firsthome.com: AAkALgAAAAAAHYQDEapmEc2byACqAC-EWg0A-XGp6OdBg0CxQrF5bBnBPAAHIkGFvwAA 
2026-05-27 11:52:01.8500 INFO Getting message HTML voe@firsthome.com: AAkALgAAAAAAHYQDEapmEc2byACqAC-EWg0A-XGp6OdBg0CxQrF5bBnBPAAHIkGFvwAA 
2026-05-27 11:52:01.8780 INFO Getting message voe@firsthome.com: AAkALgAAAAAAHYQDEapmEc2byACqAC-EWg0A-XGp6OdBg0CxQrF5bBnBPAAHIkGFvwAA 
2026-05-27 11:52:02.5785 INFO Skipping Attachment - DisallowedFileType: image001.png in AAkALgAAAAAAHYQDEapmEc2byACqAC-EWg0A-XGp6OdBg0CxQrF5bBnBPAAHIkGFvwAA 
2026-05-27 11:52:02.6074 INFO Skipping Attachment - DisallowedFileType: image002.png in AAkALgAAAAAAHYQDEapmEc2byACqAC-EWg0A-XGp6OdBg0CxQrF5bBnBPAAHIkGFvwAA 
2026-05-27 11:52:02.6335 INFO Skipping Attachment - Possible Signature Image: image003.jpg(1650K) in AAkALgAAAAAAHYQDEapmEc2byACqAC-EWg0A-XGp6OdBg0CxQrF5bBnBPAAHIkGFvwAA 
2026-05-27 11:52:02.6595 INFO Skipping Attachment - Possible Signature Image: image004.jpg(1702K) in AAkALgAAAAAAHYQDEapmEc2byACqAC-EWg0A-XGp6OdBg0CxQrF5bBnBPAAHIkGFvwAA 
2026-05-27 11:52:02.6855 INFO Skipping Attachment - Possible Signature Image: image005.jpg(1546K) in AAkALgAAAAAAHYQDEapmEc2byACqAC-EWg0A-XGp6OdBg0CxQrF5bBnBPAAHIkGFvwAA 
2026-05-27 11:52:02.7105 INFO Skipping Attachment - Possible Signature Image: image006.jpg(1669K) in AAkALgAAAAAAHYQDEapmEc2byACqAC-EWg0A-XGp6OdBg0CxQrF5bBnBPAAHIkGFvwAA 
2026-05-27 11:52:02.7536 INFO Email Logged: RE: Data Correction - Charles Shiles, 1010505907, ServiceNow [1010505907-06] 
2026-05-27 11:52:02.7856 INFO Email Logged to Database: AAkALgAAAAAAHYQDEapmEc2byACqAC-EWg0A-XGp6OdBg0CxQrF5bBnBPAAHIkGFvwAA RE: Data Correction - Charles Shiles, 1010505907, ServiceNow [1010505907-06] 11:36 AM 
2026-05-27 11:52:02.8116 INFO Getting message voe@firsthome.com: AAkALgAAAAAAHYQDEapmEc2byACqAC-EWg0A-XGp6OdBg0CxQrF5bBnBPAAHIkGFtgAA 
2026-05-27 11:52:02.9386 INFO Getting message HTML voe@firsthome.com: AAkALgAAAAAAHYQDEapmEc2byACqAC-EWg0A-XGp6OdBg0CxQrF5bBnBPAAHIkGFtgAA 
2026-05-27 11:52:02.9656 INFO Getting message voe@firsthome.com: AAkALgAAAAAAHYQDEapmEc2byACqAC-EWg0A-XGp6OdBg0CxQrF5bBnBPAAHIkGFtgAA 
2026-05-27 11:52:03.2354 INFO Email Logged: Re: Verification of Employment Request Daniel Taylor Prince [1018521658-01] 
2026-05-27 11:52:03.2694 INFO Email Logged to Database: AAkALgAAAAAAHYQDEapmEc2byACqAC-EWg0A-XGp6OdBg0CxQrF5bBnBPAAHIkGFtgAA Re: Verification of Employment Request Daniel Taylor Prince [1018521658-01] 11:35 AM 
2026-05-27 11:52:03.2954 INFO Getting message voe@firsthome.com: AAkALgAAAAAAHYQDEapmEc2byACqAC-EWg0A-XGp6OdBg0CxQrF5bBnBPAAHIkGFogAA 
2026-05-27 11:52:03.4314 INFO Getting message HTML voe@firsthome.com: AAkALgAAAAAAHYQDEapmEc2byACqAC-EWg0A-XGp6OdBg0CxQrF5bBnBPAAHIkGFogAA 
2026-05-27 11:52:03.4574 INFO Getting message voe@firsthome.com: AAkALgAAAAAAHYQDEapmEc2byACqAC-EWg0A-XGp6OdBg0CxQrF5bBnBPAAHIkGFogAA 
2026-05-27 11:52:10.7027 INFO Email Logged: Christopher Ryan Kackley, First Home Mortgage would like to verify your income and employment 
2026-05-27 11:52:10.7368 INFO Email Logged to Database: AAkALgAAAAAAHYQDEapmEc2byACqAC-EWg0A-XGp6OdBg0CxQrF5bBnBPAAHIkGFogAA Christopher Ryan Kackley, First Home Mortgage would like to verify your income and employment 11:30 AM 
2026-05-27 11:52:10.7628 INFO Getting message voe@firsthome.com: AAkALgAAAAAAHYQDEapmEc2byACqAC-EWg0A-XGp6OdBg0CxQrF5bBnBPAAHIkGFjQAA 
2026-05-27 11:52:10.9028 INFO Getting message HTML voe@firsthome.com: AAkALgAAAAAAHYQDEapmEc2byACqAC-EWg0A-XGp6OdBg0CxQrF5bBnBPAAHIkGFjQAA 
2026-05-27 11:52:10.9298 INFO Getting message voe@firsthome.com: AAkALgAAAAAAHYQDEapmEc2byACqAC-EWg0A-XGp6OdBg0CxQrF5bBnBPAAHIkGFjQAA 
2026-05-27 11:52:11.2215 INFO Skipping Attachment - Possible Signature Image: image001.png(7230K) in AAkALgAAAAAAHYQDEapmEc2byACqAC-EWg0A-XGp6OdBg0CxQrF5bBnBPAAHIkGFjQAA 
2026-05-27 11:52:11.2485 INFO Skipping Attachment - Possible Signature Image: image003.png(4742K) in AAkALgAAAAAAHYQDEapmEc2byACqAC-EWg0A-XGp6OdBg0CxQrF5bBnBPAAHIkGFjQAA 
2026-05-27 11:52:11.2751 INFO Skipping Attachment - Possible Signature Image: image005.png(6205K) in AAkALgAAAAAAHYQDEapmEc2byACqAC-EWg0A-XGp6OdBg0CxQrF5bBnBPAAHIkGFjQAA 
2026-05-27 11:52:11.3005 INFO Skipping Attachment - Possible Signature Image: image006.png(4095K) in AAkALgAAAAAAHYQDEapmEc2byACqAC-EWg0A-XGp6OdBg0CxQrF5bBnBPAAHIkGFjQAA 
2026-05-27 11:52:11.3445 INFO Email Logged: RE: Confirmation of New VOE Order for Patrick Glover [1014480640-02] 
2026-05-27 11:52:11.3768 INFO Email Logged to Database: AAkALgAAAAAAHYQDEapmEc2byACqAC-EWg0A-XGp6OdBg0CxQrF5bBnBPAAHIkGFjQAA RE: Confirmation of New VOE Order for Patrick Glover [1014480640-02] 11:25 AM 
2026-05-27 12:48:32.0412 INFO Getting messages for folder voe@firsthome.com: Inbox 
2026-05-27 12:48:33.9450 INFO Getting message voe@firsthome.com: AAkALgAAAAAAHYQDEapmEc2byACqAC-EWg0A-XGp6OdBg0CxQrF5bBnBPAAHIkGHAQAA 
2026-05-27 12:48:34.1932 INFO Getting message HTML voe@firsthome.com: AAkALgAAAAAAHYQDEapmEc2byACqAC-EWg0A-XGp6OdBg0CxQrF5bBnBPAAHIkGHAQAA 
2026-05-27 12:48:34.2192 INFO Getting message voe@firsthome.com: AAkALgAAAAAAHYQDEapmEc2byACqAC-EWg0A-XGp6OdBg0CxQrF5bBnBPAAHIkGHAQAA 
2026-05-27 12:48:35.9598 ERROR Error Uploading File 1083516149;C:\Temp\VOERepository\Documents\Upload\20260527124835944_1083516149_Gall Torrie VOE First Home Mortgage 5272026.pdf;Gall, Torrie VOE First Home Mortgage 5.27.2026.pdf 
2026-05-27 12:48:35.9889 ERROR System.IO.DirectoryNotFoundException: Could not find a part of the path 'C:\Temp\VOERepository\Documents\Upload\20260527124835944_1083516149_Gall Torrie VOE First Home Mortgage 5272026.pdf'.
   at System.IO.__Error.WinIOError(Int32 errorCode, String maybeFullPath)
   at System.IO.FileStream.Init(String path, FileMode mode, FileAccess access, Int32 rights, Boolean useRights, FileShare share, Int32 bufferSize, FileOptions options, SECURITY_ATTRIBUTES secAttrs, String msgPath, Boolean bFromProxy, Boolean useLongPath, Boolean checkHost)
   at System.IO.FileStream..ctor(String path, FileMode mode, FileAccess access, FileShare share, Int32 bufferSize, FileOptions options, String msgPath, Boolean bFromProxy, Boolean useLongPath, Boolean checkHost)
   at System.IO.StreamWriter.CreateFile(String path, Boolean append, Boolean checkHost)
   at System.IO.StreamWriter..ctor(String path, Boolean append, Encoding encoding, Int32 bufferSize, Boolean checkHost)
   at System.IO.StreamWriter..ctor(String path, Boolean append)
   at ServiceStack.ServiceHost.FileExtensions.SaveTo(IFile file, String filePath)
   at VOESystem.Data.Business.DocumentOps.uploadFile(IDbConnection dbConn, IFile file, String userName, Nullable`1 OrderRequestId, Nullable`1 EmployerId, DocumentType doctype, Boolean UploadToEncompass, String LoanNumber, String filePathName, Nullable`1 DocumentContentTypeId, String baseUrl) in C:\Data\FirstMortgage\BitBucket\voesystem\VOEFrontend\VOESystem.Data\Business\DocumentOps.cs:line 265 System.IO.DirectoryNotFoundException: Could not find a part of the path 'C:\Temp\VOERepository\Documents\Upload\20260527124835944_1083516149_Gall Torrie VOE First Home Mortgage 5272026.pdf'.
   at System.IO.__Error.WinIOError(Int32 errorCode, String maybeFullPath)
   at System.IO.FileStream.Init(String path, FileMode mode, FileAccess access, Int32 rights, Boolean useRights, FileShare share, Int32 bufferSize, FileOptions options, SECURITY_ATTRIBUTES secAttrs, String msgPath, Boolean bFromProxy, Boolean useLongPath, Boolean checkHost)
   at System.IO.FileStream..ctor(String path, FileMode mode, FileAccess access, FileShare share, Int32 bufferSize, FileOptions options, String msgPath, Boolean bFromProxy, Boolean useLongPath, Boolean checkHost)
   at System.IO.StreamWriter.CreateFile(String path, Boolean append, Boolean checkHost)
   at System.IO.StreamWriter..ctor(String path, Boolean append, Encoding encoding, Int32 bufferSize, Boolean checkHost)
   at System.IO.StreamWriter..ctor(String path, Boolean append)
   at ServiceStack.ServiceHost.FileExtensions.SaveTo(IFile file, String filePath)
   at VOESystem.Data.Business.DocumentOps.uploadFile(IDbConnection dbConn, IFile file, String userName, Nullable`1 OrderRequestId, Nullable`1 EmployerId, DocumentType doctype, Boolean UploadToEncompass, String LoanNumber, String filePathName, Nullable`1 DocumentContentTypeId, String baseUrl) in C:\Data\FirstMortgage\BitBucket\voesystem\VOEFrontend\VOESystem.Data\Business\DocumentOps.cs:line 265
2026-05-27 12:48:36.0890 ERROR Error Uploading Attachment to VOE System: C:\Temp\MailAttachments\AAkALgAAAAAAHYQDEapmEc2byACqACEWg0AXGp6OdBg0CxQrF5bBnBPAAHIkGHAQAAGall Torrie VOE First Home Mortgage 5272026pdf 
2026-05-27 12:48:36.1170 ERROR System.Exception: Exception of type 'System.Exception' was thrown. System.Exception: Exception of type 'System.Exception' was thrown.
2026-05-27 12:48:36.2672 INFO Email Logged: RE: Verification of Employment Request Torrie Ann Gall [1083516149-03] 
2026-05-27 12:48:36.6998 ERROR Error Sending Email 
2026-05-27 12:48:36.7288 ERROR System.Exception: No Valid Email Recipients Specified
   at VOESystem.Data.Business.EmailOps.SendEmail(IDbConnection dbConn, List`1 toEmailList, List`1 ccEmailList, List`1 bccEmailList, String Subject, String MessageText, Boolean skipBranchOverrideCC, Nullable`1 OrderRequestId, Nullable`1 EmailTemplateId, Nullable`1 IsAuditing, List`1 Attachments, String BaseURL, Boolean RestrictDomain, Boolean consolidateAttachments, IDbTransaction extTransaction, String loanNumber, Boolean isDraft, MailPriority priority, Boolean IsHTML, Boolean requestReadReceipt, Boolean isSecure, List`1 replyToEmailList, Nullable`1 forwardingEmailId) in C:\Data\FirstMortgage\BitBucket\voesystem\VOEFrontend\VOESystem.Data\Business\EmailOps.cs:line 198 System.Exception: No Valid Email Recipients Specified
   at VOESystem.Data.Business.EmailOps.SendEmail(IDbConnection dbConn, List`1 toEmailList, List`1 ccEmailList, List`1 bccEmailList, String Subject, String MessageText, Boolean skipBranchOverrideCC, Nullable`1 OrderRequestId, Nullable`1 EmailTemplateId, Nullable`1 IsAuditing, List`1 Attachments, String BaseURL, Boolean RestrictDomain, Boolean consolidateAttachments, IDbTransaction extTransaction, String loanNumber, Boolean isDraft, MailPriority priority, Boolean IsHTML, Boolean requestReadReceipt, Boolean isSecure, List`1 replyToEmailList, Nullable`1 forwardingEmailId) in C:\Data\FirstMortgage\BitBucket\voesystem\VOEFrontend\VOESystem.Data\Business\EmailOps.cs:line 198
2026-05-27 12:48:36.7583 INFO This order has been APPROVED and new emails are no longer monitored for this VOE.  

Current Employment Status: Current-Active

Please contact VOE@firsthome with the order number -found in the subject line of this email - in order to address your inquiry/concerns.

Sincerely,
First Home Mortgage Verification Team
6211 Greenleigh Avenue, Suite 300, Baltimore MD 21220  

(For questions or concerns on the status of your VOE please check the VOE pipeline at http://aze-app-1v/voesystem/pipeline)



CONFIDENTIALITY NOTICE
The information contained in this electronic message is confidential information intended for the use of the individual or entity named above. If the reader of this message is not the intended recipient, or an employee or agent responsible for delivering this electronic message to the intended recipient, you are hereby notified that any dissemination, or copying of this communication is strictly prohibited. If this message contains non-public personal information about any consumer or customer of the sender or intended recipient, you are further prohibited under penalty of law from using or disclosing the information to any third party by provisions of the federal Gramm-Leach-Bliley Act. If you have received this electronic message in error, please immediately notify us by return email destroy the original message to assure that it is not read, copied, or distributed by others.






Sincerely,
First Home Mortgage Verification Team
6211 Greenleigh Avenue, Suite 300, Baltimore MD 21220  

(For questions or concerns on the status of your VOE please check the VOE pipeline at http://aze-app-1v/voesystem/pipeline)

---------Original Message----------------------
From: trumbullv@calvertnet.k12.md.us
Sent: Wed, May 27, 2026 12:44 PM
To: VOE@firsthome.com, voerequest@calvertnet.k12.md.us
Cc: 
Subject: RE: Verification of Employment Request Torrie Ann Gall [1083516149-03]

*** This message originated outside the organization ***

________________________________
Good Afternoon,
Attached is the completed VOE for Torrie Gall as requested.  Please let me know if you have any questions.
Thank you,
Valerie

Very Respectfully,
Valerie Trumbull
Human Resources Office Manager
trumbullv@calvertnet.k12.md.us
(p) 443.550.8318
(f)  410.286.1359

“Supporting the Best People in the Best Place to Work”

From: First Home VOE <VOE@firsthome.com>
Sent: Friday, May 22, 2026 2:54 PM
To: Verification of Employment (Request) <voerequest@calvertnet.k12.md.us>; Trumbull, Valerie <trumbullv@calvertnet.k12.md.us>
Subject: RE: Verification of Employment Request Torrie Ann Gall [1083516149-03]

This email originated from outside of our organization. Please exercise caution when opening attachments or clicking on links.

Good afternoon,



Thank you for the continued assistance. We are getting close to closing and need this information back as soon as possible.



In the meantime, if we could get their job title, start date and if they are paid over 10/12 months?



Thank you!



Sincerely,



Samantha Roberts

First Home Mortgage Verification Team

voe@firsthome.com<mailto:voe@firsthome.com>

Phone: 443-461-1254

Fax: 443-725-0492

6211 Greenleigh Avenue, Suite 300, Baltimore MD 21220





---------Original Message----------------------

From: trumbullv@calvertnet.k12.md.us<mailto:trumbullv@calvertnet.k12.md.us>

Sent: Tue, May 19, 2026 12:20 PM

To: VOE@firsthome.com<mailto:VOE@firsthome.com>, voerequest@calvertnet.k12.md.us<mailto:voerequest@calvertnet.k12.md.us>

Cc:

Subject: RE: Verification of Employment Request Torrie Ann Gall [1083516149-03]



*** This message originated outside the organization ***



________________________________

Good Afternoon,

The documents for Tori Gall have not been returned by payroll as of now. We will return it to you as soon as it is received.

Thank you,

Valerie



Very Respectfully,

Valerie Trumbull

Human Resources Office Manager

trumbullv@calvertnet.k12.md.us<mailto:trumbullv@calvertnet.k12.md.us>

(p) 443.550.8318

(f) 410.286.1359



“Supporting the Best People in the Best Place to Work”



From: First Home VOE

Sent: Tuesday, May 19, 2026 11:36 AM

To: Verification of Employment (Request) ; Trumbull, Valerie

Subject: RE: Verification of Employment Request Torrie Ann Gall [1083516149-03]



This email originated from outside of our organization. Please exercise caution when opening attachments or clicking on links.



Good morning,



I wanted to follow up on the below request. Was payroll able to provide the information?



Thank you!



Sincerely,



Samantha Roberts



First Home Mortgage Verification Team



voe@firsthome.com<mailto:voe@firsthome.com>



Phone: 443-461-1254



Fax: 443-725-0492



6211 Greenleigh Avenue, Suite 300, Baltimore MD 21220



---------Original Message----------------------



From: trumbullv@calvertnet.k12.md.us<mailto:trumbullv@calvertnet.k12.md.us>



Sent: Fri, May 15, 2026 01:07 PM



To: VOE@firsthome.com<mailto:VOE@firsthome.com>, voerequest@calvertnet.k12.md.us<mailto:voerequest@calvertnet.k12.md.us>



Cc:



Subject: RE: Verification of Employment Request Torrie Ann Gall [1083516149-03]



*** This message originated outside the organization ***



________________________________



Good Afternoon,



Yes, the VOE request has been received and is in process with our payroll department. It will be returned to you as soon as possible.



Thank you,



Valerie



Very Respectfully,



Valerie Trumbull



Human Resources Office Manager



trumbullv@calvertnet.k12.md.us<mailto:trumbullv@calvertnet.k12.md.us>



(p) 443.550.8318



(f) 410.286.1359



“Supporting the Best People in the Best Place to Work”



From: First Home VOE



Sent: Friday, May 15, 2026 11:34 AM



To: Verification of Employment (Request) ; Trumbull, Valerie



Subject: RE: Verification of Employment Request Torrie Ann Gall [1083516149-03]



This email originated from outside of our organization. Please exercise caution when opening attachments or clicking on links.



Good morning,



I wanted to verify that you received the below request forms. If I could please get a turnaround time for when to expect this back as well.



Thank you!



Sincerely,



Samantha Roberts



First Home Mortgage Verification Team



voe@firsthome.com<mailto:voe@firsthome.com>



Phone: 443-461-1254



Fax: 443-725-0492



6211 Greenleigh Avenue, Suite 300, Baltimore MD 21220



---------Original Message----------------------



From: trumbullv@calvertnet.k12.md.us<mailto:trumbullv@calvertnet.k12.md.us>



Sent: Mon, May 11, 2026 08:02 AM



To: VOE@firsthome.com<mailto:VOE@firsthome.com>, voerequest@calvertnet.k12.md.us<mailto:voerequest@calvertnet.k12.md.us>



Cc:



Subject: RE: Verification of Employment Request Torrie Ann Gall [1083516149-03]



*** This message originated outside the organization ***



________________________________



Good Morning,



Your VOE request has been received and is being processed by our payroll department. Their turnaround timeframe is 5 to 7 business days. It will be returned to you as soon as possible. Let me know if you have any questions.



Thank you,



Valerie Trumbull



Very Respectfully,



Valerie Trumbull



Human Resources Office Manager



trumbullv@calvertnet.k12.md.us<mailto:trumbullv@calvertnet.k12.md.us>



(p) 443.550.8318



(f) 410.286.1359



“Supporting the Best People in the Best Place to Work”



From: First Home VOE



Sent: Friday, May 8, 2026 3:31 PM



To: Verification of Employment (Request)



Subject: Verification of Employment Request Torrie Ann Gall [1083516149-03]



This email originated from outside of our organization. Please exercise caution when opening attachments or clicking on links.



First Home Mortgage is requesting a written verification of employment for Torrie Ann Gall.



**Please note: We cannot accept electronic signatures. This must be sent back with a handwritten signature or certificate ID through Adobe on the form. If you are unable to do so please let me know and I will send a DocuSign. Or, please state you are unable to provide a handwritten signature at this time.**



The following documents are attached as standard procedure for written verification of employment:



*Instructions for completing the VOE



*Borrower's Authorization Form



*Written Verification of Employment Form



Please complete the Written Verification of Employment Form and return it promptly either via fax or e-mail by replying to this message.



Sincerely,



Samantha Roberts



First Home Mortgage Verification Team



voe@firsthome.com<mailto:voe@firsthome.com>



Phone: 443-461-1254



Fax: 443-725-0492



6211 Greenleigh Avenue, Suite 300, Baltimore MD 21220



CONFIDENTIALITY NOTICE



The information contained in this electronic message is confidential information intended for the use of the individual or entity named above. If the reader of this message is not the intended recipient, or an employee or agent responsible for delivering this electronic message to the intended recipient, you are hereby notified that any dissemination, or copying of this communication is strictly prohibited. If this message contains non-public personal information about any consumer or customer of the sender or intended recipient, you are further prohibited under penalty of law from using or disclosing the information to any third party by provisions of the federal Gramm-Leach-Bliley Act. If you have received this electronic message in error, please immediately notify us by return email destroy the original message to assure that it is not read, copied, or distributed by others.
 
2026-05-27 12:48:36.7843 ERROR Error Sending Email 
2026-05-27 12:48:36.8113 ERROR System.Exception: No Valid Email Recipients Specified
   at VOESystem.Data.Business.EmailOps.SendEmail(IDbConnection dbConn, List`1 toEmailList, List`1 ccEmailList, List`1 bccEmailList, String Subject, String MessageText, Boolean skipBranchOverrideCC, Nullable`1 OrderRequestId, Nullable`1 EmailTemplateId, Nullable`1 IsAuditing, List`1 Attachments, String BaseURL, Boolean RestrictDomain, Boolean consolidateAttachments, IDbTransaction extTransaction, String loanNumber, Boolean isDraft, MailPriority priority, Boolean IsHTML, Boolean requestReadReceipt, Boolean isSecure, List`1 replyToEmailList, Nullable`1 forwardingEmailId) in C:\Data\FirstMortgage\BitBucket\voesystem\VOEFrontend\VOESystem.Data\Business\EmailOps.cs:line 390
   at VOESystem.Data.Business.EmailOps.sendEmailFromTemplate(IDbConnection dbConn, Email email, Nullable`1 OrderRequestId, String BaseUrl, Boolean RestrictDomain, Nullable`1 IsAuditing, Boolean skipBranchOverrideCC, Boolean consolidateAttachments, IDbTransaction extTransaction, String loanNumber, Boolean IsHTML, Boolean IsVOETeamUser, String UserName) in C:\Data\FirstMortgage\BitBucket\voesystem\VOEFrontend\VOESystem.Data\Business\EmailOps.cs:line 1144 System.Exception: No Valid Email Recipients Specified
   at VOESystem.Data.Business.EmailOps.SendEmail(IDbConnection dbConn, List`1 toEmailList, List`1 ccEmailList, List`1 bccEmailList, String Subject, String MessageText, Boolean skipBranchOverrideCC, Nullable`1 OrderRequestId, Nullable`1 EmailTemplateId, Nullable`1 IsAuditing, List`1 Attachments, String BaseURL, Boolean RestrictDomain, Boolean consolidateAttachments, IDbTransaction extTransaction, String loanNumber, Boolean isDraft, MailPriority priority, Boolean IsHTML, Boolean requestReadReceipt, Boolean isSecure, List`1 replyToEmailList, Nullable`1 forwardingEmailId) in C:\Data\FirstMortgage\BitBucket\voesystem\VOEFrontend\VOESystem.Data\Business\EmailOps.cs:line 390
   at VOESystem.Data.Business.EmailOps.sendEmailFromTemplate(IDbConnection dbConn, Email email, Nullable`1 OrderRequestId, String BaseUrl, Boolean RestrictDomain, Nullable`1 IsAuditing, Boolean skipBranchOverrideCC, Boolean consolidateAttachments, IDbTransaction extTransaction, String loanNumber, Boolean IsHTML, Boolean IsVOETeamUser, String UserName) in C:\Data\FirstMortgage\BitBucket\voesystem\VOEFrontend\VOESystem.Data\Business\EmailOps.cs:line 1144
2026-05-27 12:48:36.8433 INFO This order has been APPROVED and new emails are no longer monitored for this VOE.  

Current Employment Status: Current-Active

Please contact VOE@firsthome with the order number -found in the subject line of this email - in order to address your inquiry/concerns.

Sincerely,
First Home Mortgage Verification Team
6211 Greenleigh Avenue, Suite 300, Baltimore MD 21220  

(For questions or concerns on the status of your VOE please check the VOE pipeline at http://aze-app-1v/voesystem/pipeline)



CONFIDENTIALITY NOTICE
The information contained in this electronic message is confidential information intended for the use of the individual or entity named above. If the reader of this message is not the intended recipient, or an employee or agent responsible for delivering this electronic message to the intended recipient, you are hereby notified that any dissemination, or copying of this communication is strictly prohibited. If this message contains non-public personal information about any consumer or customer of the sender or intended recipient, you are further prohibited under penalty of law from using or disclosing the information to any third party by provisions of the federal Gramm-Leach-Bliley Act. If you have received this electronic message in error, please immediately notify us by return email destroy the original message to assure that it is not read, copied, or distributed by others.






Sincerely,
First Home Mortgage Verification Team
6211 Greenleigh Avenue, Suite 300, Baltimore MD 21220  

(For questions or concerns on the status of your VOE please check the VOE pipeline at http://aze-app-1v/voesystem/pipeline)

---------Original Message----------------------
From: trumbullv@calvertnet.k12.md.us
Sent: Wed, May 27, 2026 12:44 PM
To: VOE@firsthome.com, voerequest@calvertnet.k12.md.us
Cc: 
Subject: RE: Verification of Employment Request Torrie Ann Gall [1083516149-03]

*** This message originated outside the organization ***

________________________________
Good Afternoon,
Attached is the completed VOE for Torrie Gall as requested.  Please let me know if you have any questions.
Thank you,
Valerie

Very Respectfully,
Valerie Trumbull
Human Resources Office Manager
trumbullv@calvertnet.k12.md.us
(p) 443.550.8318
(f)  410.286.1359

“Supporting the Best People in the Best Place to Work”

From: First Home VOE <VOE@firsthome.com>
Sent: Friday, May 22, 2026 2:54 PM
To: Verification of Employment (Request) <voerequest@calvertnet.k12.md.us>; Trumbull, Valerie <trumbullv@calvertnet.k12.md.us>
Subject: RE: Verification of Employment Request Torrie Ann Gall [1083516149-03]

This email originated from outside of our organization. Please exercise caution when opening attachments or clicking on links.

Good afternoon,



Thank you for the continued assistance. We are getting close to closing and need this information back as soon as possible.



In the meantime, if we could get their job title, start date and if they are paid over 10/12 months?



Thank you!



Sincerely,



Samantha Roberts

First Home Mortgage Verification Team

voe@firsthome.com<mailto:voe@firsthome.com>

Phone: 443-461-1254

Fax: 443-725-0492

6211 Greenleigh Avenue, Suite 300, Baltimore MD 21220





---------Original Message----------------------

From: trumbullv@calvertnet.k12.md.us<mailto:trumbullv@calvertnet.k12.md.us>

Sent: Tue, May 19, 2026 12:20 PM

To: VOE@firsthome.com<mailto:VOE@firsthome.com>, voerequest@calvertnet.k12.md.us<mailto:voerequest@calvertnet.k12.md.us>

Cc:

Subject: RE: Verification of Employment Request Torrie Ann Gall [1083516149-03]



*** This message originated outside the organization ***



________________________________

Good Afternoon,

The documents for Tori Gall have not been returned by payroll as of now. We will return it to you as soon as it is received.

Thank you,

Valerie



Very Respectfully,

Valerie Trumbull

Human Resources Office Manager

trumbullv@calvertnet.k12.md.us<mailto:trumbullv@calvertnet.k12.md.us>

(p) 443.550.8318

(f) 410.286.1359



“Supporting the Best People in the Best Place to Work”



From: First Home VOE

Sent: Tuesday, May 19, 2026 11:36 AM

To: Verification of Employment (Request) ; Trumbull, Valerie

Subject: RE: Verification of Employment Request Torrie Ann Gall [1083516149-03]



This email originated from outside of our organization. Please exercise caution when opening attachments or clicking on links.



Good morning,



I wanted to follow up on the below request. Was payroll able to provide the information?



Thank you!



Sincerely,



Samantha Roberts



First Home Mortgage Verification Team



voe@firsthome.com<mailto:voe@firsthome.com>



Phone: 443-461-1254



Fax: 443-725-0492



6211 Greenleigh Avenue, Suite 300, Baltimore MD 21220



---------Original Message----------------------



From: trumbullv@calvertnet.k12.md.us<mailto:trumbullv@calvertnet.k12.md.us>



Sent: Fri, May 15, 2026 01:07 PM



To: VOE@firsthome.com<mailto:VOE@firsthome.com>, voerequest@calvertnet.k12.md.us<mailto:voerequest@calvertnet.k12.md.us>



Cc:



Subject: RE: Verification of Employment Request Torrie Ann Gall [1083516149-03]



*** This message originated outside the organization ***



________________________________



Good Afternoon,



Yes, the VOE request has been received and is in process with our payroll department. It will be returned to you as soon as possible.



Thank you,



Valerie



Very Respectfully,



Valerie Trumbull



Human Resources Office Manager



trumbullv@calvertnet.k12.md.us<mailto:trumbullv@calvertnet.k12.md.us>



(p) 443.550.8318



(f) 410.286.1359



“Supporting the Best People in the Best Place to Work”



From: First Home VOE



Sent: Friday, May 15, 2026 11:34 AM



To: Verification of Employment (Request) ; Trumbull, Valerie



Subject: RE: Verification of Employment Request Torrie Ann Gall [1083516149-03]



This email originated from outside of our organization. Please exercise caution when opening attachments or clicking on links.



Good morning,



I wanted to verify that you received the below request forms. If I could please get a turnaround time for when to expect this back as well.



Thank you!



Sincerely,



Samantha Roberts



First Home Mortgage Verification Team



voe@firsthome.com<mailto:voe@firsthome.com>



Phone: 443-461-1254



Fax: 443-725-0492



6211 Greenleigh Avenue, Suite 300, Baltimore MD 21220



---------Original Message----------------------



From: trumbullv@calvertnet.k12.md.us<mailto:trumbullv@calvertnet.k12.md.us>



Sent: Mon, May 11, 2026 08:02 AM



To: VOE@firsthome.com<mailto:VOE@firsthome.com>, voerequest@calvertnet.k12.md.us<mailto:voerequest@calvertnet.k12.md.us>



Cc:



Subject: RE: Verification of Employment Request Torrie Ann Gall [1083516149-03]



*** This message originated outside the organization ***



________________________________



Good Morning,



Your VOE request has been received and is being processed by our payroll department. Their turnaround timeframe is 5 to 7 business days. It will be returned to you as soon as possible. Let me know if you have any questions.



Thank you,



Valerie Trumbull



Very Respectfully,



Valerie Trumbull



Human Resources Office Manager



trumbullv@calvertnet.k12.md.us<mailto:trumbullv@calvertnet.k12.md.us>



(p) 443.550.8318



(f) 410.286.1359



“Supporting the Best People in the Best Place to Work”



From: First Home VOE



Sent: Friday, May 8, 2026 3:31 PM



To: Verification of Employment (Request)



Subject: Verification of Employment Request Torrie Ann Gall [1083516149-03]



This email originated from outside of our organization. Please exercise caution when opening attachments or clicking on links.



First Home Mortgage is requesting a written verification of employment for Torrie Ann Gall.



**Please note: We cannot accept electronic signatures. This must be sent back with a handwritten signature or certificate ID through Adobe on the form. If you are unable to do so please let me know and I will send a DocuSign. Or, please state you are unable to provide a handwritten signature at this time.**



The following documents are attached as standard procedure for written verification of employment:



*Instructions for completing the VOE



*Borrower's Authorization Form



*Written Verification of Employment Form



Please complete the Written Verification of Employment Form and return it promptly either via fax or e-mail by replying to this message.



Sincerely,



Samantha Roberts



First Home Mortgage Verification Team



voe@firsthome.com<mailto:voe@firsthome.com>



Phone: 443-461-1254



Fax: 443-725-0492



6211 Greenleigh Avenue, Suite 300, Baltimore MD 21220



CONFIDENTIALITY NOTICE



The information contained in this electronic message is confidential information intended for the use of the individual or entity named above. If the reader of this message is not the intended recipient, or an employee or agent responsible for delivering this electronic message to the intended recipient, you are hereby notified that any dissemination, or copying of this communication is strictly prohibited. If this message contains non-public personal information about any consumer or customer of the sender or intended recipient, you are further prohibited under penalty of law from using or disclosing the information to any third party by provisions of the federal Gramm-Leach-Bliley Act. If you have received this electronic message in error, please immediately notify us by return email destroy the original message to assure that it is not read, copied, or distributed by others.
 
2026-05-27 12:48:36.8803 INFO Email Logged to Database: AAkALgAAAAAAHYQDEapmEc2byACqAC-EWg0A-XGp6OdBg0CxQrF5bBnBPAAHIkGHAQAA RE: Verification of Employment Request Torrie Ann Gall [1083516149-03] 12:44 PM 
2026-05-27 12:48:36.9073 INFO Getting message voe@firsthome.com: AAkALgAAAAAAHYQDEapmEc2byACqAC-EWg0A-XGp6OdBg0CxQrF5bBnBPAAHIkGG-QAA 
2026-05-27 12:48:37.0529 INFO Getting message HTML voe@firsthome.com: AAkALgAAAAAAHYQDEapmEc2byACqAC-EWg0A-XGp6OdBg0CxQrF5bBnBPAAHIkGG-QAA 
2026-05-27 12:48:37.0799 INFO Getting message voe@firsthome.com: AAkALgAAAAAAHYQDEapmEc2byACqAC-EWg0A-XGp6OdBg0CxQrF5bBnBPAAHIkGG-QAA 
2026-05-27 12:48:37.3869 INFO Skipping Attachment - DisallowedFileType: image001.png in AAkALgAAAAAAHYQDEapmEc2byACqAC-EWg0A-XGp6OdBg0CxQrF5bBnBPAAHIkGG-QAA 
2026-05-27 12:48:37.4169 INFO Skipping Attachment - DisallowedFileType: image002.png in AAkALgAAAAAAHYQDEapmEc2byACqAC-EWg0A-XGp6OdBg0CxQrF5bBnBPAAHIkGG-QAA 
2026-05-27 12:48:37.4429 INFO Skipping Attachment - Possible Signature Image: image003.jpg(1650K) in AAkALgAAAAAAHYQDEapmEc2byACqAC-EWg0A-XGp6OdBg0CxQrF5bBnBPAAHIkGG-QAA 
2026-05-27 12:48:37.4689 INFO Skipping Attachment - Possible Signature Image: image004.jpg(1702K) in AAkALgAAAAAAHYQDEapmEc2byACqAC-EWg0A-XGp6OdBg0CxQrF5bBnBPAAHIkGG-QAA 
2026-05-27 12:48:37.4949 INFO Skipping Attachment - Possible Signature Image: image005.jpg(1546K) in AAkALgAAAAAAHYQDEapmEc2byACqAC-EWg0A-XGp6OdBg0CxQrF5bBnBPAAHIkGG-QAA 
2026-05-27 12:48:37.5209 INFO Skipping Attachment - Possible Signature Image: image006.jpg(1669K) in AAkALgAAAAAAHYQDEapmEc2byACqAC-EWg0A-XGp6OdBg0CxQrF5bBnBPAAHIkGG-QAA 
2026-05-27 12:48:37.5709 INFO Email Logged: RE: VOE Update-Derek Nunn-1008525579-01-CACI International Inc [1008525579-01] 
2026-05-27 12:48:37.6059 INFO Email Logged to Database: AAkALgAAAAAAHYQDEapmEc2byACqAC-EWg0A-XGp6OdBg0CxQrF5bBnBPAAHIkGG-QAA RE: VOE Update-Derek Nunn-1008525579-01-CACI International Inc [1008525579-01] 12:44 PM 
2026-05-27 12:48:37.6329 INFO Getting message voe@firsthome.com: AAkALgAAAAAAHYQDEapmEc2byACqAC-EWg0A-XGp6OdBg0CxQrF5bBnBPAAHIkGG6AAA 
2026-05-27 12:48:37.7760 INFO Getting message HTML voe@firsthome.com: AAkALgAAAAAAHYQDEapmEc2byACqAC-EWg0A-XGp6OdBg0CxQrF5bBnBPAAHIkGG6AAA 
2026-05-27 12:48:37.8030 INFO Getting message voe@firsthome.com: AAkALgAAAAAAHYQDEapmEc2byACqAC-EWg0A-XGp6OdBg0CxQrF5bBnBPAAHIkGG6AAA 
2026-05-27 12:49:02.0862 INFO Email Logged: Stephanie Nicole Barsotti, First Home Mortgage would like to verify your income and employment 
2026-05-27 12:49:02.1332 INFO Email Logged to Database: AAkALgAAAAAAHYQDEapmEc2byACqAC-EWg0A-XGp6OdBg0CxQrF5bBnBPAAHIkGG6AAA Stephanie Nicole Barsotti, First Home Mortgage would like to verify your income and employment 12:36 PM 
2026-05-27 12:49:02.1612 INFO Getting message voe@firsthome.com: AAkALgAAAAAAHYQDEapmEc2byACqAC-EWg0A-XGp6OdBg0CxQrF5bBnBPAAHIkGG0wAA 
2026-05-27 12:49:02.5762 INFO Getting message HTML voe@firsthome.com: AAkALgAAAAAAHYQDEapmEc2byACqAC-EWg0A-XGp6OdBg0CxQrF5bBnBPAAHIkGG0wAA 
2026-05-27 12:49:02.6062 INFO Getting message voe@firsthome.com: AAkALgAAAAAAHYQDEapmEc2byACqAC-EWg0A-XGp6OdBg0CxQrF5bBnBPAAHIkGG0wAA 
2026-05-27 12:49:02.9037 INFO Email Logged: Re: Final Verification MyBiz Request [1017519797-02] 
2026-05-27 12:49:02.9377 INFO Email Logged to Database: AAkALgAAAAAAHYQDEapmEc2byACqAC-EWg0A-XGp6OdBg0CxQrF5bBnBPAAHIkGG0wAA Re: Final Verification MyBiz Request [1017519797-02] 12:31 PM 
2026-05-27 12:49:02.9637 INFO Getting message voe@firsthome.com: AAkALgAAAAAAHYQDEapmEc2byACqAC-EWg0A-XGp6OdBg0CxQrF5bBnBPAAHIkGGpAAA 
2026-05-27 12:49:03.1015 INFO Getting message HTML voe@firsthome.com: AAkALgAAAAAAHYQDEapmEc2byACqAC-EWg0A-XGp6OdBg0CxQrF5bBnBPAAHIkGGpAAA 
2026-05-27 12:49:03.1285 INFO Getting message voe@firsthome.com: AAkALgAAAAAAHYQDEapmEc2byACqAC-EWg0A-XGp6OdBg0CxQrF5bBnBPAAHIkGGpAAA 
2026-05-27 12:49:03.4325 INFO Email Logged: Re: Final Verification MyBiz Request [5012524434-02] 
2026-05-27 12:49:03.4655 INFO Email Logged to Database: AAkALgAAAAAAHYQDEapmEc2byACqAC-EWg0A-XGp6OdBg0CxQrF5bBnBPAAHIkGGpAAA Re: Final Verification MyBiz Request [5012524434-02] 12:20 PM 
2026-05-27 12:49:03.4915 INFO Getting message voe@firsthome.com: AAkALgAAAAAAHYQDEapmEc2byACqAC-EWg0A-XGp6OdBg0CxQrF5bBnBPAAHIkGGkQAA 
2026-05-27 12:49:03.6385 INFO Getting message HTML voe@firsthome.com: AAkALgAAAAAAHYQDEapmEc2byACqAC-EWg0A-XGp6OdBg0CxQrF5bBnBPAAHIkGGkQAA 
2026-05-27 12:49:03.6640 INFO Getting message voe@firsthome.com: AAkALgAAAAAAHYQDEapmEc2byACqAC-EWg0A-XGp6OdBg0CxQrF5bBnBPAAHIkGGkQAA 
2026-05-27 12:49:04.0271 INFO Skipping Attachment - DisallowedFileType: image002.png in AAkALgAAAAAAHYQDEapmEc2byACqAC-EWg0A-XGp6OdBg0CxQrF5bBnBPAAHIkGGkQAA 
2026-05-27 12:49:04.0532 INFO Skipping Attachment - Possible Signature Image: image004.jpg(1650K) in AAkALgAAAAAAHYQDEapmEc2byACqAC-EWg0A-XGp6OdBg0CxQrF5bBnBPAAHIkGGkQAA 
2026-05-27 12:49:04.0792 INFO Skipping Attachment - Possible Signature Image: image005.jpg(1702K) in AAkALgAAAAAAHYQDEapmEc2byACqAC-EWg0A-XGp6OdBg0CxQrF5bBnBPAAHIkGGkQAA 
2026-05-27 12:49:04.1042 INFO Skipping Attachment - Possible Signature Image: image006.jpg(1546K) in AAkALgAAAAAAHYQDEapmEc2byACqAC-EWg0A-XGp6OdBg0CxQrF5bBnBPAAHIkGGkQAA 
2026-05-27 12:49:04.1302 INFO Skipping Attachment - Possible Signature Image: image007.jpg(1669K) in AAkALgAAAAAAHYQDEapmEc2byACqAC-EWg0A-XGp6OdBg0CxQrF5bBnBPAAHIkGGkQAA 
2026-05-27 12:49:04.2991 ERROR Error Uploading File 5012525349;C:\Temp\VOERepository\Documents\Upload\20260527124904299_5012525349_image008.jpg;image008.jpg 
2026-05-27 12:49:04.3251 ERROR System.IO.DirectoryNotFoundException: Could not find a part of the path 'C:\Temp\VOERepository\Documents\Upload\20260527124904299_5012525349_image008.jpg'.
   at System.IO.__Error.WinIOError(Int32 errorCode, String maybeFullPath)
   at System.IO.FileStream.Init(String path, FileMode mode, FileAccess access, Int32 rights, Boolean useRights, FileShare share, Int32 bufferSize, FileOptions options, SECURITY_ATTRIBUTES secAttrs, String msgPath, Boolean bFromProxy, Boolean useLongPath, Boolean checkHost)
   at System.IO.FileStream..ctor(String path, FileMode mode, FileAccess access, FileShare share, Int32 bufferSize, FileOptions options, String msgPath, Boolean bFromProxy, Boolean useLongPath, Boolean checkHost)
   at System.IO.StreamWriter.CreateFile(String path, Boolean append, Boolean checkHost)
   at System.IO.StreamWriter..ctor(String path, Boolean append, Encoding encoding, Int32 bufferSize, Boolean checkHost)
   at System.IO.StreamWriter..ctor(String path, Boolean append)
   at ServiceStack.ServiceHost.FileExtensions.SaveTo(IFile file, String filePath)
   at VOESystem.Data.Business.DocumentOps.uploadFile(IDbConnection dbConn, IFile file, String userName, Nullable`1 OrderRequestId, Nullable`1 EmployerId, DocumentType doctype, Boolean UploadToEncompass, String LoanNumber, String filePathName, Nullable`1 DocumentContentTypeId, String baseUrl) in C:\Data\FirstMortgage\BitBucket\voesystem\VOEFrontend\VOESystem.Data\Business\DocumentOps.cs:line 265 System.IO.DirectoryNotFoundException: Could not find a part of the path 'C:\Temp\VOERepository\Documents\Upload\20260527124904299_5012525349_image008.jpg'.
   at System.IO.__Error.WinIOError(Int32 errorCode, String maybeFullPath)
   at System.IO.FileStream.Init(String path, FileMode mode, FileAccess access, Int32 rights, Boolean useRights, FileShare share, Int32 bufferSize, FileOptions options, SECURITY_ATTRIBUTES secAttrs, String msgPath, Boolean bFromProxy, Boolean useLongPath, Boolean checkHost)
   at System.IO.FileStream..ctor(String path, FileMode mode, FileAccess access, FileShare share, Int32 bufferSize, FileOptions options, String msgPath, Boolean bFromProxy, Boolean useLongPath, Boolean checkHost)
   at System.IO.StreamWriter.CreateFile(String path, Boolean append, Boolean checkHost)
   at System.IO.StreamWriter..ctor(String path, Boolean append, Encoding encoding, Int32 bufferSize, Boolean checkHost)
   at System.IO.StreamWriter..ctor(String path, Boolean append)
   at ServiceStack.ServiceHost.FileExtensions.SaveTo(IFile file, String filePath)
   at VOESystem.Data.Business.DocumentOps.uploadFile(IDbConnection dbConn, IFile file, String userName, Nullable`1 OrderRequestId, Nullable`1 EmployerId, DocumentType doctype, Boolean UploadToEncompass, String LoanNumber, String filePathName, Nullable`1 DocumentContentTypeId, String baseUrl) in C:\Data\FirstMortgage\BitBucket\voesystem\VOEFrontend\VOESystem.Data\Business\DocumentOps.cs:line 265
2026-05-27 12:49:04.3521 ERROR Error Uploading Attachment to VOE System: C:\Temp\MailAttachments\AAkALgAAAAAAHYQDEapmEc2byACqACEWg0AXGp6OdBg0CxQrF5bBnBPAAHIkGGkQAAimage008jpg 
2026-05-27 12:49:04.3781 ERROR System.Exception: Exception of type 'System.Exception' was thrown. System.Exception: Exception of type 'System.Exception' was thrown.
2026-05-27 12:49:04.4061 INFO Skipping Attachment - DisallowedFileType: image001.png in AAkALgAAAAAAHYQDEapmEc2byACqAC-EWg0A-XGp6OdBg0CxQrF5bBnBPAAHIkGGkQAA 
2026-05-27 12:49:04.4471 INFO Email Logged: RE: Secure_URGENT - Verification of Employment Request Ryan Benton [5012525349-01] 
2026-05-27 12:49:04.4781 INFO Email Logged to Database: AAkALgAAAAAAHYQDEapmEc2byACqAC-EWg0A-XGp6OdBg0CxQrF5bBnBPAAHIkGGkQAA RE: Secure_URGENT - Verification of Employment Request Ryan Benton [5012525349-01] 12:17 PM 
2026-05-27 12:49:04.5041 INFO Getting message voe@firsthome.com: AAkALgAAAAAAHYQDEapmEc2byACqAC-EWg0A-XGp6OdBg0CxQrF5bBnBPAAHIkGGhgAA 
2026-05-27 12:49:04.6291 INFO Getting message HTML voe@firsthome.com: AAkALgAAAAAAHYQDEapmEc2byACqAC-EWg0A-XGp6OdBg0CxQrF5bBnBPAAHIkGGhgAA 
2026-05-27 12:49:04.6594 INFO Getting message voe@firsthome.com: AAkALgAAAAAAHYQDEapmEc2byACqAC-EWg0A-XGp6OdBg0CxQrF5bBnBPAAHIkGGhgAA 
2026-05-27 12:49:04.9786 INFO Email Not Matched: AAkALgAAAAAAHYQDEapmEc2byACqAC-EWg0A-XGp6OdBg0CxQrF5bBnBPAAHIkGGhgAA You have new held messages 12:13 PM 
2026-05-27 12:49:05.0196 INFO Getting message voe@firsthome.com: AAkALgAAAAAAHYQDEapmEc2byACqAC-EWg0A-XGp6OdBg0CxQrF5bBnBPAAHIkGGcQAA 
2026-05-27 12:49:05.1607 INFO Getting message HTML voe@firsthome.com: AAkALgAAAAAAHYQDEapmEc2byACqAC-EWg0A-XGp6OdBg0CxQrF5bBnBPAAHIkGGcQAA 
2026-05-27 12:49:05.1897 INFO Getting message voe@firsthome.com: AAkALgAAAAAAHYQDEapmEc2byACqAC-EWg0A-XGp6OdBg0CxQrF5bBnBPAAHIkGGcQAA 
2026-05-27 12:49:05.8803 INFO Skipping Attachment - DisallowedFileType: image001.png in AAkALgAAAAAAHYQDEapmEc2byACqAC-EWg0A-XGp6OdBg0CxQrF5bBnBPAAHIkGGcQAA 
2026-05-27 12:49:05.9094 INFO Skipping Attachment - DisallowedFileType: image002.png in AAkALgAAAAAAHYQDEapmEc2byACqAC-EWg0A-XGp6OdBg0CxQrF5bBnBPAAHIkGGcQAA 
2026-05-27 12:49:05.9357 INFO Skipping Attachment - Possible Signature Image: image008.jpg(1175K) in AAkALgAAAAAAHYQDEapmEc2byACqAC-EWg0A-XGp6OdBg0CxQrF5bBnBPAAHIkGGcQAA 
2026-05-27 12:49:05.9617 INFO Skipping Attachment - Possible Signature Image: image009.jpg(1172K) in AAkALgAAAAAAHYQDEapmEc2byACqAC-EWg0A-XGp6OdBg0CxQrF5bBnBPAAHIkGGcQAA 
2026-05-27 12:49:05.9877 INFO Skipping Attachment - Possible Signature Image: image010.jpg(1121K) in AAkALgAAAAAAHYQDEapmEc2byACqAC-EWg0A-XGp6OdBg0CxQrF5bBnBPAAHIkGGcQAA 
2026-05-27 12:49:06.0137 INFO Skipping Attachment - Possible Signature Image: image011.jpg(1152K) in AAkALgAAAAAAHYQDEapmEc2byACqAC-EWg0A-XGp6OdBg0CxQrF5bBnBPAAHIkGGcQAA 
2026-05-27 12:49:06.0422 INFO Skipping Attachment - Possible Signature Image: image014.png(488K) in AAkALgAAAAAAHYQDEapmEc2byACqAC-EWg0A-XGp6OdBg0CxQrF5bBnBPAAHIkGGcQAA 
2026-05-27 12:49:06.0692 INFO Skipping Attachment - Possible Signature Image: image015.jpg(1650K) in AAkALgAAAAAAHYQDEapmEc2byACqAC-EWg0A-XGp6OdBg0CxQrF5bBnBPAAHIkGGcQAA 
2026-05-27 12:49:06.0972 INFO Skipping Attachment - Possible Signature Image: image016.jpg(1702K) in AAkALgAAAAAAHYQDEapmEc2byACqAC-EWg0A-XGp6OdBg0CxQrF5bBnBPAAHIkGGcQAA 
2026-05-27 12:49:06.1242 INFO Skipping Attachment - Possible Signature Image: image017.jpg(1546K) in AAkALgAAAAAAHYQDEapmEc2byACqAC-EWg0A-XGp6OdBg0CxQrF5bBnBPAAHIkGGcQAA 
2026-05-27 12:49:06.1513 INFO Skipping Attachment - Possible Signature Image: image018.jpg(1669K) in AAkALgAAAAAAHYQDEapmEc2byACqAC-EWg0A-XGp6OdBg0CxQrF5bBnBPAAHIkGGcQAA 
2026-05-27 12:49:06.1778 INFO Skipping Attachment - Possible Signature Image: image019.png(508K) in AAkALgAAAAAAHYQDEapmEc2byACqAC-EWg0A-XGp6OdBg0CxQrF5bBnBPAAHIkGGcQAA 
2026-05-27 12:49:06.2043 INFO Skipping Attachment - Possible Signature Image: image020.png(508K) in AAkALgAAAAAAHYQDEapmEc2byACqAC-EWg0A-XGp6OdBg0CxQrF5bBnBPAAHIkGGcQAA 
2026-05-27 12:49:06.2333 INFO Skipping Attachment - Possible Signature Image: image021.png(507K) in AAkALgAAAAAAHYQDEapmEc2byACqAC-EWg0A-XGp6OdBg0CxQrF5bBnBPAAHIkGGcQAA 
2026-05-27 12:49:06.2803 INFO Email Logged: RE: Total Home Roofing [1083524806-03] 
2026-05-27 12:49:06.5823 TRACE {"__type":"FHMC.Graph.Email+MailMessage, FHMC.Graph","Subject":"REPLY ERROR - 1083524806-03 RE: Total Home Roofing [1083524806-03]","ReceivedDateTime":"\/Date(-62135596800000-0000)\/","Attachments":[],"Body":"This order has been APPROVED and new emails are no longer monitored for this VOE.  \n\nCurrent Employment Status: Business Closed\n\nPlease contact VOE@firsthome with the order number -found in the subject line of this email - in order to address your inquiry/concerns.\r\n\r\nSincerely,\r\nFirst Home Mortgage Verification Team\r\n6211 Greenleigh Avenue, Suite 300, Baltimore MD 21220  \r\n\r\n(For questions or concerns on the status of your VOE please check the VOE pipeline at http://aze-app-1v/voesystem/pipeline)\r\n\r\n\r\n\r\nCONFIDENTIALITY NOTICE\r\nThe information contained in this electronic message is confidential information intended for the use of the individual or entity named above. If the reader of this message is not the intended recipient, or an employee or agent responsible for delivering this electronic message to the intended recipient, you are hereby notified that any dissemination, or copying of this communication is strictly prohibited. If this message contains non-public personal information about any consumer or customer of the sender or intended recipient, you are further prohibited under penalty of law from using or disclosing the information to any third party by provisions of the federal Gramm-Leach-Bliley Act. If you have received this electronic message in error, please immediately notify us by return email destroy the original message to assure that it is not read, copied, or distributed by others.\r\n\r\n\n\n\n\r\n\r\nSincerely,\r\nFirst Home Mortgage Verification Team\r\n6211 Greenleigh Avenue, Suite 300, Baltimore MD 21220  \r\n\r\n(For questions or concerns on the status of your VOE please check the VOE pipeline at http://aze-app-1v/voesystem/pipeline)\n\n---------Original Message----------------------\nFrom: CHarrington@firsthome.com\nSent: Wed, May 27, 2026 12:07 PM\nTo: YPhipps@firsthome.com, jake.dorman0707@gmail.com, NMiller@firsthome.com, JRosnage@firsthome.com, VOE@firsthome.com\nCc: \nSubject: RE: Total Home Roofing [1083524806-03]\n\nOK, thanks!\r\n\r\n\r\n[cid:image002.png@01DCEDD1.61E1FBA0]Cindy Harrington\r\nSr. Loan Processor\r\nOffice: 301.327.5800 | Direct: 301.327.5811 | Fax: 443.725.0467 | Ext: 4311\r\nWebsite: www.firsthome.com<http://www.firsthome.com/>\r\n3240 Ferry Landing Rd Suite 201 Dunkirk, MD 20754\r\n[A picture containing object, first-aid kit  Description automatically generated]<https://www.facebook.com/gofirsthome?ref=hl>  [cid:image009.jpg@01DCEDD1.61E1FBA0] <https://www.linkedin.com/company/63010/admin/>    [A close up of a logo  Description automatically generated] <https://twitter.com/GoFirstHome>    [A picture containing clipart  Description automatically generated] <https://www.instagram.com/firsthomemortgage/>\r\nCONFIDENTIALITY NOTICE\r\nThe information contained in this electronic message is confidential information intended for the use of the individual or entity named above. If the reader of this message is not the intended recipient, or an employee or agent responsible for delivering this electronic message to the intended recipient, you are hereby notified that any dissemination, or copying of this communication is strictly prohibited. If this message contains non-public personal information about any consumer or customer of the sender or intended recipient, you are further prohibited under penalty of law from using or disclosing the information to any third party by provisions of the federal Gramm-Leach-Bliley Act. If you have received this electronic message in error, please immediately notify us by return email destroy the original message to assure that it is not read, copied, or distributed by others.\r\n\r\nFrom: Yasmim Phipps <YPhipps@firsthome.com>\r\nSent: Wednesday, May 27, 2026 12:05 PM\r\nTo: Jake Dorman <jake.dorman0707@gmail.com>; Cynthia Harrington <CHarrington@firsthome.com>\r\nCc: Natalie Miller <NMiller@firsthome.com>; Jack Rosnage <JRosnage@firsthome.com>; First Home VOE <VOE@firsthome.com>\r\nSubject: RE: Total Home Roofing [1083524806-03]\r\n\r\nHello All,\r\n\r\nI will approve the order as Business is Closed.\r\n\r\nThanks,\r\n\r\n\r\n[cid:image014.png@01DCEDD1.61E1FBA0]Yasmim Phipps\r\nVerification Specialist\r\nCorporate NMLS ID # 71603\r\nOffice: 410.933.3100 | Direct: 443.725.7043 | Fax: 443.725.0492 | Ext: 1033\r\nWebsite: www.firsthome.com<http://www.firsthome.com/>\r\n6211 Greenleigh Ave, Suite 300 Baltimore MD 21220\r\n[A picture containing object, first-aid kit  Description automatically generated]<https://www.facebook.com/gofirsthome?ref=hl>  [cid:image016.jpg@01DCEDD1.61E1FBA0] <https://www.linkedin.com/company/63010/admin/>    [A close up of a logo  Description automatically generated] <https://twitter.com/GoFirstHome>    [A picture containing clipart  Description automatically generated] <https://www.instagram.com/firsthomemortgage/>\r\n\r\nCONFIDENTIALITY NOTICE\r\nThe information contained in this electronic message is confidential information intended for the use of the individual or entity named above. If the reader of this message is not the intended recipient, or an employee or agent responsible for delivering this electronic message to the intended recipient, you are hereby notified that any dissemination, or copying of this communication is strictly prohibited. If this message contains non-public personal information about any consumer or customer of the sender or intended recipient, you are further prohibited under penalty of law from using or disclosing the information to any third party by provisions of the federal Gramm-Leach-Bliley Act. If you have received this electronic message in error, please immediately notify us by return email and destroy the original message to assure that it is not read, copied, or distributed by others.\r\n\r\nFrom: Jake Dorman <jake.dorman0707@gmail.com<mailto:jake.dorman0707@gmail.com>>\r\nSent: Tuesday, May 26, 2026 7:49 PM\r\nTo: Cynthia Harrington <CHarrington@firsthome.com<mailto:CHarrington@firsthome.com>>\r\nCc: Natalie Miller <NMiller@firsthome.com<mailto:NMiller@firsthome.com>>; Jack Rosnage <JRosnage@firsthome.com<mailto:JRosnage@firsthome.com>>; Yasmim Phipps <YPhipps@firsthome.com<mailto:YPhipps@firsthome.com>>\r\nSubject: Re: Total Home Roofing\r\n\r\n\r\n*** This message originated outside the organization ***\r\n\r\n________________________________\r\nYes that would be correct\r\n\r\nOn Tue, May 26, 2026 at 7:45?PM Cynthia Harrington <CHarrington@firsthome.com<mailto:CHarrington@firsthome.com>> wrote:\r\nWe have it…..from 2024 correct?   The dates I have you working there is 2/8/24 to 6/30/24 correct?\r\n\r\n\r\n\r\n[cid:image019.png@01DCEDD1.61E1FBA0]Cindy Harrington\r\nSr. Loan Processor\r\nOffice: 301.327.5800 | Direct: 301.327.5811 | Fax: 443.725.0467 | Ext: 4311\r\nWebsite: www.firsthome.com<https://url.usb.m.mimecastprotect.com/s/_jZlCg7qkQhq3nAPh7u7U4g2Tw?domain=firsthome.com>\r\n3240 Ferry Landing Rd Suite 201 Dunkirk, MD 20754<https://url.usb.m.mimecastprotect.com/s/PY0eC6Yw0zHPNxrVtpfrU5YeFL?domain=google.com>\r\n[A picture containing object, first-aid kit    Description automatically generated]<https://url.usb.m.mimecastprotect.com/s/L7dOC7DxAWfzg9AESWhAUocoOp?domain=facebook.com>  [cid:image009.jpg@01DCEDD1.61E1FBA0] <https://url.usb.m.mimecastprotect.com/s/cBgWC8Xy9BSXGx6OF2ivUyEeAn?domain=linkedin.com/>    [A close up of a logo    Description automatically generated] <https://url.usb.m.mimecastprotect.com/s/6H1pC93z2Lfz0PkRSOsnUqfNbr?domain=twitter.com>    [A picture containing clipart    Description automatically generated] <https://url.usb.m.mimecastprotect.com/s/2mhZC0An9XckxlGJhOtBU9UXBI?domain=instagram.com/>\r\nCONFIDENTIALITY NOTICE\r\nThe information contained in this electronic message is confidential information intended for the use of the individual or entity named above. If the reader of this message is not the intended recipient, or an employee or agent responsible for delivering this electronic message to the intended recipient, you are hereby notified that any dissemination, or copying of this communication is strictly prohibited. If this message contains non-public personal information about any consumer or customer of the sender or intended recipient, you are further prohibited under penalty of law from using or disclosing the information to any third party by provisions of the federal Gramm-Leach-Bliley Act. If you have received this electronic message in error, please immediately notify us by return email destroy the original message to assure that it is not read, copied, or distributed by others.\r\n\r\nFrom: Jake Dorman <jake.dorman0707@gmail.com<mailto:jake.dorman0707@gmail.com>>\r\nSent: Tuesday, May 26, 2026 7:39 PM\r\nTo: Cynthia Harrington <CHarrington@firsthome.com<mailto:CHarrington@firsthome.com>>\r\nCc: Natalie Miller <NMiller@firsthome.com<mailto:NMiller@firsthome.com>>; Jack Rosnage <JRosnage@firsthome.com<mailto:JRosnage@firsthome.com>>; Yasmim Phipps <YPhipps@firsthome.com<mailto:YPhipps@firsthome.com>>\r\nSubject: Re: Total Home Roofing\r\n\r\n\r\n*** This message originated outside the organization ***\r\n\r\n________________________________\r\nWould A w2 from them for my employment suffice?\r\n\r\nOn Tue, May 26, 2026 at 7:35?PM Cynthia Harrington <CHarrington@firsthome.com<mailto:CHarrington@firsthome.com>> wrote:\r\nYasmin, do we state below and say Non-verifiable?  Not sure what else you can do.\r\n\r\n\r\n[cid:image020.png@01DCEDD1.61E1FBA0]Cindy Harrington\r\nSr. Loan Processor\r\nOffice: 301.327.5800 | Direct: 301.327.5811 | Fax: 443.725.0467 | Ext: 4311\r\nWebsite: www.firsthome.com<https://url.usb.m.mimecastprotect.com/s/_jZlCg7qkQhq3nAPh7u7U4g2Tw?domain=firsthome.com>\r\n3240 Ferry Landing Rd Suite 201 Dunkirk, MD 20754<https://url.usb.m.mimecastprotect.com/s/PY0eC6Yw0zHPNxrVtpfrU5YeFL?domain=google.com>\r\n[A picture containing object, first-aid kit    Description automatically generated]<https://url.usb.m.mimecastprotect.com/s/L7dOC7DxAWfzg9AESWhAUocoOp?domain=facebook.com>  [cid:image009.jpg@01DCEDD1.61E1FBA0] <https://url.usb.m.mimecastprotect.com/s/cBgWC8Xy9BSXGx6OF2ivUyEeAn?domain=linkedin.com/>    [A close up of a logo    Description automatically generated] <https://url.usb.m.mimecastprotect.com/s/6H1pC93z2Lfz0PkRSOsnUqfNbr?domain=twitter.com>    [A picture containing clipart    Description automatically generated] <https://url.usb.m.mimecastprotect.com/s/2mhZC0An9XckxlGJhOtBU9UXBI?domain=instagram.com/>\r\nCONFIDENTIALITY NOTICE\r\nThe information contained in this electronic message is confidential information intended for the use of the individual or entity named above. If the reader of this message is not the intended recipient, or an employee or agent responsible for delivering this electronic message to the intended recipient, you are hereby notified that any dissemination, or copying of this communication is strictly prohibited. If this message contains non-public personal information about any consumer or customer of the sender or intended recipient, you are further prohibited under penalty of law from using or disclosing the information to any third party by provisions of the federal Gramm-Leach-Bliley Act. If you have received this electronic message in error, please immediately notify us by return email destroy the original message to assure that it is not read, copied, or distributed by others.\r\n\r\nFrom: Jake Dorman <jake.dorman0707@gmail.com<mailto:jake.dorman0707@gmail.com>>\r\nSent: Tuesday, May 26, 2026 6:18 PM\r\nTo: Cynthia Harrington <CHarrington@firsthome.com<mailto:CHarrington@firsthome.com>>\r\nCc: Natalie Miller <NMiller@firsthome.com<mailto:NMiller@firsthome.com>>; Jack Rosnage <JRosnage@firsthome.com<mailto:JRosnage@firsthome.com>>; Yasmim Phipps <YPhipps@firsthome.com<mailto:YPhipps@firsthome.com>>\r\nSubject: Re: Total Home Roofing\r\n\r\n\r\n*** This message originated outside the organization ***\r\n\r\n________________________________\r\nTotal home roofing went out of business shortly after I left the company and is no longer active.\r\n\r\nI have my old boss that can still verify but the business is no longer open.\r\n\r\nOn Tue, May 26, 2026 at 6:16?PM Cynthia Harrington <CHarrington@firsthome.com<mailto:CHarrington@firsthome.com>> wrote:\r\nGood evening again, do you have a contact person and phone number/email for someone at Total Home Roofing that our Verification Dept. can contact to verify your employment?  The phone# listed is out of service.  Please respond to all.  Thanks!\r\n\r\n\r\n[cid:image021.png@01DCEDD1.61E1FBA0]Cindy Harrington\r\nSr. Loan Processor\r\nOffice: 301.327.5800 | Direct: 301.327.5811 | Fax: 443.725.0467 | Ext: 4311\r\nWebsite: www.firsthome.com<https://url.usb.m.mimecastprotect.com/s/_jZlCg7qkQhq3nAPh7u7U4g2Tw?domain=firsthome.com>\r\n3240 Ferry Landing Rd Suite 201 Dunkirk, MD 20754<https://url.usb.m.mimecastprotect.com/s/PY0eC6Yw0zHPNxrVtpfrU5YeFL?domain=google.com>\r\n[A picture containing object, first-aid kit    Description automatically generated]<https://url.usb.m.mimecastprotect.com/s/L7dOC7DxAWfzg9AESWhAUocoOp?domain=facebook.com>  [cid:image009.jpg@01DCEDD1.61E1FBA0] <https://url.usb.m.mimecastprotect.com/s/cBgWC8Xy9BSXGx6OF2ivUyEeAn?domain=linkedin.com/>    [A close up of a logo    Description automatically generated] <https://url.usb.m.mimecastprotect.com/s/6H1pC93z2Lfz0PkRSOsnUqfNbr?domain=twitter.com>    [A picture containing clipart    Description automatically generated] <https://url.usb.m.mimecastprotect.com/s/2mhZC0An9XckxlGJhOtBU9UXBI?domain=instagram.com/>\r\nCONFIDENTIALITY NOTICE\r\nThe information contained in this electronic message is confidential information intended for the use of the individual or entity named above. If the reader of this message is not the intended recipient, or an employee or agent responsible for delivering this electronic message to the intended recipient, you are hereby notified that any dissemination, or copying of this communication is strictly prohibited. If this message contains non-public personal information about any consumer or customer of the sender or intended recipient, you are further prohibited under penalty of law from using or disclosing the information to any third party by provisions of the federal Gramm-Leach-Bliley Act. If you have received this electronic message in error, please immediately notify us by return email destroy the original message to assure that it is not read, copied, or distributed by others.\r\n\r\n","IsBodyHTML":false,"CustomSendHeaders":{"X-Message-ID":"<d08f4c80-4ee7-49f0-94b4-ae067a100b49@HQExc4V.firsthomemtg.com>"},"IsReadReceiptRequested":false,"ToRecipients":[{"__type":"FHMC.Graph.Email+MailRecipient, FHMC.Graph","EmailAddress":"YPhipps@firsthome.com"},{"__type":"FHMC.Graph.Email+MailRecipient, FHMC.Graph","EmailAddress":"NMiller@firsthome.com"},{"__type":"FHMC.Graph.Email+MailRecipient, FHMC.Graph","EmailAddress":"JRosnage@firsthome.com"},{"__type":"FHMC.Graph.Email+MailRecipient, FHMC.Graph","EmailAddress":"CHarrington@firsthome.com"}],"CcRecipients":[],"BccRecipients":[],"ReplyToList":[]} 
2026-05-27 12:49:07.0174 TRACE {"Id":null,"Subject":"REPLY ERROR - 1083524806-03 RE: Total Home Roofing [1083524806-03]","ReceivedDateTime":"0001-01-01T00:00:00","Attachments":[],"Body":"This order has been APPROVED and new emails are no longer monitored for this VOE.  \n\nCurrent Employment Status: Business Closed\n\nPlease contact VOE@firsthome with the order number -found in the subject line of this email - in order to address your inquiry/concerns.\r\n\r\nSincerely,\r\nFirst Home Mortgage Verification Team\r\n6211 Greenleigh Avenue, Suite 300, Baltimore MD 21220  \r\n\r\n(For questions or concerns on the status of your VOE please check the VOE pipeline at http://aze-app-1v/voesystem/pipeline)\r\n\r\n\r\n\r\nCONFIDENTIALITY NOTICE\r\nThe information contained in this electronic message is confidential information intended for the use of the individual or entity named above. If the reader of this message is not the intended recipient, or an employee or agent responsible for delivering this electronic message to the intended recipient, you are hereby notified that any dissemination, or copying of this communication is strictly prohibited. If this message contains non-public personal information about any consumer or customer of the sender or intended recipient, you are further prohibited under penalty of law from using or disclosing the information to any third party by provisions of the federal Gramm-Leach-Bliley Act. If you have received this electronic message in error, please immediately notify us by return email destroy the original message to assure that it is not read, copied, or distributed by others.\r\n\r\n\n\n\n\r\n\r\nSincerely,\r\nFirst Home Mortgage Verification Team\r\n6211 Greenleigh Avenue, Suite 300, Baltimore MD 21220  \r\n\r\n(For questions or concerns on the status of your VOE please check the VOE pipeline at http://aze-app-1v/voesystem/pipeline)\n\n---------Original Message----------------------\nFrom: CHarrington@firsthome.com\nSent: Wed, May 27, 2026 12:07 PM\nTo: YPhipps@firsthome.com, jake.dorman0707@gmail.com, NMiller@firsthome.com, JRosnage@firsthome.com, VOE@firsthome.com\nCc: \nSubject: RE: Total Home Roofing [1083524806-03]\n\nOK, thanks!\r\n\r\n\r\n[cid:image002.png@01DCEDD1.61E1FBA0]Cindy Harrington\r\nSr. Loan Processor\r\nOffice: 301.327.5800 | Direct: 301.327.5811 | Fax: 443.725.0467 | Ext: 4311\r\nWebsite: www.firsthome.com<http://www.firsthome.com/>\r\n3240 Ferry Landing Rd Suite 201 Dunkirk, MD 20754\r\n[A picture containing object, first-aid kit  Description automatically generated]<https://www.facebook.com/gofirsthome?ref=hl>  [cid:image009.jpg@01DCEDD1.61E1FBA0] <https://www.linkedin.com/company/63010/admin/>    [A close up of a logo  Description automatically generated] <https://twitter.com/GoFirstHome>    [A picture containing clipart  Description automatically generated] <https://www.instagram.com/firsthomemortgage/>\r\nCONFIDENTIALITY NOTICE\r\nThe information contained in this electronic message is confidential information intended for the use of the individual or entity named above. If the reader of this message is not the intended recipient, or an employee or agent responsible for delivering this electronic message to the intended recipient, you are hereby notified that any dissemination, or copying of this communication is strictly prohibited. If this message contains non-public personal information about any consumer or customer of the sender or intended recipient, you are further prohibited under penalty of law from using or disclosing the information to any third party by provisions of the federal Gramm-Leach-Bliley Act. If you have received this electronic message in error, please immediately notify us by return email destroy the original message to assure that it is not read, copied, or distributed by others.\r\n\r\nFrom: Yasmim Phipps <YPhipps@firsthome.com>\r\nSent: Wednesday, May 27, 2026 12:05 PM\r\nTo: Jake Dorman <jake.dorman0707@gmail.com>; Cynthia Harrington <CHarrington@firsthome.com>\r\nCc: Natalie Miller <NMiller@firsthome.com>; Jack Rosnage <JRosnage@firsthome.com>; First Home VOE <VOE@firsthome.com>\r\nSubject: RE: Total Home Roofing [1083524806-03]\r\n\r\nHello All,\r\n\r\nI will approve the order as Business is Closed.\r\n\r\nThanks,\r\n\r\n\r\n[cid:image014.png@01DCEDD1.61E1FBA0]Yasmim Phipps\r\nVerification Specialist\r\nCorporate NMLS ID # 71603\r\nOffice: 410.933.3100 | Direct: 443.725.7043 | Fax: 443.725.0492 | Ext: 1033\r\nWebsite: www.firsthome.com<http://www.firsthome.com/>\r\n6211 Greenleigh Ave, Suite 300 Baltimore MD 21220\r\n[A picture containing object, first-aid kit  Description automatically generated]<https://www.facebook.com/gofirsthome?ref=hl>  [cid:image016.jpg@01DCEDD1.61E1FBA0] <https://www.linkedin.com/company/63010/admin/>    [A close up of a logo  Description automatically generated] <https://twitter.com/GoFirstHome>    [A picture containing clipart  Description automatically generated] <https://www.instagram.com/firsthomemortgage/>\r\n\r\nCONFIDENTIALITY NOTICE\r\nThe information contained in this electronic message is confidential information intended for the use of the individual or entity named above. If the reader of this message is not the intended recipient, or an employee or agent responsible for delivering this electronic message to the intended recipient, you are hereby notified that any dissemination, or copying of this communication is strictly prohibited. If this message contains non-public personal information about any consumer or customer of the sender or intended recipient, you are further prohibited under penalty of law from using or disclosing the information to any third party by provisions of the federal Gramm-Leach-Bliley Act. If you have received this electronic message in error, please immediately notify us by return email and destroy the original message to assure that it is not read, copied, or distributed by others.\r\n\r\nFrom: Jake Dorman <jake.dorman0707@gmail.com<mailto:jake.dorman0707@gmail.com>>\r\nSent: Tuesday, May 26, 2026 7:49 PM\r\nTo: Cynthia Harrington <CHarrington@firsthome.com<mailto:CHarrington@firsthome.com>>\r\nCc: Natalie Miller <NMiller@firsthome.com<mailto:NMiller@firsthome.com>>; Jack Rosnage <JRosnage@firsthome.com<mailto:JRosnage@firsthome.com>>; Yasmim Phipps <YPhipps@firsthome.com<mailto:YPhipps@firsthome.com>>\r\nSubject: Re: Total Home Roofing\r\n\r\n\r\n*** This message originated outside the organization ***\r\n\r\n________________________________\r\nYes that would be correct\r\n\r\nOn Tue, May 26, 2026 at 7:45?PM Cynthia Harrington <CHarrington@firsthome.com<mailto:CHarrington@firsthome.com>> wrote:\r\nWe have it…..from 2024 correct?   The dates I have you working there is 2/8/24 to 6/30/24 correct?\r\n\r\n\r\n\r\n[cid:image019.png@01DCEDD1.61E1FBA0]Cindy Harrington\r\nSr. Loan Processor\r\nOffice: 301.327.5800 | Direct: 301.327.5811 | Fax: 443.725.0467 | Ext: 4311\r\nWebsite: www.firsthome.com<https://url.usb.m.mimecastprotect.com/s/_jZlCg7qkQhq3nAPh7u7U4g2Tw?domain=firsthome.com>\r\n3240 Ferry Landing Rd Suite 201 Dunkirk, MD 20754<https://url.usb.m.mimecastprotect.com/s/PY0eC6Yw0zHPNxrVtpfrU5YeFL?domain=google.com>\r\n[A picture containing object, first-aid kit    Description automatically generated]<https://url.usb.m.mimecastprotect.com/s/L7dOC7DxAWfzg9AESWhAUocoOp?domain=facebook.com>  [cid:image009.jpg@01DCEDD1.61E1FBA0] <https://url.usb.m.mimecastprotect.com/s/cBgWC8Xy9BSXGx6OF2ivUyEeAn?domain=linkedin.com/>    [A close up of a logo    Description automatically generated] <https://url.usb.m.mimecastprotect.com/s/6H1pC93z2Lfz0PkRSOsnUqfNbr?domain=twitter.com>    [A picture containing clipart    Description automatically generated] <https://url.usb.m.mimecastprotect.com/s/2mhZC0An9XckxlGJhOtBU9UXBI?domain=instagram.com/>\r\nCONFIDENTIALITY NOTICE\r\nThe information contained in this electronic message is confidential information intended for the use of the individual or entity named above. If the reader of this message is not the intended recipient, or an employee or agent responsible for delivering this electronic message to the intended recipient, you are hereby notified that any dissemination, or copying of this communication is strictly prohibited. If this message contains non-public personal information about any consumer or customer of the sender or intended recipient, you are further prohibited under penalty of law from using or disclosing the information to any third party by provisions of the federal Gramm-Leach-Bliley Act. If you have received this electronic message in error, please immediately notify us by return email destroy the original message to assure that it is not read, copied, or distributed by others.\r\n\r\nFrom: Jake Dorman <jake.dorman0707@gmail.com<mailto:jake.dorman0707@gmail.com>>\r\nSent: Tuesday, May 26, 2026 7:39 PM\r\nTo: Cynthia Harrington <CHarrington@firsthome.com<mailto:CHarrington@firsthome.com>>\r\nCc: Natalie Miller <NMiller@firsthome.com<mailto:NMiller@firsthome.com>>; Jack Rosnage <JRosnage@firsthome.com<mailto:JRosnage@firsthome.com>>; Yasmim Phipps <YPhipps@firsthome.com<mailto:YPhipps@firsthome.com>>\r\nSubject: Re: Total Home Roofing\r\n\r\n\r\n*** This message originated outside the organization ***\r\n\r\n________________________________\r\nWould A w2 from them for my employment suffice?\r\n\r\nOn Tue, May 26, 2026 at 7:35?PM Cynthia Harrington <CHarrington@firsthome.com<mailto:CHarrington@firsthome.com>> wrote:\r\nYasmin, do we state below and say Non-verifiable?  Not sure what else you can do.\r\n\r\n\r\n[cid:image020.png@01DCEDD1.61E1FBA0]Cindy Harrington\r\nSr. Loan Processor\r\nOffice: 301.327.5800 | Direct: 301.327.5811 | Fax: 443.725.0467 | Ext: 4311\r\nWebsite: www.firsthome.com<https://url.usb.m.mimecastprotect.com/s/_jZlCg7qkQhq3nAPh7u7U4g2Tw?domain=firsthome.com>\r\n3240 Ferry Landing Rd Suite 201 Dunkirk, MD 20754<https://url.usb.m.mimecastprotect.com/s/PY0eC6Yw0zHPNxrVtpfrU5YeFL?domain=google.com>\r\n[A picture containing object, first-aid kit    Description automatically generated]<https://url.usb.m.mimecastprotect.com/s/L7dOC7DxAWfzg9AESWhAUocoOp?domain=facebook.com>  [cid:image009.jpg@01DCEDD1.61E1FBA0] <https://url.usb.m.mimecastprotect.com/s/cBgWC8Xy9BSXGx6OF2ivUyEeAn?domain=linkedin.com/>    [A close up of a logo    Description automatically generated] <https://url.usb.m.mimecastprotect.com/s/6H1pC93z2Lfz0PkRSOsnUqfNbr?domain=twitter.com>    [A picture containing clipart    Description automatically generated] <https://url.usb.m.mimecastprotect.com/s/2mhZC0An9XckxlGJhOtBU9UXBI?domain=instagram.com/>\r\nCONFIDENTIALITY NOTICE\r\nThe information contained in this electronic message is confidential information intended for the use of the individual or entity named above. If the reader of this message is not the intended recipient, or an employee or agent responsible for delivering this electronic message to the intended recipient, you are hereby notified that any dissemination, or copying of this communication is strictly prohibited. If this message contains non-public personal information about any consumer or customer of the sender or intended recipient, you are further prohibited under penalty of law from using or disclosing the information to any third party by provisions of the federal Gramm-Leach-Bliley Act. If you have received this electronic message in error, please immediately notify us by return email destroy the original message to assure that it is not read, copied, or distributed by others.\r\n\r\nFrom: Jake Dorman <jake.dorman0707@gmail.com<mailto:jake.dorman0707@gmail.com>>\r\nSent: Tuesday, May 26, 2026 6:18 PM\r\nTo: Cynthia Harrington <CHarrington@firsthome.com<mailto:CHarrington@firsthome.com>>\r\nCc: Natalie Miller <NMiller@firsthome.com<mailto:NMiller@firsthome.com>>; Jack Rosnage <JRosnage@firsthome.com<mailto:JRosnage@firsthome.com>>; Yasmim Phipps <YPhipps@firsthome.com<mailto:YPhipps@firsthome.com>>\r\nSubject: Re: Total Home Roofing\r\n\r\n\r\n*** This message originated outside the organization ***\r\n\r\n________________________________\r\nTotal home roofing went out of business shortly after I left the company and is no longer active.\r\n\r\nI have my old boss that can still verify but the business is no longer open.\r\n\r\nOn Tue, May 26, 2026 at 6:16?PM Cynthia Harrington <CHarrington@firsthome.com<mailto:CHarrington@firsthome.com>> wrote:\r\nGood evening again, do you have a contact person and phone number/email for someone at Total Home Roofing that our Verification Dept. can contact to verify your employment?  The phone# listed is out of service.  Please respond to all.  Thanks!\r\n\r\n\r\n[cid:image021.png@01DCEDD1.61E1FBA0]Cindy Harrington\r\nSr. Loan Processor\r\nOffice: 301.327.5800 | Direct: 301.327.5811 | Fax: 443.725.0467 | Ext: 4311\r\nWebsite: www.firsthome.com<https://url.usb.m.mimecastprotect.com/s/_jZlCg7qkQhq3nAPh7u7U4g2Tw?domain=firsthome.com>\r\n3240 Ferry Landing Rd Suite 201 Dunkirk, MD 20754<https://url.usb.m.mimecastprotect.com/s/PY0eC6Yw0zHPNxrVtpfrU5YeFL?domain=google.com>\r\n[A picture containing object, first-aid kit    Description automatically generated]<https://url.usb.m.mimecastprotect.com/s/L7dOC7DxAWfzg9AESWhAUocoOp?domain=facebook.com>  [cid:image009.jpg@01DCEDD1.61E1FBA0] <https://url.usb.m.mimecastprotect.com/s/cBgWC8Xy9BSXGx6OF2ivUyEeAn?domain=linkedin.com/>    [A close up of a logo    Description automatically generated] <https://url.usb.m.mimecastprotect.com/s/6H1pC93z2Lfz0PkRSOsnUqfNbr?domain=twitter.com>    [A picture containing clipart    Description automatically generated] <https://url.usb.m.mimecastprotect.com/s/2mhZC0An9XckxlGJhOtBU9UXBI?domain=instagram.com/>\r\nCONFIDENTIALITY NOTICE\r\nThe information contained in this electronic message is confidential information intended for the use of the individual or entity named above. If the reader of this message is not the intended recipient, or an employee or agent responsible for delivering this electronic message to the intended recipient, you are hereby notified that any dissemination, or copying of this communication is strictly prohibited. If this message contains non-public personal information about any consumer or customer of the sender or intended recipient, you are further prohibited under penalty of law from using or disclosing the information to any third party by provisions of the federal Gramm-Leach-Bliley Act. If you have received this electronic message in error, please immediately notify us by return email destroy the original message to assure that it is not read, copied, or distributed by others.\r\n\r\n","IsBodyHTML":false,"BodyHTML":null,"SenderEmailAddress":null,"SenderEmailName":null,"RawReceiptHeaders":null,"CustomSendHeaders":{"X-Message-ID":"<d08f4c80-4ee7-49f0-94b4-ae067a100b49@HQExc4V.firsthomemtg.com>"},"IsReadReceiptRequested":false,"Importance":null,"ToRecipients":[{"EmailAddress":"YPhipps@firsthome.com"},{"EmailAddress":"NMiller@firsthome.com"},{"EmailAddress":"JRosnage@firsthome.com"},{"EmailAddress":"CHarrington@firsthome.com"}],"CcRecipients":[],"BccRecipients":[],"ReplyToList":[]} 
2026-05-27 12:49:07.2304 INFO Sending MIME message for voe@firsthome.com: REPLY ERROR - 1083524806-03 RE: Total Home Roofing [1083524806-03] 
2026-05-27 12:49:07.6204 TRACE From: "voe@firsthome.com" <voe@firsthome.com>
Date: Wed, 27 May 2026 12:49:07 -0400
Subject: REPLY ERROR - 1083524806-03 RE: Total Home Roofing [1083524806-03]
Message-Id: <4HTYIA1JDTU4.ZF1661QX0CRH@aze-dev-1v>
To: "YPhipps@firsthome.com" <YPhipps@firsthome.com>, "NMiller@firsthome.com"
	<NMiller@firsthome.com>, "JRosnage@firsthome.com" <JRosnage@firsthome.com>,
 "CHarrington@firsthome.com" <CHarrington@firsthome.com>
X-Message-ID: <d08f4c80-4ee7-49f0-94b4-ae067a100b49@HQExc4V.firsthomemtg.com>
MIME-Version: 1.0
Content-Type: multipart/alternative; boundary="=-tlL7zNBaAnYI5UPoCSUfDA=="

--=-tlL7zNBaAnYI5UPoCSUfDA==
Content-Type: text/plain; charset=utf-8

This order has been APPROVED and new emails are no longer monitored for this VOE.  

Current Employment Status: Business Closed

Please contact VOE@firsthome with the order number -found in the subject line of this email - in order to address your inquiry/concerns.

Sincerely,
First Home Mortgage Verification Team
6211 Greenleigh Avenue, Suite 300, Baltimore MD 21220  

(For questions or concerns on the status of your VOE please check the VOE pipeline at http://aze-app-1v/voesystem/pipeline)



CONFIDENTIALITY NOTICE
The information contained in this electronic message is confidential information intended for the use of the individual or entity named above. If the reader of this message is not the intended recipient, or an employee or agent responsible for delivering this electronic message to the intended recipient, you are hereby notified that any dissemination, or copying of this communication is strictly prohibited. If this message contains non-public personal information about any consumer or customer of the sender or intended recipient, you are further prohibited under penalty of law from using or disclosing the information to any third party by provisions of the federal Gramm-Leach-Bliley Act. If you have received this electronic message in error, please immediately notify us by return email destroy the original message to assure that it is not read, copied, or distributed by others.






Sincerely,
First Home Mortgage Verification Team
6211 Greenleigh Avenue, Suite 300, Baltimore MD 21220  

(For questions or concerns on the status of your VOE please check the VOE pipeline at http://aze-app-1v/voesystem/pipeline)

---------Original Message----------------------
From: CHarrington@firsthome.com
Sent: Wed, May 27, 2026 12:07 PM
To: YPhipps@firsthome.com, jake.dorman0707@gmail.com, NMiller@firsthome.com, JRosnage@firsthome.com, VOE@firsthome.com
Cc: 
Subject: RE: Total Home Roofing [1083524806-03]

OK, thanks!


[cid:image002.png@01DCEDD1.61E1FBA0]Cindy Harrington
Sr. Loan Processor
Office: 301.327.5800 | Direct: 301.327.5811 | Fax: 443.725.0467 | Ext: 4311
Website: www.firsthome.com<http://www.firsthome.com/>
3240 Ferry Landing Rd Suite 201 Dunkirk, MD 20754
[A picture containing object, first-aid kit  Description automatically generated]<https://www.facebook.com/gofirsthome?ref=hl>  [cid:image009.jpg@01DCEDD1.61E1FBA0] <https://www.linkedin.com/company/63010/admin/>    [A close up of a logo  Description automatically generated] <https://twitter.com/GoFirstHome>    [A picture containing clipart  Description automatically generated] <https://www.instagram.com/firsthomemortgage/>
CONFIDENTIALITY NOTICE
The information contained in this electronic message is confidential information intended for the use of the individual or entity named above. If the reader of this message is not the intended recipient, or an employee or agent responsible for delivering this electronic message to the intended recipient, you are hereby notified that any dissemination, or copying of this communication is strictly prohibited. If this message contains non-public personal information about any consumer or customer of the sender or intended recipient, you are further prohibited under penalty of law from using or disclosing the information to any third party by provisions of the federal Gramm-Leach-Bliley Act. If you have received this electronic message in error, please immediately notify us by return email destroy the original message to assure that it is not read, copied, or distributed by others.

From: Yasmim Phipps <YPhipps@firsthome.com>
Sent: Wednesday, May 27, 2026 12:05 PM
To: Jake Dorman <jake.dorman0707@gmail.com>; Cynthia Harrington <CHarrington@firsthome.com>
Cc: Natalie Miller <NMiller@firsthome.com>; Jack Rosnage <JRosnage@firsthome.com>; First Home VOE <VOE@firsthome.com>
Subject: RE: Total Home Roofing [1083524806-03]

Hello All,

I will approve the order as Business is Closed.

Thanks,


[cid:image014.png@01DCEDD1.61E1FBA0]Yasmim Phipps
Verification Specialist
Corporate NMLS ID # 71603
Office: 410.933.3100 | Direct: 443.725.7043 | Fax: 443.725.0492 | Ext: 1033
Website: www.firsthome.com<http://www.firsthome.com/>
6211 Greenleigh Ave, Suite 300 Baltimore MD 21220
[A picture containing object, first-aid kit  Description automatically generated]<https://www.facebook.com/gofirsthome?ref=hl>  [cid:image016.jpg@01DCEDD1.61E1FBA0] <https://www.linkedin.com/company/63010/admin/>    [A close up of a logo  Description automatically generated] <https://twitter.com/GoFirstHome>    [A picture containing clipart  Description automatically generated] <https://www.instagram.com/firsthomemortgage/>

CONFIDENTIALITY NOTICE
The information contained in this electronic message is confidential information intended for the use of the individual or entity named above. If the reader of this message is not the intended recipient, or an employee or agent responsible for delivering this electronic message to the intended recipient, you are hereby notified that any dissemination, or copying of this communication is strictly prohibited. If this message contains non-public personal information about any consumer or customer of the sender or intended recipient, you are further prohibited under penalty of law from using or disclosing the information to any third party by provisions of the federal Gramm-Leach-Bliley Act. If you have received this electronic message in error, please immediately notify us by return email and destroy the original message to assure that it is not read, copied, or distributed by others.

From: Jake Dorman <jake.dorman0707@gmail.com<mailto:jake.dorman0707@gmail.com>>
Sent: Tuesday, May 26, 2026 7:49 PM
To: Cynthia Harrington <CHarrington@firsthome.com<mailto:CHarrington@firsthome.com>>
Cc: Natalie Miller <NMiller@firsthome.com<mailto:NMiller@firsthome.com>>; Jack Rosnage <JRosnage@firsthome.com<mailto:JRosnage@firsthome.com>>; Yasmim Phipps <YPhipps@firsthome.com<mailto:YPhipps@firsthome.com>>
Subject: Re: Total Home Roofing


*** This message originated outside the organization ***

________________________________
Yes that would be correct

On Tue, May 26, 2026 at 7:45?PM Cynthia Harrington <CHarrington@firsthome.com<mailto:CHarrington@firsthome.com>> wrote:
We have itâ?¦..from 2024 correct?   The dates I have you working there is 2/8/24 to 6/30/24 correct?



[cid:image019.png@01DCEDD1.61E1FBA0]Cindy Harrington
Sr. Loan Processor
Office: 301.327.5800 | Direct: 301.327.5811 | Fax: 443.725.0467 | Ext: 4311
Website: www.firsthome.com<https://url.usb.m.mimecastprotect.com/s/_jZlCg7qkQhq3nAPh7u7U4g2Tw?domain=firsthome.com>
3240 Ferry Landing Rd Suite 201 Dunkirk, MD 20754<https://url.usb.m.mimecastprotect.com/s/PY0eC6Yw0zHPNxrVtpfrU5YeFL?domain=google.com>
[A picture containing object, first-aid kit    Description automatically generated]<https://url.usb.m.mimecastprotect.com/s/L7dOC7DxAWfzg9AESWhAUocoOp?domain=facebook.com>  [cid:image009.jpg@01DCEDD1.61E1FBA0] <https://url.usb.m.mimecastprotect.com/s/cBgWC8Xy9BSXGx6OF2ivUyEeAn?domain=linkedin.com/>    [A close up of a logo    Description automatically generated] <https://url.usb.m.mimecastprotect.com/s/6H1pC93z2Lfz0PkRSOsnUqfNbr?domain=twitter.com>    [A picture containing clipart    Description automatically generated] <https://url.usb.m.mimecastprotect.com/s/2mhZC0An9XckxlGJhOtBU9UXBI?domain=instagram.com/>
CONFIDENTIALITY NOTICE
The information contained in this electronic message is confidential information intended for the use of the individual or entity named above. If the reader of this message is not the intended recipient, or an employee or agent responsible for delivering this electronic message to the intended recipient, you are hereby notified that any dissemination, or copying of this communication is strictly prohibited. If this message contains non-public personal information about any consumer or customer of the sender or intended recipient, you are further prohibited under penalty of law from using or disclosing the information to any third party by provisions of the federal Gramm-Leach-Bliley Act. If you have received this electronic message in error, please immediately notify us by return email destroy the original message to assure that it is not read, copied, or distributed by others.

From: Jake Dorman <jake.dorman0707@gmail.com<mailto:jake.dorman0707@gmail.com>>
Sent: Tuesday, May 26, 2026 7:39 PM
To: Cynthia Harrington <CHarrington@firsthome.com<mailto:CHarrington@firsthome.com>>
Cc: Natalie Miller <NMiller@firsthome.com<mailto:NMiller@firsthome.com>>; Jack Rosnage <JRosnage@firsthome.com<mailto:JRosnage@firsthome.com>>; Yasmim Phipps <YPhipps@firsthome.com<mailto:YPhipps@firsthome.com>>
Subject: Re: Total Home Roofing


*** This message originated outside the organization ***

________________________________
Would A w2 from them for my employment suffice?

On Tue, May 26, 2026 at 7:35?PM Cynthia Harrington <CHarrington@firsthome.com<mailto:CHarrington@firsthome.com>> wrote:
Yasmin, do we state below and say Non-verifiable?  Not sure what else you can do.


[cid:image020.png@01DCEDD1.61E1FBA0]Cindy Harrington
Sr. Loan Processor
Office: 301.327.5800 | Direct: 301.327.5811 | Fax: 443.725.0467 | Ext: 4311
Website: www.firsthome.com<https://url.usb.m.mimecastprotect.com/s/_jZlCg7qkQhq3nAPh7u7U4g2Tw?domain=firsthome.com>
3240 Ferry Landing Rd Suite 201 Dunkirk, MD 20754<https://url.usb.m.mimecastprotect.com/s/PY0eC6Yw0zHPNxrVtpfrU5YeFL?domain=google.com>
[A picture containing object, first-aid kit    Description automatically generated]<https://url.usb.m.mimecastprotect.com/s/L7dOC7DxAWfzg9AESWhAUocoOp?domain=facebook.com>  [cid:image009.jpg@01DCEDD1.61E1FBA0] <https://url.usb.m.mimecastprotect.com/s/cBgWC8Xy9BSXGx6OF2ivUyEeAn?domain=linkedin.com/>    [A close up of a logo    Description automatically generated] <https://url.usb.m.mimecastprotect.com/s/6H1pC93z2Lfz0PkRSOsnUqfNbr?domain=twitter.com>    [A picture containing clipart    Description automatically generated] <https://url.usb.m.mimecastprotect.com/s/2mhZC0An9XckxlGJhOtBU9UXBI?domain=instagram.com/>
CONFIDENTIALITY NOTICE
The information contained in this electronic message is confidential information intended for the use of the individual or entity named above. If the reader of this message is not the intended recipient, or an employee or agent responsible for delivering this electronic message to the intended recipient, you are hereby notified that any dissemination, or copying of this communication is strictly prohibited. If this message contains non-public personal information about any consumer or customer of the sender or intended recipient, you are further prohibited under penalty of law from using or disclosing the information to any third party by provisions of the federal Gramm-Leach-Bliley Act. If you have received this electronic message in error, please immediately notify us by return email destroy the original message to assure that it is not read, copied, or distributed by others.

From: Jake Dorman <jake.dorman0707@gmail.com<mailto:jake.dorman0707@gmail.com>>
Sent: Tuesday, May 26, 2026 6:18 PM
To: Cynthia Harrington <CHarrington@firsthome.com<mailto:CHarrington@firsthome.com>>
Cc: Natalie Miller <NMiller@firsthome.com<mailto:NMiller@firsthome.com>>; Jack Rosnage <JRosnage@firsthome.com<mailto:JRosnage@firsthome.com>>; Yasmim Phipps <YPhipps@firsthome.com<mailto:YPhipps@firsthome.com>>
Subject: Re: Total Home Roofing


*** This message originated outside the organization ***

________________________________
Total home roofing went out of business shortly after I left the company and is no longer active.

I have my old boss that can still verify but the business is no longer open.

On Tue, May 26, 2026 at 6:16?PM Cynthia Harrington <CHarrington@firsthome.com<mailto:CHarrington@firsthome.com>> wrote:
Good evening again, do you have a contact person and phone number/email for someone at Total Home Roofing that our Verification Dept. can contact to verify your employment?  The phone# listed is out of service.  Please respond to all.  Thanks!


[cid:image021.png@01DCEDD1.61E1FBA0]Cindy Harrington
Sr. Loan Processor
Office: 301.327.5800 | Direct: 301.327.5811 | Fax: 443.725.0467 | Ext: 4311
Website: www.firsthome.com<https://url.usb.m.mimecastprotect.com/s/_jZlCg7qkQhq3nAPh7u7U4g2Tw?domain=firsthome.com>
3240 Ferry Landing Rd Suite 201 Dunkirk, MD 20754<https://url.usb.m.mimecastprotect.com/s/PY0eC6Yw0zHPNxrVtpfrU5YeFL?domain=google.com>
[A picture containing object, first-aid kit    Description automatically generated]<https://url.usb.m.mimecastprotect.com/s/L7dOC7DxAWfzg9AESWhAUocoOp?domain=facebook.com>  [cid:image009.jpg@01DCEDD1.61E1FBA0] <https://url.usb.m.mimecastprotect.com/s/cBgWC8Xy9BSXGx6OF2ivUyEeAn?domain=linkedin.com/>    [A close up of a logo    Description automatically generated] <https://url.usb.m.mimecastprotect.com/s/6H1pC93z2Lfz0PkRSOsnUqfNbr?domain=twitter.com>    [A picture containing clipart    Description automatically generated] <https://url.usb.m.mimecastprotect.com/s/2mhZC0An9XckxlGJhOtBU9UXBI?domain=instagram.com/>
CONFIDENTIALITY NOTICE
The information contained in this electronic message is confidential information intended for the use of the individual or entity named above. If the reader of this message is not the intended recipient, or an employee or agent responsible for delivering this electronic message to the intended recipient, you are hereby notified that any dissemination, or copying of this communication is strictly prohibited. If this message contains non-public personal information about any consumer or customer of the sender or intended recipient, you are further prohibited under penalty of law from using or disclosing the information to any third party by provisions of the federal Gramm-Leach-Bliley Act. If you have received this electronic message in error, please immediately notify us by return email destroy the original message to assure that it is not read, copied, or distributed by others.


--=-tlL7zNBaAnYI5UPoCSUfDA==--
 
2026-05-27 12:49:08.4473 INFO Email Sent - Subject: REPLY ERROR - 1083524806-03 RE: Total Home Roofing [1083524806-03] 
2026-05-27 12:49:08.4783 INFO Email Notification Sent: REPLY ERROR - 1083524806-03 RE: Total Home Roofing [1083524806-03] 
2026-05-27 12:49:08.5063 INFO This order has been APPROVED and new emails are no longer monitored for this VOE.  

Current Employment Status: Business Closed

Please contact VOE@firsthome with the order number -found in the subject line of this email - in order to address your inquiry/concerns.

Sincerely,
First Home Mortgage Verification Team
6211 Greenleigh Avenue, Suite 300, Baltimore MD 21220  

(For questions or concerns on the status of your VOE please check the VOE pipeline at http://aze-app-1v/voesystem/pipeline)



CONFIDENTIALITY NOTICE
The information contained in this electronic message is confidential information intended for the use of the individual or entity named above. If the reader of this message is not the intended recipient, or an employee or agent responsible for delivering this electronic message to the intended recipient, you are hereby notified that any dissemination, or copying of this communication is strictly prohibited. If this message contains non-public personal information about any consumer or customer of the sender or intended recipient, you are further prohibited under penalty of law from using or disclosing the information to any third party by provisions of the federal Gramm-Leach-Bliley Act. If you have received this electronic message in error, please immediately notify us by return email destroy the original message to assure that it is not read, copied, or distributed by others.






Sincerely,
First Home Mortgage Verification Team
6211 Greenleigh Avenue, Suite 300, Baltimore MD 21220  

(For questions or concerns on the status of your VOE please check the VOE pipeline at http://aze-app-1v/voesystem/pipeline)

---------Original Message----------------------
From: CHarrington@firsthome.com
Sent: Wed, May 27, 2026 12:07 PM
To: YPhipps@firsthome.com, jake.dorman0707@gmail.com, NMiller@firsthome.com, JRosnage@firsthome.com, VOE@firsthome.com
Cc: 
Subject: RE: Total Home Roofing [1083524806-03]

OK, thanks!


[cid:image002.png@01DCEDD1.61E1FBA0]Cindy Harrington
Sr. Loan Processor
Office: 301.327.5800 | Direct: 301.327.5811 | Fax: 443.725.0467 | Ext: 4311
Website: www.firsthome.com<http://www.firsthome.com/>
3240 Ferry Landing Rd Suite 201 Dunkirk, MD 20754
[A picture containing object, first-aid kit  Description automatically generated]<https://www.facebook.com/gofirsthome?ref=hl>  [cid:image009.jpg@01DCEDD1.61E1FBA0] <https://www.linkedin.com/company/63010/admin/>    [A close up of a logo  Description automatically generated] <https://twitter.com/GoFirstHome>    [A picture containing clipart  Description automatically generated] <https://www.instagram.com/firsthomemortgage/>
CONFIDENTIALITY NOTICE
The information contained in this electronic message is confidential information intended for the use of the individual or entity named above. If the reader of this message is not the intended recipient, or an employee or agent responsible for delivering this electronic message to the intended recipient, you are hereby notified that any dissemination, or copying of this communication is strictly prohibited. If this message contains non-public personal information about any consumer or customer of the sender or intended recipient, you are further prohibited under penalty of law from using or disclosing the information to any third party by provisions of the federal Gramm-Leach-Bliley Act. If you have received this electronic message in error, please immediately notify us by return email destroy the original message to assure that it is not read, copied, or distributed by others.

From: Yasmim Phipps <YPhipps@firsthome.com>
Sent: Wednesday, May 27, 2026 12:05 PM
To: Jake Dorman <jake.dorman0707@gmail.com>; Cynthia Harrington <CHarrington@firsthome.com>
Cc: Natalie Miller <NMiller@firsthome.com>; Jack Rosnage <JRosnage@firsthome.com>; First Home VOE <VOE@firsthome.com>
Subject: RE: Total Home Roofing [1083524806-03]

Hello All,

I will approve the order as Business is Closed.

Thanks,


[cid:image014.png@01DCEDD1.61E1FBA0]Yasmim Phipps
Verification Specialist
Corporate NMLS ID # 71603
Office: 410.933.3100 | Direct: 443.725.7043 | Fax: 443.725.0492 | Ext: 1033
Website: www.firsthome.com<http://www.firsthome.com/>
6211 Greenleigh Ave, Suite 300 Baltimore MD 21220
[A picture containing object, first-aid kit  Description automatically generated]<https://www.facebook.com/gofirsthome?ref=hl>  [cid:image016.jpg@01DCEDD1.61E1FBA0] <https://www.linkedin.com/company/63010/admin/>    [A close up of a logo  Description automatically generated] <https://twitter.com/GoFirstHome>    [A picture containing clipart  Description automatically generated] <https://www.instagram.com/firsthomemortgage/>

CONFIDENTIALITY NOTICE
The information contained in this electronic message is confidential information intended for the use of the individual or entity named above. If the reader of this message is not the intended recipient, or an employee or agent responsible for delivering this electronic message to the intended recipient, you are hereby notified that any dissemination, or copying of this communication is strictly prohibited. If this message contains non-public personal information about any consumer or customer of the sender or intended recipient, you are further prohibited under penalty of law from using or disclosing the information to any third party by provisions of the federal Gramm-Leach-Bliley Act. If you have received this electronic message in error, please immediately notify us by return email and destroy the original message to assure that it is not read, copied, or distributed by others.

From: Jake Dorman <jake.dorman0707@gmail.com<mailto:jake.dorman0707@gmail.com>>
Sent: Tuesday, May 26, 2026 7:49 PM
To: Cynthia Harrington <CHarrington@firsthome.com<mailto:CHarrington@firsthome.com>>
Cc: Natalie Miller <NMiller@firsthome.com<mailto:NMiller@firsthome.com>>; Jack Rosnage <JRosnage@firsthome.com<mailto:JRosnage@firsthome.com>>; Yasmim Phipps <YPhipps@firsthome.com<mailto:YPhipps@firsthome.com>>
Subject: Re: Total Home Roofing


*** This message originated outside the organization ***

________________________________
Yes that would be correct

On Tue, May 26, 2026 at 7:45?PM Cynthia Harrington <CHarrington@firsthome.com<mailto:CHarrington@firsthome.com>> wrote:
We have it…..from 2024 correct?   The dates I have you working there is 2/8/24 to 6/30/24 correct?



[cid:image019.png@01DCEDD1.61E1FBA0]Cindy Harrington
Sr. Loan Processor
Office: 301.327.5800 | Direct: 301.327.5811 | Fax: 443.725.0467 | Ext: 4311
Website: www.firsthome.com<https://url.usb.m.mimecastprotect.com/s/_jZlCg7qkQhq3nAPh7u7U4g2Tw?domain=firsthome.com>
3240 Ferry Landing Rd Suite 201 Dunkirk, MD 20754<https://url.usb.m.mimecastprotect.com/s/PY0eC6Yw0zHPNxrVtpfrU5YeFL?domain=google.com>
[A picture containing object, first-aid kit    Description automatically generated]<https://url.usb.m.mimecastprotect.com/s/L7dOC7DxAWfzg9AESWhAUocoOp?domain=facebook.com>  [cid:image009.jpg@01DCEDD1.61E1FBA0] <https://url.usb.m.mimecastprotect.com/s/cBgWC8Xy9BSXGx6OF2ivUyEeAn?domain=linkedin.com/>    [A close up of a logo    Description automatically generated] <https://url.usb.m.mimecastprotect.com/s/6H1pC93z2Lfz0PkRSOsnUqfNbr?domain=twitter.com>    [A picture containing clipart    Description automatically generated] <https://url.usb.m.mimecastprotect.com/s/2mhZC0An9XckxlGJhOtBU9UXBI?domain=instagram.com/>
CONFIDENTIALITY NOTICE
The information contained in this electronic message is confidential information intended for the use of the individual or entity named above. If the reader of this message is not the intended recipient, or an employee or agent responsible for delivering this electronic message to the intended recipient, you are hereby notified that any dissemination, or copying of this communication is strictly prohibited. If this message contains non-public personal information about any consumer or customer of the sender or intended recipient, you are further prohibited under penalty of law from using or disclosing the information to any third party by provisions of the federal Gramm-Leach-Bliley Act. If you have received this electronic message in error, please immediately notify us by return email destroy the original message to assure that it is not read, copied, or distributed by others.

From: Jake Dorman <jake.dorman0707@gmail.com<mailto:jake.dorman0707@gmail.com>>
Sent: Tuesday, May 26, 2026 7:39 PM
To: Cynthia Harrington <CHarrington@firsthome.com<mailto:CHarrington@firsthome.com>>
Cc: Natalie Miller <NMiller@firsthome.com<mailto:NMiller@firsthome.com>>; Jack Rosnage <JRosnage@firsthome.com<mailto:JRosnage@firsthome.com>>; Yasmim Phipps <YPhipps@firsthome.com<mailto:YPhipps@firsthome.com>>
Subject: Re: Total Home Roofing


*** This message originated outside the organization ***

________________________________
Would A w2 from them for my employment suffice?

On Tue, May 26, 2026 at 7:35?PM Cynthia Harrington <CHarrington@firsthome.com<mailto:CHarrington@firsthome.com>> wrote:
Yasmin, do we state below and say Non-verifiable?  Not sure what else you can do.


[cid:image020.png@01DCEDD1.61E1FBA0]Cindy Harrington
Sr. Loan Processor
Office: 301.327.5800 | Direct: 301.327.5811 | Fax: 443.725.0467 | Ext: 4311
Website: www.firsthome.com<https://url.usb.m.mimecastprotect.com/s/_jZlCg7qkQhq3nAPh7u7U4g2Tw?domain=firsthome.com>
3240 Ferry Landing Rd Suite 201 Dunkirk, MD 20754<https://url.usb.m.mimecastprotect.com/s/PY0eC6Yw0zHPNxrVtpfrU5YeFL?domain=google.com>
[A picture containing object, first-aid kit    Description automatically generated]<https://url.usb.m.mimecastprotect.com/s/L7dOC7DxAWfzg9AESWhAUocoOp?domain=facebook.com>  [cid:image009.jpg@01DCEDD1.61E1FBA0] <https://url.usb.m.mimecastprotect.com/s/cBgWC8Xy9BSXGx6OF2ivUyEeAn?domain=linkedin.com/>    [A close up of a logo    Description automatically generated] <https://url.usb.m.mimecastprotect.com/s/6H1pC93z2Lfz0PkRSOsnUqfNbr?domain=twitter.com>    [A picture containing clipart    Description automatically generated] <https://url.usb.m.mimecastprotect.com/s/2mhZC0An9XckxlGJhOtBU9UXBI?domain=instagram.com/>
CONFIDENTIALITY NOTICE
The information contained in this electronic message is confidential information intended for the use of the individual or entity named above. If the reader of this message is not the intended recipient, or an employee or agent responsible for delivering this electronic message to the intended recipient, you are hereby notified that any dissemination, or copying of this communication is strictly prohibited. If this message contains non-public personal information about any consumer or customer of the sender or intended recipient, you are further prohibited under penalty of law from using or disclosing the information to any third party by provisions of the federal Gramm-Leach-Bliley Act. If you have received this electronic message in error, please immediately notify us by return email destroy the original message to assure that it is not read, copied, or distributed by others.

From: Jake Dorman <jake.dorman0707@gmail.com<mailto:jake.dorman0707@gmail.com>>
Sent: Tuesday, May 26, 2026 6:18 PM
To: Cynthia Harrington <CHarrington@firsthome.com<mailto:CHarrington@firsthome.com>>
Cc: Natalie Miller <NMiller@firsthome.com<mailto:NMiller@firsthome.com>>; Jack Rosnage <JRosnage@firsthome.com<mailto:JRosnage@firsthome.com>>; Yasmim Phipps <YPhipps@firsthome.com<mailto:YPhipps@firsthome.com>>
Subject: Re: Total Home Roofing


*** This message originated outside the organization ***

________________________________
Total home roofing went out of business shortly after I left the company and is no longer active.

I have my old boss that can still verify but the business is no longer open.

On Tue, May 26, 2026 at 6:16?PM Cynthia Harrington <CHarrington@firsthome.com<mailto:CHarrington@firsthome.com>> wrote:
Good evening again, do you have a contact person and phone number/email for someone at Total Home Roofing that our Verification Dept. can contact to verify your employment?  The phone# listed is out of service.  Please respond to all.  Thanks!


[cid:image021.png@01DCEDD1.61E1FBA0]Cindy Harrington
Sr. Loan Processor
Office: 301.327.5800 | Direct: 301.327.5811 | Fax: 443.725.0467 | Ext: 4311
Website: www.firsthome.com<https://url.usb.m.mimecastprotect.com/s/_jZlCg7qkQhq3nAPh7u7U4g2Tw?domain=firsthome.com>
3240 Ferry Landing Rd Suite 201 Dunkirk, MD 20754<https://url.usb.m.mimecastprotect.com/s/PY0eC6Yw0zHPNxrVtpfrU5YeFL?domain=google.com>
[A picture containing object, first-aid kit    Description automatically generated]<https://url.usb.m.mimecastprotect.com/s/L7dOC7DxAWfzg9AESWhAUocoOp?domain=facebook.com>  [cid:image009.jpg@01DCEDD1.61E1FBA0] <https://url.usb.m.mimecastprotect.com/s/cBgWC8Xy9BSXGx6OF2ivUyEeAn?domain=linkedin.com/>    [A close up of a logo    Description automatically generated] <https://url.usb.m.mimecastprotect.com/s/6H1pC93z2Lfz0PkRSOsnUqfNbr?domain=twitter.com>    [A picture containing clipart    Description automatically generated] <https://url.usb.m.mimecastprotect.com/s/2mhZC0An9XckxlGJhOtBU9UXBI?domain=instagram.com/>
CONFIDENTIALITY NOTICE
The information contained in this electronic message is confidential information intended for the use of the individual or entity named above. If the reader of this message is not the intended recipient, or an employee or agent responsible for delivering this electronic message to the intended recipient, you are hereby notified that any dissemination, or copying of this communication is strictly prohibited. If this message contains non-public personal information about any consumer or customer of the sender or intended recipient, you are further prohibited under penalty of law from using or disclosing the information to any third party by provisions of the federal Gramm-Leach-Bliley Act. If you have received this electronic message in error, please immediately notify us by return email destroy the original message to assure that it is not read, copied, or distributed by others.

 
2026-05-27 12:49:08.5453 INFO Email Logged: REPLY ERROR - 1083524806-03 RE: Total Home Roofing [1083524806-03] 
2026-05-27 12:49:08.5813 INFO Email Logged to Database: AAkALgAAAAAAHYQDEapmEc2byACqAC-EWg0A-XGp6OdBg0CxQrF5bBnBPAAHIkGGcQAA RE: Total Home Roofing [1083524806-03] 12:07 PM 
2026-05-27 12:49:08.6093 INFO Getting message voe@firsthome.com: AAkALgAAAAAAHYQDEapmEc2byACqAC-EWg0A-XGp6OdBg0CxQrF5bBnBPAAHIkGGVgAA 
2026-05-27 12:49:08.7657 INFO Getting message HTML voe@firsthome.com: AAkALgAAAAAAHYQDEapmEc2byACqAC-EWg0A-XGp6OdBg0CxQrF5bBnBPAAHIkGGVgAA 
2026-05-27 12:49:08.7974 INFO Getting message voe@firsthome.com: AAkALgAAAAAAHYQDEapmEc2byACqAC-EWg0A-XGp6OdBg0CxQrF5bBnBPAAHIkGGVgAA 
2026-05-27 12:49:09.4542 INFO Skipping Attachment - DisallowedFileType: image001.png in AAkALgAAAAAAHYQDEapmEc2byACqAC-EWg0A-XGp6OdBg0CxQrF5bBnBPAAHIkGGVgAA 
2026-05-27 12:49:09.4892 INFO Skipping Attachment - Possible Signature Image: image003.jpg(1650K) in AAkALgAAAAAAHYQDEapmEc2byACqAC-EWg0A-XGp6OdBg0CxQrF5bBnBPAAHIkGGVgAA 
2026-05-27 12:49:09.5182 INFO Skipping Attachment - Possible Signature Image: image004.jpg(1702K) in AAkALgAAAAAAHYQDEapmEc2byACqAC-EWg0A-XGp6OdBg0CxQrF5bBnBPAAHIkGGVgAA 
2026-05-27 12:49:09.5482 INFO Skipping Attachment - Possible Signature Image: image005.jpg(1546K) in AAkALgAAAAAAHYQDEapmEc2byACqAC-EWg0A-XGp6OdBg0CxQrF5bBnBPAAHIkGGVgAA 
2026-05-27 12:49:09.5772 INFO Skipping Attachment - Possible Signature Image: image006.jpg(1669K) in AAkALgAAAAAAHYQDEapmEc2byACqAC-EWg0A-XGp6OdBg0CxQrF5bBnBPAAHIkGGVgAA 
2026-05-27 12:49:09.6052 INFO Skipping Attachment - DisallowedFileType: image007.png in AAkALgAAAAAAHYQDEapmEc2byACqAC-EWg0A-XGp6OdBg0CxQrF5bBnBPAAHIkGGVgAA 
2026-05-27 12:49:09.6342 INFO Skipping Attachment - Possible Signature Image: image008.jpg(1175K) in AAkALgAAAAAAHYQDEapmEc2byACqAC-EWg0A-XGp6OdBg0CxQrF5bBnBPAAHIkGGVgAA 
2026-05-27 12:49:09.6622 INFO Skipping Attachment - Possible Signature Image: image009.jpg(1172K) in AAkALgAAAAAAHYQDEapmEc2byACqAC-EWg0A-XGp6OdBg0CxQrF5bBnBPAAHIkGGVgAA 
2026-05-27 12:49:09.6912 INFO Skipping Attachment - Possible Signature Image: image010.jpg(1121K) in AAkALgAAAAAAHYQDEapmEc2byACqAC-EWg0A-XGp6OdBg0CxQrF5bBnBPAAHIkGGVgAA 
2026-05-27 12:49:09.7212 INFO Skipping Attachment - Possible Signature Image: image011.jpg(1152K) in AAkALgAAAAAAHYQDEapmEc2byACqAC-EWg0A-XGp6OdBg0CxQrF5bBnBPAAHIkGGVgAA 
2026-05-27 12:49:09.7492 INFO Skipping Attachment - DisallowedFileType: image012.png in AAkALgAAAAAAHYQDEapmEc2byACqAC-EWg0A-XGp6OdBg0CxQrF5bBnBPAAHIkGGVgAA 
2026-05-27 12:49:09.7762 INFO Skipping Attachment - DisallowedFileType: image013.png in AAkALgAAAAAAHYQDEapmEc2byACqAC-EWg0A-XGp6OdBg0CxQrF5bBnBPAAHIkGGVgAA 
2026-05-27 12:49:09.8212 INFO Email Logged: RE: Total Home Roofing [1083524806-03] 
2026-05-27 12:49:10.0654 TRACE {"__type":"FHMC.Graph.Email+MailMessage, FHMC.Graph","Subject":"REPLY ERROR - 1083524806-03 RE: Total Home Roofing [1083524806-03]","ReceivedDateTime":"\/Date(-62135596800000-0000)\/","Attachments":[],"Body":"This order has been APPROVED and new emails are no longer monitored for this VOE.  \n\nCurrent Employment Status: Business Closed\n\nPlease contact VOE@firsthome with the order number -found in the subject line of this email - in order to address your inquiry/concerns.\r\n\r\nSincerely,\r\nFirst Home Mortgage Verification Team\r\n6211 Greenleigh Avenue, Suite 300, Baltimore MD 21220  \r\n\r\n(For questions or concerns on the status of your VOE please check the VOE pipeline at http://aze-app-1v/voesystem/pipeline)\r\n\r\n\r\n\r\nCONFIDENTIALITY NOTICE\r\nThe information contained in this electronic message is confidential information intended for the use of the individual or entity named above. If the reader of this message is not the intended recipient, or an employee or agent responsible for delivering this electronic message to the intended recipient, you are hereby notified that any dissemination, or copying of this communication is strictly prohibited. If this message contains non-public personal information about any consumer or customer of the sender or intended recipient, you are further prohibited under penalty of law from using or disclosing the information to any third party by provisions of the federal Gramm-Leach-Bliley Act. If you have received this electronic message in error, please immediately notify us by return email destroy the original message to assure that it is not read, copied, or distributed by others.\r\n\r\n\n\n\n\r\n\r\nSincerely,\r\nFirst Home Mortgage Verification Team\r\n6211 Greenleigh Avenue, Suite 300, Baltimore MD 21220  \r\n\r\n(For questions or concerns on the status of your VOE please check the VOE pipeline at http://aze-app-1v/voesystem/pipeline)\n\n---------Original Message----------------------\nFrom: YPhipps@firsthome.com\nSent: Wed, May 27, 2026 12:05 PM\nTo: jake.dorman0707@gmail.com, CHarrington@firsthome.com, NMiller@firsthome.com, JRosnage@firsthome.com, VOE@firsthome.com\nCc: \nSubject: RE: Total Home Roofing [1083524806-03]\n\nHello All,\r\n\r\nI will approve the order as Business is Closed.\r\n\r\nThanks,\r\n\r\n\r\n[cid:image013.png@01DCEDD1.04E33860]Yasmim Phipps\r\nVerification Specialist\r\nCorporate NMLS ID # 71603\r\nOffice: 410.933.3100 | Direct: 443.725.7043 | Fax: 443.725.0492 | Ext: 1033\r\nWebsite: www.firsthome.com<http://www.firsthome.com/>\r\n6211 Greenleigh Ave, Suite 300 Baltimore MD 21220\r\n[A picture containing object, first-aid kit  Description automatically generated]<https://www.facebook.com/gofirsthome?ref=hl>  [cid:image004.jpg@01DCEDD1.04C52910] <https://www.linkedin.com/company/63010/admin/>    [A close up of a logo  Description automatically generated] <https://twitter.com/GoFirstHome>    [A picture containing clipart  Description automatically generated] <https://www.instagram.com/firsthomemortgage/>\r\n\r\nCONFIDENTIALITY NOTICE\r\nThe information contained in this electronic message is confidential information intended for the use of the individual or entity named above. If the reader of this message is not the intended recipient, or an employee or agent responsible for delivering this electronic message to the intended recipient, you are hereby notified that any dissemination, or copying of this communication is strictly prohibited. If this message contains non-public personal information about any consumer or customer of the sender or intended recipient, you are further prohibited under penalty of law from using or disclosing the information to any third party by provisions of the federal Gramm-Leach-Bliley Act. If you have received this electronic message in error, please immediately notify us by return email and destroy the original message to assure that it is not read, copied, or distributed by others.\r\n\r\nFrom: Jake Dorman <jake.dorman0707@gmail.com>\r\nSent: Tuesday, May 26, 2026 7:49 PM\r\nTo: Cynthia Harrington <CHarrington@firsthome.com>\r\nCc: Natalie Miller <NMiller@firsthome.com>; Jack Rosnage <JRosnage@firsthome.com>; Yasmim Phipps <YPhipps@firsthome.com>\r\nSubject: Re: Total Home Roofing\r\n\r\n\r\n*** This message originated outside the organization ***\r\n\r\n________________________________\r\nYes that would be correct\r\n\r\nOn Tue, May 26, 2026 at 7:45?PM Cynthia Harrington <CHarrington@firsthome.com<mailto:CHarrington@firsthome.com>> wrote:\r\nWe have it…..from 2024 correct?   The dates I have you working there is 2/8/24 to 6/30/24 correct?\r\n\r\n\r\n\r\n[cid:image007.png@01DCEDD1.04C52910]Cindy Harrington\r\nSr. Loan Processor\r\nOffice: 301.327.5800 | Direct: 301.327.5811 | Fax: 443.725.0467 | Ext: 4311\r\nWebsite: www.firsthome.com<https://url.usb.m.mimecastprotect.com/s/_jZlCg7qkQhq3nAPh7u7U4g2Tw?domain=firsthome.com>\r\n3240 Ferry Landing Rd Suite 201 Dunkirk, MD 20754<https://url.usb.m.mimecastprotect.com/s/PY0eC6Yw0zHPNxrVtpfrU5YeFL?domain=google.com>\r\n[A picture containing object, first-aid kit    Description automatically generated]<https://url.usb.m.mimecastprotect.com/s/L7dOC7DxAWfzg9AESWhAUocoOp?domain=facebook.com>  [cid:image009.jpg@01DCEDD1.04C52910] <https://url.usb.m.mimecastprotect.com/s/cBgWC8Xy9BSXGx6OF2ivUyEeAn?domain=linkedin.com/>    [A close up of a logo    Description automatically generated] <https://url.usb.m.mimecastprotect.com/s/6H1pC93z2Lfz0PkRSOsnUqfNbr?domain=twitter.com>    [A picture containing clipart    Description automatically generated] <https://url.usb.m.mimecastprotect.com/s/2mhZC0An9XckxlGJhOtBU9UXBI?domain=instagram.com/>\r\nCONFIDENTIALITY NOTICE\r\nThe information contained in this electronic message is confidential information intended for the use of the individual or entity named above. If the reader of this message is not the intended recipient, or an employee or agent responsible for delivering this electronic message to the intended recipient, you are hereby notified that any dissemination, or copying of this communication is strictly prohibited. If this message contains non-public personal information about any consumer or customer of the sender or intended recipient, you are further prohibited under penalty of law from using or disclosing the information to any third party by provisions of the federal Gramm-Leach-Bliley Act. If you have received this electronic message in error, please immediately notify us by return email destroy the original message to assure that it is not read, copied, or distributed by others.\r\n\r\nFrom: Jake Dorman <jake.dorman0707@gmail.com<mailto:jake.dorman0707@gmail.com>>\r\nSent: Tuesday, May 26, 2026 7:39 PM\r\nTo: Cynthia Harrington <CHarrington@firsthome.com<mailto:CHarrington@firsthome.com>>\r\nCc: Natalie Miller <NMiller@firsthome.com<mailto:NMiller@firsthome.com>>; Jack Rosnage <JRosnage@firsthome.com<mailto:JRosnage@firsthome.com>>; Yasmim Phipps <YPhipps@firsthome.com<mailto:YPhipps@firsthome.com>>\r\nSubject: Re: Total Home Roofing\r\n\r\n\r\n*** This message originated outside the organization ***\r\n\r\n________________________________\r\nWould A w2 from them for my employment suffice?\r\n\r\nOn Tue, May 26, 2026 at 7:35?PM Cynthia Harrington <CHarrington@firsthome.com<mailto:CHarrington@firsthome.com>> wrote:\r\nYasmin, do we state below and say Non-verifiable?  Not sure what else you can do.\r\n\r\n\r\n[cid:image012.png@01DCEDD1.04C52910]Cindy Harrington\r\nSr. Loan Processor\r\nOffice: 301.327.5800 | Direct: 301.327.5811 | Fax: 443.725.0467 | Ext: 4311\r\nWebsite: www.firsthome.com<https://url.usb.m.mimecastprotect.com/s/_jZlCg7qkQhq3nAPh7u7U4g2Tw?domain=firsthome.com>\r\n3240 Ferry Landing Rd Suite 201 Dunkirk, MD 20754<https://url.usb.m.mimecastprotect.com/s/PY0eC6Yw0zHPNxrVtpfrU5YeFL?domain=google.com>\r\n[A picture containing object, first-aid kit    Description automatically generated]<https://url.usb.m.mimecastprotect.com/s/L7dOC7DxAWfzg9AESWhAUocoOp?domain=facebook.com>  [cid:image009.jpg@01DCEDD1.04C52910] <https://url.usb.m.mimecastprotect.com/s/cBgWC8Xy9BSXGx6OF2ivUyEeAn?domain=linkedin.com/>    [A close up of a logo    Description automatically generated] <https://url.usb.m.mimecastprotect.com/s/6H1pC93z2Lfz0PkRSOsnUqfNbr?domain=twitter.com>    [A picture containing clipart    Description automatically generated] <https://url.usb.m.mimecastprotect.com/s/2mhZC0An9XckxlGJhOtBU9UXBI?domain=instagram.com/>\r\nCONFIDENTIALITY NOTICE\r\nThe information contained in this electronic message is confidential information intended for the use of the individual or entity named above. If the reader of this message is not the intended recipient, or an employee or agent responsible for delivering this electronic message to the intended recipient, you are hereby notified that any dissemination, or copying of this communication is strictly prohibited. If this message contains non-public personal information about any consumer or customer of the sender or intended recipient, you are further prohibited under penalty of law from using or disclosing the information to any third party by provisions of the federal Gramm-Leach-Bliley Act. If you have received this electronic message in error, please immediately notify us by return email destroy the original message to assure that it is not read, copied, or distributed by others.\r\n\r\nFrom: Jake Dorman <jake.dorman0707@gmail.com<mailto:jake.dorman0707@gmail.com>>\r\nSent: Tuesday, May 26, 2026 6:18 PM\r\nTo: Cynthia Harrington <CHarrington@firsthome.com<mailto:CHarrington@firsthome.com>>\r\nCc: Natalie Miller <NMiller@firsthome.com<mailto:NMiller@firsthome.com>>; Jack Rosnage <JRosnage@firsthome.com<mailto:JRosnage@firsthome.com>>; Yasmim Phipps <YPhipps@firsthome.com<mailto:YPhipps@firsthome.com>>\r\nSubject: Re: Total Home Roofing\r\n\r\n\r\n*** This message originated outside the organization ***\r\n\r\n________________________________\r\nTotal home roofing went out of business shortly after I left the company and is no longer active.\r\n\r\nI have my old boss that can still verify but the business is no longer open.\r\n\r\nOn Tue, May 26, 2026 at 6:16?PM Cynthia Harrington <CHarrington@firsthome.com<mailto:CHarrington@firsthome.com>> wrote:\r\nGood evening again, do you have a contact person and phone number/email for someone at Total Home Roofing that our Verification Dept. can contact to verify your employment?  The phone# listed is out of service.  Please respond to all.  Thanks!\r\n\r\n\r\n[cid:image007.png@01DCEDD1.04C52910]Cindy Harrington\r\nSr. Loan Processor\r\nOffice: 301.327.5800 | Direct: 301.327.5811 | Fax: 443.725.0467 | Ext: 4311\r\nWebsite: www.firsthome.com<https://url.usb.m.mimecastprotect.com/s/_jZlCg7qkQhq3nAPh7u7U4g2Tw?domain=firsthome.com>\r\n3240 Ferry Landing Rd Suite 201 Dunkirk, MD 20754<https://url.usb.m.mimecastprotect.com/s/PY0eC6Yw0zHPNxrVtpfrU5YeFL?domain=google.com>\r\n[A picture containing object, first-aid kit    Description automatically generated]<https://url.usb.m.mimecastprotect.com/s/L7dOC7DxAWfzg9AESWhAUocoOp?domain=facebook.com>  [cid:image009.jpg@01DCEDD1.04C52910] <https://url.usb.m.mimecastprotect.com/s/cBgWC8Xy9BSXGx6OF2ivUyEeAn?domain=linkedin.com/>    [A close up of a logo    Description automatically generated] <https://url.usb.m.mimecastprotect.com/s/6H1pC93z2Lfz0PkRSOsnUqfNbr?domain=twitter.com>    [A picture containing clipart    Description automatically generated] <https://url.usb.m.mimecastprotect.com/s/2mhZC0An9XckxlGJhOtBU9UXBI?domain=instagram.com/>\r\nCONFIDENTIALITY NOTICE\r\nThe information contained in this electronic message is confidential information intended for the use of the individual or entity named above. If the reader of this message is not the intended recipient, or an employee or agent responsible for delivering this electronic message to the intended recipient, you are hereby notified that any dissemination, or copying of this communication is strictly prohibited. If this message contains non-public personal information about any consumer or customer of the sender or intended recipient, you are further prohibited under penalty of law from using or disclosing the information to any third party by provisions of the federal Gramm-Leach-Bliley Act. If you have received this electronic message in error, please immediately notify us by return email destroy the original message to assure that it is not read, copied, or distributed by others.\r\n\r\n","IsBodyHTML":false,"CustomSendHeaders":{"X-Message-ID":"<f4718dfa-61f0-4cc9-b246-d24172110076@HQExc4V.firsthomemtg.com>"},"IsReadReceiptRequested":false,"ToRecipients":[{"__type":"FHMC.Graph.Email+MailRecipient, FHMC.Graph","EmailAddress":"CHarrington@firsthome.com"},{"__type":"FHMC.Graph.Email+MailRecipient, FHMC.Graph","EmailAddress":"NMiller@firsthome.com"},{"__type":"FHMC.Graph.Email+MailRecipient, FHMC.Graph","EmailAddress":"JRosnage@firsthome.com"},{"__type":"FHMC.Graph.Email+MailRecipient, FHMC.Graph","EmailAddress":"YPhipps@firsthome.com"}],"CcRecipients":[],"BccRecipients":[],"ReplyToList":[]} 
2026-05-27 12:49:10.1274 TRACE {"Id":null,"Subject":"REPLY ERROR - 1083524806-03 RE: Total Home Roofing [1083524806-03]","ReceivedDateTime":"0001-01-01T00:00:00","Attachments":[],"Body":"This order has been APPROVED and new emails are no longer monitored for this VOE.  \n\nCurrent Employment Status: Business Closed\n\nPlease contact VOE@firsthome with the order number -found in the subject line of this email - in order to address your inquiry/concerns.\r\n\r\nSincerely,\r\nFirst Home Mortgage Verification Team\r\n6211 Greenleigh Avenue, Suite 300, Baltimore MD 21220  \r\n\r\n(For questions or concerns on the status of your VOE please check the VOE pipeline at http://aze-app-1v/voesystem/pipeline)\r\n\r\n\r\n\r\nCONFIDENTIALITY NOTICE\r\nThe information contained in this electronic message is confidential information intended for the use of the individual or entity named above. If the reader of this message is not the intended recipient, or an employee or agent responsible for delivering this electronic message to the intended recipient, you are hereby notified that any dissemination, or copying of this communication is strictly prohibited. If this message contains non-public personal information about any consumer or customer of the sender or intended recipient, you are further prohibited under penalty of law from using or disclosing the information to any third party by provisions of the federal Gramm-Leach-Bliley Act. If you have received this electronic message in error, please immediately notify us by return email destroy the original message to assure that it is not read, copied, or distributed by others.\r\n\r\n\n\n\n\r\n\r\nSincerely,\r\nFirst Home Mortgage Verification Team\r\n6211 Greenleigh Avenue, Suite 300, Baltimore MD 21220  \r\n\r\n(For questions or concerns on the status of your VOE please check the VOE pipeline at http://aze-app-1v/voesystem/pipeline)\n\n---------Original Message----------------------\nFrom: YPhipps@firsthome.com\nSent: Wed, May 27, 2026 12:05 PM\nTo: jake.dorman0707@gmail.com, CHarrington@firsthome.com, NMiller@firsthome.com, JRosnage@firsthome.com, VOE@firsthome.com\nCc: \nSubject: RE: Total Home Roofing [1083524806-03]\n\nHello All,\r\n\r\nI will approve the order as Business is Closed.\r\n\r\nThanks,\r\n\r\n\r\n[cid:image013.png@01DCEDD1.04E33860]Yasmim Phipps\r\nVerification Specialist\r\nCorporate NMLS ID # 71603\r\nOffice: 410.933.3100 | Direct: 443.725.7043 | Fax: 443.725.0492 | Ext: 1033\r\nWebsite: www.firsthome.com<http://www.firsthome.com/>\r\n6211 Greenleigh Ave, Suite 300 Baltimore MD 21220\r\n[A picture containing object, first-aid kit  Description automatically generated]<https://www.facebook.com/gofirsthome?ref=hl>  [cid:image004.jpg@01DCEDD1.04C52910] <https://www.linkedin.com/company/63010/admin/>    [A close up of a logo  Description automatically generated] <https://twitter.com/GoFirstHome>    [A picture containing clipart  Description automatically generated] <https://www.instagram.com/firsthomemortgage/>\r\n\r\nCONFIDENTIALITY NOTICE\r\nThe information contained in this electronic message is confidential information intended for the use of the individual or entity named above. If the reader of this message is not the intended recipient, or an employee or agent responsible for delivering this electronic message to the intended recipient, you are hereby notified that any dissemination, or copying of this communication is strictly prohibited. If this message contains non-public personal information about any consumer or customer of the sender or intended recipient, you are further prohibited under penalty of law from using or disclosing the information to any third party by provisions of the federal Gramm-Leach-Bliley Act. If you have received this electronic message in error, please immediately notify us by return email and destroy the original message to assure that it is not read, copied, or distributed by others.\r\n\r\nFrom: Jake Dorman <jake.dorman0707@gmail.com>\r\nSent: Tuesday, May 26, 2026 7:49 PM\r\nTo: Cynthia Harrington <CHarrington@firsthome.com>\r\nCc: Natalie Miller <NMiller@firsthome.com>; Jack Rosnage <JRosnage@firsthome.com>; Yasmim Phipps <YPhipps@firsthome.com>\r\nSubject: Re: Total Home Roofing\r\n\r\n\r\n*** This message originated outside the organization ***\r\n\r\n________________________________\r\nYes that would be correct\r\n\r\nOn Tue, May 26, 2026 at 7:45?PM Cynthia Harrington <CHarrington@firsthome.com<mailto:CHarrington@firsthome.com>> wrote:\r\nWe have it…..from 2024 correct?   The dates I have you working there is 2/8/24 to 6/30/24 correct?\r\n\r\n\r\n\r\n[cid:image007.png@01DCEDD1.04C52910]Cindy Harrington\r\nSr. Loan Processor\r\nOffice: 301.327.5800 | Direct: 301.327.5811 | Fax: 443.725.0467 | Ext: 4311\r\nWebsite: www.firsthome.com<https://url.usb.m.mimecastprotect.com/s/_jZlCg7qkQhq3nAPh7u7U4g2Tw?domain=firsthome.com>\r\n3240 Ferry Landing Rd Suite 201 Dunkirk, MD 20754<https://url.usb.m.mimecastprotect.com/s/PY0eC6Yw0zHPNxrVtpfrU5YeFL?domain=google.com>\r\n[A picture containing object, first-aid kit    Description automatically generated]<https://url.usb.m.mimecastprotect.com/s/L7dOC7DxAWfzg9AESWhAUocoOp?domain=facebook.com>  [cid:image009.jpg@01DCEDD1.04C52910] <https://url.usb.m.mimecastprotect.com/s/cBgWC8Xy9BSXGx6OF2ivUyEeAn?domain=linkedin.com/>    [A close up of a logo    Description automatically generated] <https://url.usb.m.mimecastprotect.com/s/6H1pC93z2Lfz0PkRSOsnUqfNbr?domain=twitter.com>    [A picture containing clipart    Description automatically generated] <https://url.usb.m.mimecastprotect.com/s/2mhZC0An9XckxlGJhOtBU9UXBI?domain=instagram.com/>\r\nCONFIDENTIALITY NOTICE\r\nThe information contained in this electronic message is confidential information intended for the use of the individual or entity named above. If the reader of this message is not the intended recipient, or an employee or agent responsible for delivering this electronic message to the intended recipient, you are hereby notified that any dissemination, or copying of this communication is strictly prohibited. If this message contains non-public personal information about any consumer or customer of the sender or intended recipient, you are further prohibited under penalty of law from using or disclosing the information to any third party by provisions of the federal Gramm-Leach-Bliley Act. If you have received this electronic message in error, please immediately notify us by return email destroy the original message to assure that it is not read, copied, or distributed by others.\r\n\r\nFrom: Jake Dorman <jake.dorman0707@gmail.com<mailto:jake.dorman0707@gmail.com>>\r\nSent: Tuesday, May 26, 2026 7:39 PM\r\nTo: Cynthia Harrington <CHarrington@firsthome.com<mailto:CHarrington@firsthome.com>>\r\nCc: Natalie Miller <NMiller@firsthome.com<mailto:NMiller@firsthome.com>>; Jack Rosnage <JRosnage@firsthome.com<mailto:JRosnage@firsthome.com>>; Yasmim Phipps <YPhipps@firsthome.com<mailto:YPhipps@firsthome.com>>\r\nSubject: Re: Total Home Roofing\r\n\r\n\r\n*** This message originated outside the organization ***\r\n\r\n________________________________\r\nWould A w2 from them for my employment suffice?\r\n\r\nOn Tue, May 26, 2026 at 7:35?PM Cynthia Harrington <CHarrington@firsthome.com<mailto:CHarrington@firsthome.com>> wrote:\r\nYasmin, do we state below and say Non-verifiable?  Not sure what else you can do.\r\n\r\n\r\n[cid:image012.png@01DCEDD1.04C52910]Cindy Harrington\r\nSr. Loan Processor\r\nOffice: 301.327.5800 | Direct: 301.327.5811 | Fax: 443.725.0467 | Ext: 4311\r\nWebsite: www.firsthome.com<https://url.usb.m.mimecastprotect.com/s/_jZlCg7qkQhq3nAPh7u7U4g2Tw?domain=firsthome.com>\r\n3240 Ferry Landing Rd Suite 201 Dunkirk, MD 20754<https://url.usb.m.mimecastprotect.com/s/PY0eC6Yw0zHPNxrVtpfrU5YeFL?domain=google.com>\r\n[A picture containing object, first-aid kit    Description automatically generated]<https://url.usb.m.mimecastprotect.com/s/L7dOC7DxAWfzg9AESWhAUocoOp?domain=facebook.com>  [cid:image009.jpg@01DCEDD1.04C52910] <https://url.usb.m.mimecastprotect.com/s/cBgWC8Xy9BSXGx6OF2ivUyEeAn?domain=linkedin.com/>    [A close up of a logo    Description automatically generated] <https://url.usb.m.mimecastprotect.com/s/6H1pC93z2Lfz0PkRSOsnUqfNbr?domain=twitter.com>    [A picture containing clipart    Description automatically generated] <https://url.usb.m.mimecastprotect.com/s/2mhZC0An9XckxlGJhOtBU9UXBI?domain=instagram.com/>\r\nCONFIDENTIALITY NOTICE\r\nThe information contained in this electronic message is confidential information intended for the use of the individual or entity named above. If the reader of this message is not the intended recipient, or an employee or agent responsible for delivering this electronic message to the intended recipient, you are hereby notified that any dissemination, or copying of this communication is strictly prohibited. If this message contains non-public personal information about any consumer or customer of the sender or intended recipient, you are further prohibited under penalty of law from using or disclosing the information to any third party by provisions of the federal Gramm-Leach-Bliley Act. If you have received this electronic message in error, please immediately notify us by return email destroy the original message to assure that it is not read, copied, or distributed by others.\r\n\r\nFrom: Jake Dorman <jake.dorman0707@gmail.com<mailto:jake.dorman0707@gmail.com>>\r\nSent: Tuesday, May 26, 2026 6:18 PM\r\nTo: Cynthia Harrington <CHarrington@firsthome.com<mailto:CHarrington@firsthome.com>>\r\nCc: Natalie Miller <NMiller@firsthome.com<mailto:NMiller@firsthome.com>>; Jack Rosnage <JRosnage@firsthome.com<mailto:JRosnage@firsthome.com>>; Yasmim Phipps <YPhipps@firsthome.com<mailto:YPhipps@firsthome.com>>\r\nSubject: Re: Total Home Roofing\r\n\r\n\r\n*** This message originated outside the organization ***\r\n\r\n________________________________\r\nTotal home roofing went out of business shortly after I left the company and is no longer active.\r\n\r\nI have my old boss that can still verify but the business is no longer open.\r\n\r\nOn Tue, May 26, 2026 at 6:16?PM Cynthia Harrington <CHarrington@firsthome.com<mailto:CHarrington@firsthome.com>> wrote:\r\nGood evening again, do you have a contact person and phone number/email for someone at Total Home Roofing that our Verification Dept. can contact to verify your employment?  The phone# listed is out of service.  Please respond to all.  Thanks!\r\n\r\n\r\n[cid:image007.png@01DCEDD1.04C52910]Cindy Harrington\r\nSr. Loan Processor\r\nOffice: 301.327.5800 | Direct: 301.327.5811 | Fax: 443.725.0467 | Ext: 4311\r\nWebsite: www.firsthome.com<https://url.usb.m.mimecastprotect.com/s/_jZlCg7qkQhq3nAPh7u7U4g2Tw?domain=firsthome.com>\r\n3240 Ferry Landing Rd Suite 201 Dunkirk, MD 20754<https://url.usb.m.mimecastprotect.com/s/PY0eC6Yw0zHPNxrVtpfrU5YeFL?domain=google.com>\r\n[A picture containing object, first-aid kit    Description automatically generated]<https://url.usb.m.mimecastprotect.com/s/L7dOC7DxAWfzg9AESWhAUocoOp?domain=facebook.com>  [cid:image009.jpg@01DCEDD1.04C52910] <https://url.usb.m.mimecastprotect.com/s/cBgWC8Xy9BSXGx6OF2ivUyEeAn?domain=linkedin.com/>    [A close up of a logo    Description automatically generated] <https://url.usb.m.mimecastprotect.com/s/6H1pC93z2Lfz0PkRSOsnUqfNbr?domain=twitter.com>    [A picture containing clipart    Description automatically generated] <https://url.usb.m.mimecastprotect.com/s/2mhZC0An9XckxlGJhOtBU9UXBI?domain=instagram.com/>\r\nCONFIDENTIALITY NOTICE\r\nThe information contained in this electronic message is confidential information intended for the use of the individual or entity named above. If the reader of this message is not the intended recipient, or an employee or agent responsible for delivering this electronic message to the intended recipient, you are hereby notified that any dissemination, or copying of this communication is strictly prohibited. If this message contains non-public personal information about any consumer or customer of the sender or intended recipient, you are further prohibited under penalty of law from using or disclosing the information to any third party by provisions of the federal Gramm-Leach-Bliley Act. If you have received this electronic message in error, please immediately notify us by return email destroy the original message to assure that it is not read, copied, or distributed by others.\r\n\r\n","IsBodyHTML":false,"BodyHTML":null,"SenderEmailAddress":null,"SenderEmailName":null,"RawReceiptHeaders":null,"CustomSendHeaders":{"X-Message-ID":"<f4718dfa-61f0-4cc9-b246-d24172110076@HQExc4V.firsthomemtg.com>"},"IsReadReceiptRequested":false,"Importance":null,"ToRecipients":[{"EmailAddress":"CHarrington@firsthome.com"},{"EmailAddress":"NMiller@firsthome.com"},{"EmailAddress":"JRosnage@firsthome.com"},{"EmailAddress":"YPhipps@firsthome.com"}],"CcRecipients":[],"BccRecipients":[],"ReplyToList":[]} 
2026-05-27 12:49:10.2414 INFO Sending MIME message for voe@firsthome.com: REPLY ERROR - 1083524806-03 RE: Total Home Roofing [1083524806-03] 
2026-05-27 12:49:10.2704 TRACE From: "voe@firsthome.com" <voe@firsthome.com>
Date: Wed, 27 May 2026 12:49:10 -0400
Subject: REPLY ERROR - 1083524806-03 RE: Total Home Roofing [1083524806-03]
Message-Id: <HBN4ZA1JDTU4.92MNSF3ZGM142@aze-dev-1v>
To: "CHarrington@firsthome.com" <CHarrington@firsthome.com>,
 "NMiller@firsthome.com" <NMiller@firsthome.com>, "JRosnage@firsthome.com"
	<JRosnage@firsthome.com>, "YPhipps@firsthome.com" <YPhipps@firsthome.com>
X-Message-ID: <f4718dfa-61f0-4cc9-b246-d24172110076@HQExc4V.firsthomemtg.com>
MIME-Version: 1.0
Content-Type: multipart/alternative; boundary="=-k3muQiPTaRgdFW2FpkyO4w=="

--=-k3muQiPTaRgdFW2FpkyO4w==
Content-Type: text/plain; charset=utf-8

This order has been APPROVED and new emails are no longer monitored for this VOE.  

Current Employment Status: Business Closed

Please contact VOE@firsthome with the order number -found in the subject line of this email - in order to address your inquiry/concerns.

Sincerely,
First Home Mortgage Verification Team
6211 Greenleigh Avenue, Suite 300, Baltimore MD 21220  

(For questions or concerns on the status of your VOE please check the VOE pipeline at http://aze-app-1v/voesystem/pipeline)



CONFIDENTIALITY NOTICE
The information contained in this electronic message is confidential information intended for the use of the individual or entity named above. If the reader of this message is not the intended recipient, or an employee or agent responsible for delivering this electronic message to the intended recipient, you are hereby notified that any dissemination, or copying of this communication is strictly prohibited. If this message contains non-public personal information about any consumer or customer of the sender or intended recipient, you are further prohibited under penalty of law from using or disclosing the information to any third party by provisions of the federal Gramm-Leach-Bliley Act. If you have received this electronic message in error, please immediately notify us by return email destroy the original message to assure that it is not read, copied, or distributed by others.






Sincerely,
First Home Mortgage Verification Team
6211 Greenleigh Avenue, Suite 300, Baltimore MD 21220  

(For questions or concerns on the status of your VOE please check the VOE pipeline at http://aze-app-1v/voesystem/pipeline)

---------Original Message----------------------
From: YPhipps@firsthome.com
Sent: Wed, May 27, 2026 12:05 PM
To: jake.dorman0707@gmail.com, CHarrington@firsthome.com, NMiller@firsthome.com, JRosnage@firsthome.com, VOE@firsthome.com
Cc: 
Subject: RE: Total Home Roofing [1083524806-03]

Hello All,

I will approve the order as Business is Closed.

Thanks,


[cid:image013.png@01DCEDD1.04E33860]Yasmim Phipps
Verification Specialist
Corporate NMLS ID # 71603
Office: 410.933.3100 | Direct: 443.725.7043 | Fax: 443.725.0492 | Ext: 1033
Website: www.firsthome.com<http://www.firsthome.com/>
6211 Greenleigh Ave, Suite 300 Baltimore MD 21220
[A picture containing object, first-aid kit  Description automatically generated]<https://www.facebook.com/gofirsthome?ref=hl>  [cid:image004.jpg@01DCEDD1.04C52910] <https://www.linkedin.com/company/63010/admin/>    [A close up of a logo  Description automatically generated] <https://twitter.com/GoFirstHome>    [A picture containing clipart  Description automatically generated] <https://www.instagram.com/firsthomemortgage/>

CONFIDENTIALITY NOTICE
The information contained in this electronic message is confidential information intended for the use of the individual or entity named above. If the reader of this message is not the intended recipient, or an employee or agent responsible for delivering this electronic message to the intended recipient, you are hereby notified that any dissemination, or copying of this communication is strictly prohibited. If this message contains non-public personal information about any consumer or customer of the sender or intended recipient, you are further prohibited under penalty of law from using or disclosing the information to any third party by provisions of the federal Gramm-Leach-Bliley Act. If you have received this electronic message in error, please immediately notify us by return email and destroy the original message to assure that it is not read, copied, or distributed by others.

From: Jake Dorman <jake.dorman0707@gmail.com>
Sent: Tuesday, May 26, 2026 7:49 PM
To: Cynthia Harrington <CHarrington@firsthome.com>
Cc: Natalie Miller <NMiller@firsthome.com>; Jack Rosnage <JRosnage@firsthome.com>; Yasmim Phipps <YPhipps@firsthome.com>
Subject: Re: Total Home Roofing


*** This message originated outside the organization ***

________________________________
Yes that would be correct

On Tue, May 26, 2026 at 7:45?PM Cynthia Harrington <CHarrington@firsthome.com<mailto:CHarrington@firsthome.com>> wrote:
We have itâ?¦..from 2024 correct?   The dates I have you working there is 2/8/24 to 6/30/24 correct?



[cid:image007.png@01DCEDD1.04C52910]Cindy Harrington
Sr. Loan Processor
Office: 301.327.5800 | Direct: 301.327.5811 | Fax: 443.725.0467 | Ext: 4311
Website: www.firsthome.com<https://url.usb.m.mimecastprotect.com/s/_jZlCg7qkQhq3nAPh7u7U4g2Tw?domain=firsthome.com>
3240 Ferry Landing Rd Suite 201 Dunkirk, MD 20754<https://url.usb.m.mimecastprotect.com/s/PY0eC6Yw0zHPNxrVtpfrU5YeFL?domain=google.com>
[A picture containing object, first-aid kit    Description automatically generated]<https://url.usb.m.mimecastprotect.com/s/L7dOC7DxAWfzg9AESWhAUocoOp?domain=facebook.com>  [cid:image009.jpg@01DCEDD1.04C52910] <https://url.usb.m.mimecastprotect.com/s/cBgWC8Xy9BSXGx6OF2ivUyEeAn?domain=linkedin.com/>    [A close up of a logo    Description automatically generated] <https://url.usb.m.mimecastprotect.com/s/6H1pC93z2Lfz0PkRSOsnUqfNbr?domain=twitter.com>    [A picture containing clipart    Description automatically generated] <https://url.usb.m.mimecastprotect.com/s/2mhZC0An9XckxlGJhOtBU9UXBI?domain=instagram.com/>
CONFIDENTIALITY NOTICE
The information contained in this electronic message is confidential information intended for the use of the individual or entity named above. If the reader of this message is not the intended recipient, or an employee or agent responsible for delivering this electronic message to the intended recipient, you are hereby notified that any dissemination, or copying of this communication is strictly prohibited. If this message contains non-public personal information about any consumer or customer of the sender or intended recipient, you are further prohibited under penalty of law from using or disclosing the information to any third party by provisions of the federal Gramm-Leach-Bliley Act. If you have received this electronic message in error, please immediately notify us by return email destroy the original message to assure that it is not read, copied, or distributed by others.

From: Jake Dorman <jake.dorman0707@gmail.com<mailto:jake.dorman0707@gmail.com>>
Sent: Tuesday, May 26, 2026 7:39 PM
To: Cynthia Harrington <CHarrington@firsthome.com<mailto:CHarrington@firsthome.com>>
Cc: Natalie Miller <NMiller@firsthome.com<mailto:NMiller@firsthome.com>>; Jack Rosnage <JRosnage@firsthome.com<mailto:JRosnage@firsthome.com>>; Yasmim Phipps <YPhipps@firsthome.com<mailto:YPhipps@firsthome.com>>
Subject: Re: Total Home Roofing


*** This message originated outside the organization ***

________________________________
Would A w2 from them for my employment suffice?

On Tue, May 26, 2026 at 7:35?PM Cynthia Harrington <CHarrington@firsthome.com<mailto:CHarrington@firsthome.com>> wrote:
Yasmin, do we state below and say Non-verifiable?  Not sure what else you can do.


[cid:image012.png@01DCEDD1.04C52910]Cindy Harrington
Sr. Loan Processor
Office: 301.327.5800 | Direct: 301.327.5811 | Fax: 443.725.0467 | Ext: 4311
Website: www.firsthome.com<https://url.usb.m.mimecastprotect.com/s/_jZlCg7qkQhq3nAPh7u7U4g2Tw?domain=firsthome.com>
3240 Ferry Landing Rd Suite 201 Dunkirk, MD 20754<https://url.usb.m.mimecastprotect.com/s/PY0eC6Yw0zHPNxrVtpfrU5YeFL?domain=google.com>
[A picture containing object, first-aid kit    Description automatically generated]<https://url.usb.m.mimecastprotect.com/s/L7dOC7DxAWfzg9AESWhAUocoOp?domain=facebook.com>  [cid:image009.jpg@01DCEDD1.04C52910] <https://url.usb.m.mimecastprotect.com/s/cBgWC8Xy9BSXGx6OF2ivUyEeAn?domain=linkedin.com/>    [A close up of a logo    Description automatically generated] <https://url.usb.m.mimecastprotect.com/s/6H1pC93z2Lfz0PkRSOsnUqfNbr?domain=twitter.com>    [A picture containing clipart    Description automatically generated] <https://url.usb.m.mimecastprotect.com/s/2mhZC0An9XckxlGJhOtBU9UXBI?domain=instagram.com/>
CONFIDENTIALITY NOTICE
The information contained in this electronic message is confidential information intended for the use of the individual or entity named above. If the reader of this message is not the intended recipient, or an employee or agent responsible for delivering this electronic message to the intended recipient, you are hereby notified that any dissemination, or copying of this communication is strictly prohibited. If this message contains non-public personal information about any consumer or customer of the sender or intended recipient, you are further prohibited under penalty of law from using or disclosing the information to any third party by provisions of the federal Gramm-Leach-Bliley Act. If you have received this electronic message in error, please immediately notify us by return email destroy the original message to assure that it is not read, copied, or distributed by others.

From: Jake Dorman <jake.dorman0707@gmail.com<mailto:jake.dorman0707@gmail.com>>
Sent: Tuesday, May 26, 2026 6:18 PM
To: Cynthia Harrington <CHarrington@firsthome.com<mailto:CHarrington@firsthome.com>>
Cc: Natalie Miller <NMiller@firsthome.com<mailto:NMiller@firsthome.com>>; Jack Rosnage <JRosnage@firsthome.com<mailto:JRosnage@firsthome.com>>; Yasmim Phipps <YPhipps@firsthome.com<mailto:YPhipps@firsthome.com>>
Subject: Re: Total Home Roofing


*** This message originated outside the organization ***

________________________________
Total home roofing went out of business shortly after I left the company and is no longer active.

I have my old boss that can still verify but the business is no longer open.

On Tue, May 26, 2026 at 6:16?PM Cynthia Harrington <CHarrington@firsthome.com<mailto:CHarrington@firsthome.com>> wrote:
Good evening again, do you have a contact person and phone number/email for someone at Total Home Roofing that our Verification Dept. can contact to verify your employment?  The phone# listed is out of service.  Please respond to all.  Thanks!


[cid:image007.png@01DCEDD1.04C52910]Cindy Harrington
Sr. Loan Processor
Office: 301.327.5800 | Direct: 301.327.5811 | Fax: 443.725.0467 | Ext: 4311
Website: www.firsthome.com<https://url.usb.m.mimecastprotect.com/s/_jZlCg7qkQhq3nAPh7u7U4g2Tw?domain=firsthome.com>
3240 Ferry Landing Rd Suite 201 Dunkirk, MD 20754<https://url.usb.m.mimecastprotect.com/s/PY0eC6Yw0zHPNxrVtpfrU5YeFL?domain=google.com>
[A picture containing object, first-aid kit    Description automatically generated]<https://url.usb.m.mimecastprotect.com/s/L7dOC7DxAWfzg9AESWhAUocoOp?domain=facebook.com>  [cid:image009.jpg@01DCEDD1.04C52910] <https://url.usb.m.mimecastprotect.com/s/cBgWC8Xy9BSXGx6OF2ivUyEeAn?domain=linkedin.com/>    [A close up of a logo    Description automatically generated] <https://url.usb.m.mimecastprotect.com/s/6H1pC93z2Lfz0PkRSOsnUqfNbr?domain=twitter.com>    [A picture containing clipart    Description automatically generated] <https://url.usb.m.mimecastprotect.com/s/2mhZC0An9XckxlGJhOtBU9UXBI?domain=instagram.com/>
CONFIDENTIALITY NOTICE
The information contained in this electronic message is confidential information intended for the use of the individual or entity named above. If the reader of this message is not the intended recipient, or an employee or agent responsible for delivering this electronic message to the intended recipient, you are hereby notified that any dissemination, or copying of this communication is strictly prohibited. If this message contains non-public personal information about any consumer or customer of the sender or intended recipient, you are further prohibited under penalty of law from using or disclosing the information to any third party by provisions of the federal Gramm-Leach-Bliley Act. If you have received this electronic message in error, please immediately notify us by return email destroy the original message to assure that it is not read, copied, or distributed by others.


--=-k3muQiPTaRgdFW2FpkyO4w==--
 
2026-05-27 12:49:10.5614 INFO Email Sent - Subject: REPLY ERROR - 1083524806-03 RE: Total Home Roofing [1083524806-03] 
2026-05-27 12:49:10.5894 INFO Email Notification Sent: REPLY ERROR - 1083524806-03 RE: Total Home Roofing [1083524806-03] 
2026-05-27 12:49:10.6164 INFO This order has been APPROVED and new emails are no longer monitored for this VOE.  

Current Employment Status: Business Closed

Please contact VOE@firsthome with the order number -found in the subject line of this email - in order to address your inquiry/concerns.

Sincerely,
First Home Mortgage Verification Team
6211 Greenleigh Avenue, Suite 300, Baltimore MD 21220  

(For questions or concerns on the status of your VOE please check the VOE pipeline at http://aze-app-1v/voesystem/pipeline)



CONFIDENTIALITY NOTICE
The information contained in this electronic message is confidential information intended for the use of the individual or entity named above. If the reader of this message is not the intended recipient, or an employee or agent responsible for delivering this electronic message to the intended recipient, you are hereby notified that any dissemination, or copying of this communication is strictly prohibited. If this message contains non-public personal information about any consumer or customer of the sender or intended recipient, you are further prohibited under penalty of law from using or disclosing the information to any third party by provisions of the federal Gramm-Leach-Bliley Act. If you have received this electronic message in error, please immediately notify us by return email destroy the original message to assure that it is not read, copied, or distributed by others.






Sincerely,
First Home Mortgage Verification Team
6211 Greenleigh Avenue, Suite 300, Baltimore MD 21220  

(For questions or concerns on the status of your VOE please check the VOE pipeline at http://aze-app-1v/voesystem/pipeline)

---------Original Message----------------------
From: YPhipps@firsthome.com
Sent: Wed, May 27, 2026 12:05 PM
To: jake.dorman0707@gmail.com, CHarrington@firsthome.com, NMiller@firsthome.com, JRosnage@firsthome.com, VOE@firsthome.com
Cc: 
Subject: RE: Total Home Roofing [1083524806-03]

Hello All,

I will approve the order as Business is Closed.

Thanks,


[cid:image013.png@01DCEDD1.04E33860]Yasmim Phipps
Verification Specialist
Corporate NMLS ID # 71603
Office: 410.933.3100 | Direct: 443.725.7043 | Fax: 443.725.0492 | Ext: 1033
Website: www.firsthome.com<http://www.firsthome.com/>
6211 Greenleigh Ave, Suite 300 Baltimore MD 21220
[A picture containing object, first-aid kit  Description automatically generated]<https://www.facebook.com/gofirsthome?ref=hl>  [cid:image004.jpg@01DCEDD1.04C52910] <https://www.linkedin.com/company/63010/admin/>    [A close up of a logo  Description automatically generated] <https://twitter.com/GoFirstHome>    [A picture containing clipart  Description automatically generated] <https://www.instagram.com/firsthomemortgage/>

CONFIDENTIALITY NOTICE
The information contained in this electronic message is confidential information intended for the use of the individual or entity named above. If the reader of this message is not the intended recipient, or an employee or agent responsible for delivering this electronic message to the intended recipient, you are hereby notified that any dissemination, or copying of this communication is strictly prohibited. If this message contains non-public personal information about any consumer or customer of the sender or intended recipient, you are further prohibited under penalty of law from using or disclosing the information to any third party by provisions of the federal Gramm-Leach-Bliley Act. If you have received this electronic message in error, please immediately notify us by return email and destroy the original message to assure that it is not read, copied, or distributed by others.

From: Jake Dorman <jake.dorman0707@gmail.com>
Sent: Tuesday, May 26, 2026 7:49 PM
To: Cynthia Harrington <CHarrington@firsthome.com>
Cc: Natalie Miller <NMiller@firsthome.com>; Jack Rosnage <JRosnage@firsthome.com>; Yasmim Phipps <YPhipps@firsthome.com>
Subject: Re: Total Home Roofing


*** This message originated outside the organization ***

________________________________
Yes that would be correct

On Tue, May 26, 2026 at 7:45?PM Cynthia Harrington <CHarrington@firsthome.com<mailto:CHarrington@firsthome.com>> wrote:
We have it…..from 2024 correct?   The dates I have you working there is 2/8/24 to 6/30/24 correct?



[cid:image007.png@01DCEDD1.04C52910]Cindy Harrington
Sr. Loan Processor
Office: 301.327.5800 | Direct: 301.327.5811 | Fax: 443.725.0467 | Ext: 4311
Website: www.firsthome.com<https://url.usb.m.mimecastprotect.com/s/_jZlCg7qkQhq3nAPh7u7U4g2Tw?domain=firsthome.com>
3240 Ferry Landing Rd Suite 201 Dunkirk, MD 20754<https://url.usb.m.mimecastprotect.com/s/PY0eC6Yw0zHPNxrVtpfrU5YeFL?domain=google.com>
[A picture containing object, first-aid kit    Description automatically generated]<https://url.usb.m.mimecastprotect.com/s/L7dOC7DxAWfzg9AESWhAUocoOp?domain=facebook.com>  [cid:image009.jpg@01DCEDD1.04C52910] <https://url.usb.m.mimecastprotect.com/s/cBgWC8Xy9BSXGx6OF2ivUyEeAn?domain=linkedin.com/>    [A close up of a logo    Description automatically generated] <https://url.usb.m.mimecastprotect.com/s/6H1pC93z2Lfz0PkRSOsnUqfNbr?domain=twitter.com>    [A picture containing clipart    Description automatically generated] <https://url.usb.m.mimecastprotect.com/s/2mhZC0An9XckxlGJhOtBU9UXBI?domain=instagram.com/>
CONFIDENTIALITY NOTICE
The information contained in this electronic message is confidential information intended for the use of the individual or entity named above. If the reader of this message is not the intended recipient, or an employee or agent responsible for delivering this electronic message to the intended recipient, you are hereby notified that any dissemination, or copying of this communication is strictly prohibited. If this message contains non-public personal information about any consumer or customer of the sender or intended recipient, you are further prohibited under penalty of law from using or disclosing the information to any third party by provisions of the federal Gramm-Leach-Bliley Act. If you have received this electronic message in error, please immediately notify us by return email destroy the original message to assure that it is not read, copied, or distributed by others.

From: Jake Dorman <jake.dorman0707@gmail.com<mailto:jake.dorman0707@gmail.com>>
Sent: Tuesday, May 26, 2026 7:39 PM
To: Cynthia Harrington <CHarrington@firsthome.com<mailto:CHarrington@firsthome.com>>
Cc: Natalie Miller <NMiller@firsthome.com<mailto:NMiller@firsthome.com>>; Jack Rosnage <JRosnage@firsthome.com<mailto:JRosnage@firsthome.com>>; Yasmim Phipps <YPhipps@firsthome.com<mailto:YPhipps@firsthome.com>>
Subject: Re: Total Home Roofing


*** This message originated outside the organization ***

________________________________
Would A w2 from them for my employment suffice?

On Tue, May 26, 2026 at 7:35?PM Cynthia Harrington <CHarrington@firsthome.com<mailto:CHarrington@firsthome.com>> wrote:
Yasmin, do we state below and say Non-verifiable?  Not sure what else you can do.


[cid:image012.png@01DCEDD1.04C52910]Cindy Harrington
Sr. Loan Processor
Office: 301.327.5800 | Direct: 301.327.5811 | Fax: 443.725.0467 | Ext: 4311
Website: www.firsthome.com<https://url.usb.m.mimecastprotect.com/s/_jZlCg7qkQhq3nAPh7u7U4g2Tw?domain=firsthome.com>
3240 Ferry Landing Rd Suite 201 Dunkirk, MD 20754<https://url.usb.m.mimecastprotect.com/s/PY0eC6Yw0zHPNxrVtpfrU5YeFL?domain=google.com>
[A picture containing object, first-aid kit    Description automatically generated]<https://url.usb.m.mimecastprotect.com/s/L7dOC7DxAWfzg9AESWhAUocoOp?domain=facebook.com>  [cid:image009.jpg@01DCEDD1.04C52910] <https://url.usb.m.mimecastprotect.com/s/cBgWC8Xy9BSXGx6OF2ivUyEeAn?domain=linkedin.com/>    [A close up of a logo    Description automatically generated] <https://url.usb.m.mimecastprotect.com/s/6H1pC93z2Lfz0PkRSOsnUqfNbr?domain=twitter.com>    [A picture containing clipart    Description automatically generated] <https://url.usb.m.mimecastprotect.com/s/2mhZC0An9XckxlGJhOtBU9UXBI?domain=instagram.com/>
CONFIDENTIALITY NOTICE
The information contained in this electronic message is confidential information intended for the use of the individual or entity named above. If the reader of this message is not the intended recipient, or an employee or agent responsible for delivering this electronic message to the intended recipient, you are hereby notified that any dissemination, or copying of this communication is strictly prohibited. If this message contains non-public personal information about any consumer or customer of the sender or intended recipient, you are further prohibited under penalty of law from using or disclosing the information to any third party by provisions of the federal Gramm-Leach-Bliley Act. If you have received this electronic message in error, please immediately notify us by return email destroy the original message to assure that it is not read, copied, or distributed by others.

From: Jake Dorman <jake.dorman0707@gmail.com<mailto:jake.dorman0707@gmail.com>>
Sent: Tuesday, May 26, 2026 6:18 PM
To: Cynthia Harrington <CHarrington@firsthome.com<mailto:CHarrington@firsthome.com>>
Cc: Natalie Miller <NMiller@firsthome.com<mailto:NMiller@firsthome.com>>; Jack Rosnage <JRosnage@firsthome.com<mailto:JRosnage@firsthome.com>>; Yasmim Phipps <YPhipps@firsthome.com<mailto:YPhipps@firsthome.com>>
Subject: Re: Total Home Roofing


*** This message originated outside the organization ***

________________________________
Total home roofing went out of business shortly after I left the company and is no longer active.

I have my old boss that can still verify but the business is no longer open.

On Tue, May 26, 2026 at 6:16?PM Cynthia Harrington <CHarrington@firsthome.com<mailto:CHarrington@firsthome.com>> wrote:
Good evening again, do you have a contact person and phone number/email for someone at Total Home Roofing that our Verification Dept. can contact to verify your employment?  The phone# listed is out of service.  Please respond to all.  Thanks!


[cid:image007.png@01DCEDD1.04C52910]Cindy Harrington
Sr. Loan Processor
Office: 301.327.5800 | Direct: 301.327.5811 | Fax: 443.725.0467 | Ext: 4311
Website: www.firsthome.com<https://url.usb.m.mimecastprotect.com/s/_jZlCg7qkQhq3nAPh7u7U4g2Tw?domain=firsthome.com>
3240 Ferry Landing Rd Suite 201 Dunkirk, MD 20754<https://url.usb.m.mimecastprotect.com/s/PY0eC6Yw0zHPNxrVtpfrU5YeFL?domain=google.com>
[A picture containing object, first-aid kit    Description automatically generated]<https://url.usb.m.mimecastprotect.com/s/L7dOC7DxAWfzg9AESWhAUocoOp?domain=facebook.com>  [cid:image009.jpg@01DCEDD1.04C52910] <https://url.usb.m.mimecastprotect.com/s/cBgWC8Xy9BSXGx6OF2ivUyEeAn?domain=linkedin.com/>    [A close up of a logo    Description automatically generated] <https://url.usb.m.mimecastprotect.com/s/6H1pC93z2Lfz0PkRSOsnUqfNbr?domain=twitter.com>    [A picture containing clipart    Description automatically generated] <https://url.usb.m.mimecastprotect.com/s/2mhZC0An9XckxlGJhOtBU9UXBI?domain=instagram.com/>
CONFIDENTIALITY NOTICE
The information contained in this electronic message is confidential information intended for the use of the individual or entity named above. If the reader of this message is not the intended recipient, or an employee or agent responsible for delivering this electronic message to the intended recipient, you are hereby notified that any dissemination, or copying of this communication is strictly prohibited. If this message contains non-public personal information about any consumer or customer of the sender or intended recipient, you are further prohibited under penalty of law from using or disclosing the information to any third party by provisions of the federal Gramm-Leach-Bliley Act. If you have received this electronic message in error, please immediately notify us by return email destroy the original message to assure that it is not read, copied, or distributed by others.

 
2026-05-27 12:49:10.6554 INFO Email Logged: REPLY ERROR - 1083524806-03 RE: Total Home Roofing [1083524806-03] 
2026-05-27 12:49:10.6884 INFO Email Logged to Database: AAkALgAAAAAAHYQDEapmEc2byACqAC-EWg0A-XGp6OdBg0CxQrF5bBnBPAAHIkGGVgAA RE: Total Home Roofing [1083524806-03] 12:05 PM 
2026-05-27 12:49:10.7162 INFO Getting message voe@firsthome.com: AAkALgAAAAAAHYQDEapmEc2byACqAC-EWg0A-XGp6OdBg0CxQrF5bBnBPAAHIkGGQgAA 
2026-05-27 12:49:10.8545 INFO Getting message HTML voe@firsthome.com: AAkALgAAAAAAHYQDEapmEc2byACqAC-EWg0A-XGp6OdBg0CxQrF5bBnBPAAHIkGGQgAA 
2026-05-27 12:49:10.8835 INFO Getting message voe@firsthome.com: AAkALgAAAAAAHYQDEapmEc2byACqAC-EWg0A-XGp6OdBg0CxQrF5bBnBPAAHIkGGQgAA 
2026-05-27 12:49:11.2311 INFO Email Not Matched: AAkALgAAAAAAHYQDEapmEc2byACqAC-EWg0A-XGp6OdBg0CxQrF5bBnBPAAHIkGGQgAA Unlock the Value: Scaling High-Touch Philanthropy Webinar Resources 12:04 PM 
2026-05-27 13:00:39.5502 INFO Getting messages for folder voe@firsthome.com: Inbox 
2026-05-27 13:00:41.6368 INFO Getting message voe@firsthome.com: AAkALgAAAAAAHYQDEapmEc2byACqAC-EWg0A-XGp6OdBg0CxQrF5bBnBPAAHIkGLpQAA 
2026-05-27 13:00:41.9199 INFO Getting message HTML voe@firsthome.com: AAkALgAAAAAAHYQDEapmEc2byACqAC-EWg0A-XGp6OdBg0CxQrF5bBnBPAAHIkGLpQAA 
2026-05-27 13:00:41.9489 INFO Getting message voe@firsthome.com: AAkALgAAAAAAHYQDEapmEc2byACqAC-EWg0A-XGp6OdBg0CxQrF5bBnBPAAHIkGLpQAA 
2026-05-27 13:01:07.4578 INFO Email Logged: Tanisha Gill, First Home Mortgage would like to verify your income and employment 
2026-05-27 13:01:07.5138 INFO Email Logged to Database: AAkALgAAAAAAHYQDEapmEc2byACqAC-EWg0A-XGp6OdBg0CxQrF5bBnBPAAHIkGLpQAA Tanisha Gill, First Home Mortgage would like to verify your income and employment 12:59 PM 
2026-05-27 13:01:07.5448 INFO Getting message voe@firsthome.com: AAkALgAAAAAAHYQDEapmEc2byACqAC-EWg0A-XGp6OdBg0CxQrF5bBnBPAAHIkGLjgAA 
2026-05-27 13:01:07.6898 INFO Getting message HTML voe@firsthome.com: AAkALgAAAAAAHYQDEapmEc2byACqAC-EWg0A-XGp6OdBg0CxQrF5bBnBPAAHIkGLjgAA 
2026-05-27 13:01:07.7198 INFO Getting message voe@firsthome.com: AAkALgAAAAAAHYQDEapmEc2byACqAC-EWg0A-XGp6OdBg0CxQrF5bBnBPAAHIkGLjgAA 
2026-05-27 13:01:27.5912 INFO Email Logged: Robert Walker II, First Home Mortgage would like to verify your income and employment 
2026-05-27 13:01:27.6392 INFO Email Logged to Database: AAkALgAAAAAAHYQDEapmEc2byACqAC-EWg0A-XGp6OdBg0CxQrF5bBnBPAAHIkGLjgAA Robert Walker II, First Home Mortgage would like to verify your income and employment 12:58 PM 
2026-05-27 13:01:27.7262 INFO Getting message voe@firsthome.com: AAkALgAAAAAAHYQDEapmEc2byACqAC-EWg0A-XGp6OdBg0CxQrF5bBnBPAAHIkGLdwAA 
2026-05-27 13:01:27.9603 INFO Getting message HTML voe@firsthome.com: AAkALgAAAAAAHYQDEapmEc2byACqAC-EWg0A-XGp6OdBg0CxQrF5bBnBPAAHIkGLdwAA 
2026-05-27 13:01:28.0073 INFO Getting message voe@firsthome.com: AAkALgAAAAAAHYQDEapmEc2byACqAC-EWg0A-XGp6OdBg0CxQrF5bBnBPAAHIkGLdwAA 
2026-05-27 13:03:08.3355 ERROR Error making web redirect request: https://url.usb.m.mimecastprotect.com/s/i3nbC93z2Lfz05nkSOsnUqxWKZ?domain=url4970.truv.com 
2026-05-27 13:03:08.3795 ERROR System.Net.WebException: The operation has timed out
   at System.Net.HttpWebRequest.GetResponse()
   at VOESystem.Data.Business.BusinessBase.getWebRequestRedirect(String URL) in C:\Data\FirstMortgage\BitBucket\voesystem\VOEFrontend\VOESystem.Data\Business\BusinessBase.cs:line 607 System.Net.WebException: The operation has timed out
   at System.Net.HttpWebRequest.GetResponse()
   at VOESystem.Data.Business.BusinessBase.getWebRequestRedirect(String URL) in C:\Data\FirstMortgage\BitBucket\voesystem\VOEFrontend\VOESystem.Data\Business\BusinessBase.cs:line 607
2026-05-27 13:03:08.5120 INFO Retrying Redirect URL: The operation has timed out 
2026-05-27 13:04:48.5593 ERROR Error making web redirect request: https://url.usb.m.mimecastprotect.com/s/i3nbC93z2Lfz05nkSOsnUqxWKZ?domain=url4970.truv.com 
2026-05-27 13:04:48.6103 ERROR System.Net.WebException: The operation has timed out
   at System.Net.HttpWebRequest.GetResponse()
   at VOESystem.Data.Business.BusinessBase.getWebRequestRedirect(String URL) in C:\Data\FirstMortgage\BitBucket\voesystem\VOEFrontend\VOESystem.Data\Business\BusinessBase.cs:line 607 System.Net.WebException: The operation has timed out
   at System.Net.HttpWebRequest.GetResponse()
   at VOESystem.Data.Business.BusinessBase.getWebRequestRedirect(String URL) in C:\Data\FirstMortgage\BitBucket\voesystem\VOEFrontend\VOESystem.Data\Business\BusinessBase.cs:line 607
2026-05-27 13:04:48.6483 INFO Retrying Redirect URL: The operation has timed out 
2026-05-27 13:06:28.6926 ERROR Error making web redirect request: https://url.usb.m.mimecastprotect.com/s/i3nbC93z2Lfz05nkSOsnUqxWKZ?domain=url4970.truv.com 
2026-05-27 13:06:28.7426 ERROR System.Net.WebException: The operation has timed out
   at System.Net.HttpWebRequest.GetResponse()
   at VOESystem.Data.Business.BusinessBase.getWebRequestRedirect(String URL) in C:\Data\FirstMortgage\BitBucket\voesystem\VOEFrontend\VOESystem.Data\Business\BusinessBase.cs:line 607 System.Net.WebException: The operation has timed out
   at System.Net.HttpWebRequest.GetResponse()
   at VOESystem.Data.Business.BusinessBase.getWebRequestRedirect(String URL) in C:\Data\FirstMortgage\BitBucket\voesystem\VOEFrontend\VOESystem.Data\Business\BusinessBase.cs:line 607
2026-05-27 13:06:28.7967 INFO Retrying Redirect URL: The operation has timed out 
2026-05-27 13:06:28.8437 ERROR Error Importing Email: AAkALgAAAAAAHYQDEapmEc2byACqAC-EWg0A-XGp6OdBg0CxQrF5bBnBPAAHIkGLdwAA Patrick A Little, First Home Mortgage would like to verify your income and employment 12:56 PM 
2026-05-27 13:06:28.8787 ERROR System.Exception: Truv Redirect Order URL Not Found
   at VOEBackend.Email.BaseClass.getOrderRequestFromTruvRedirect(IDbConnection dbConn, String emailBody) in T:\Griffin\SVNDev\VOESystem\VOEBackend\VOEBackend.Email\BaseClass.cs:line 298
   at VOEBackend.Email.EmailOps.insertMail(IMailMessage msg) in T:\Griffin\SVNDev\VOESystem\VOEBackend\VOEBackend.Email\EmailOps.cs:line 73 System.Exception: Truv Redirect Order URL Not Found
   at VOEBackend.Email.BaseClass.getOrderRequestFromTruvRedirect(IDbConnection dbConn, String emailBody) in T:\Griffin\SVNDev\VOESystem\VOEBackend\VOEBackend.Email\BaseClass.cs:line 298
   at VOEBackend.Email.EmailOps.insertMail(IMailMessage msg) in T:\Griffin\SVNDev\VOESystem\VOEBackend\VOEBackend.Email\EmailOps.cs:line 73
2026-05-27 13:06:28.9517 INFO Getting message voe@firsthome.com: AAkALgAAAAAAHYQDEapmEc2byACqAC-EWg0A-XGp6OdBg0CxQrF5bBnBPAAHIkGLaQAA 
2026-05-27 13:06:29.2493 INFO Getting message HTML voe@firsthome.com: AAkALgAAAAAAHYQDEapmEc2byACqAC-EWg0A-XGp6OdBg0CxQrF5bBnBPAAHIkGLaQAA 
2026-05-27 13:06:29.2849 INFO Getting message voe@firsthome.com: AAkALgAAAAAAHYQDEapmEc2byACqAC-EWg0A-XGp6OdBg0CxQrF5bBnBPAAHIkGLaQAA 
2026-05-27 13:08:09.5702 ERROR Error making web redirect request: https://url.usb.m.mimecastprotect.com/s/ZkSDCZZKWmt763L6FysgUBAqCx?domain=url4970.truv.com 
2026-05-27 13:08:09.6098 ERROR System.Net.WebException: The operation has timed out
   at System.Net.HttpWebRequest.GetResponse()
   at VOESystem.Data.Business.BusinessBase.getWebRequestRedirect(String URL) in C:\Data\FirstMortgage\BitBucket\voesystem\VOEFrontend\VOESystem.Data\Business\BusinessBase.cs:line 607 System.Net.WebException: The operation has timed out
   at System.Net.HttpWebRequest.GetResponse()
   at VOESystem.Data.Business.BusinessBase.getWebRequestRedirect(String URL) in C:\Data\FirstMortgage\BitBucket\voesystem\VOEFrontend\VOESystem.Data\Business\BusinessBase.cs:line 607
2026-05-27 13:08:09.6498 INFO Retrying Redirect URL: The operation has timed out 
2026-05-27 13:09:49.6951 ERROR Error making web redirect request: https://url.usb.m.mimecastprotect.com/s/ZkSDCZZKWmt763L6FysgUBAqCx?domain=url4970.truv.com 
2026-05-27 13:09:49.7371 ERROR System.Net.WebException: The operation has timed out
   at System.Net.HttpWebRequest.GetResponse()
   at VOESystem.Data.Business.BusinessBase.getWebRequestRedirect(String URL) in C:\Data\FirstMortgage\BitBucket\voesystem\VOEFrontend\VOESystem.Data\Business\BusinessBase.cs:line 607 System.Net.WebException: The operation has timed out
   at System.Net.HttpWebRequest.GetResponse()
   at VOESystem.Data.Business.BusinessBase.getWebRequestRedirect(String URL) in C:\Data\FirstMortgage\BitBucket\voesystem\VOEFrontend\VOESystem.Data\Business\BusinessBase.cs:line 607
2026-05-27 13:09:49.7787 INFO Retrying Redirect URL: The operation has timed out 
2026-05-27 13:11:29.8219 ERROR Error making web redirect request: https://url.usb.m.mimecastprotect.com/s/ZkSDCZZKWmt763L6FysgUBAqCx?domain=url4970.truv.com 
2026-05-27 13:11:29.8959 ERROR System.Net.WebException: The operation has timed out
   at System.Net.HttpWebRequest.GetResponse()
   at VOESystem.Data.Business.BusinessBase.getWebRequestRedirect(String URL) in C:\Data\FirstMortgage\BitBucket\voesystem\VOEFrontend\VOESystem.Data\Business\BusinessBase.cs:line 607 System.Net.WebException: The operation has timed out
   at System.Net.HttpWebRequest.GetResponse()
   at VOESystem.Data.Business.BusinessBase.getWebRequestRedirect(String URL) in C:\Data\FirstMortgage\BitBucket\voesystem\VOEFrontend\VOESystem.Data\Business\BusinessBase.cs:line 607
2026-05-27 13:11:29.9589 INFO Retrying Redirect URL: The operation has timed out 
2026-05-27 13:11:30.0259 ERROR Error Importing Email: AAkALgAAAAAAHYQDEapmEc2byACqAC-EWg0A-XGp6OdBg0CxQrF5bBnBPAAHIkGLaQAA Marina Khalid, First Home Mortgage would like to verify your income and employment 12:55 PM 
2026-05-27 13:11:30.0635 ERROR System.Exception: Truv Redirect Order URL Not Found
   at VOEBackend.Email.BaseClass.getOrderRequestFromTruvRedirect(IDbConnection dbConn, String emailBody) in T:\Griffin\SVNDev\VOESystem\VOEBackend\VOEBackend.Email\BaseClass.cs:line 298
   at VOEBackend.Email.EmailOps.insertMail(IMailMessage msg) in T:\Griffin\SVNDev\VOESystem\VOEBackend\VOEBackend.Email\EmailOps.cs:line 73 System.Exception: Truv Redirect Order URL Not Found
   at VOEBackend.Email.BaseClass.getOrderRequestFromTruvRedirect(IDbConnection dbConn, String emailBody) in T:\Griffin\SVNDev\VOESystem\VOEBackend\VOEBackend.Email\BaseClass.cs:line 298
   at VOEBackend.Email.EmailOps.insertMail(IMailMessage msg) in T:\Griffin\SVNDev\VOESystem\VOEBackend\VOEBackend.Email\EmailOps.cs:line 73
2026-05-27 13:11:30.1120 INFO Getting message voe@firsthome.com: AAkALgAAAAAAHYQDEapmEc2byACqAC-EWg0A-XGp6OdBg0CxQrF5bBnBPAAHIkGLZwAA 
2026-05-27 13:11:30.4000 INFO Getting message HTML voe@firsthome.com: AAkALgAAAAAAHYQDEapmEc2byACqAC-EWg0A-XGp6OdBg0CxQrF5bBnBPAAHIkGLZwAA 
2026-05-27 13:11:30.4380 INFO Getting message voe@firsthome.com: AAkALgAAAAAAHYQDEapmEc2byACqAC-EWg0A-XGp6OdBg0CxQrF5bBnBPAAHIkGLZwAA 
2026-05-27 13:11:30.7490 INFO Email Logged: Read: <External> Verification of Employment Request Brenda L Hobbs [1024524470-01] 
2026-05-27 13:11:30.8111 INFO Email Logged to Database: AAkALgAAAAAAHYQDEapmEc2byACqAC-EWg0A-XGp6OdBg0CxQrF5bBnBPAAHIkGLZwAA Read: <External> Verification of Employment Request Brenda L Hobbs [1024524470-01] 12:55 PM 
2026-05-27 13:11:30.8581 INFO Getting message voe@firsthome.com: AAkALgAAAAAAHYQDEapmEc2byACqAC-EWg0A-XGp6OdBg0CxQrF5bBnBPAAHIkGLWgAA 
2026-05-27 13:11:31.0758 INFO Getting message HTML voe@firsthome.com: AAkALgAAAAAAHYQDEapmEc2byACqAC-EWg0A-XGp6OdBg0CxQrF5bBnBPAAHIkGLWgAA 
2026-05-27 13:11:31.1338 INFO Getting message voe@firsthome.com: AAkALgAAAAAAHYQDEapmEc2byACqAC-EWg0A-XGp6OdBg0CxQrF5bBnBPAAHIkGLWgAA 
2026-05-27 13:11:31.8230 ERROR Error Uploading File 1009516405;C:\Temp\VOERepository\Documents\Upload\20260527131131810_1009516405_Evan.pdf;Evan.pdf 
2026-05-27 13:11:31.8503 ERROR System.IO.DirectoryNotFoundException: Could not find a part of the path 'C:\Temp\VOERepository\Documents\Upload\20260527131131810_1009516405_Evan.pdf'.
   at System.IO.__Error.WinIOError(Int32 errorCode, String maybeFullPath)
   at System.IO.FileStream.Init(String path, FileMode mode, FileAccess access, Int32 rights, Boolean useRights, FileShare share, Int32 bufferSize, FileOptions options, SECURITY_ATTRIBUTES secAttrs, String msgPath, Boolean bFromProxy, Boolean useLongPath, Boolean checkHost)
   at System.IO.FileStream..ctor(String path, FileMode mode, FileAccess access, FileShare share, Int32 bufferSize, FileOptions options, String msgPath, Boolean bFromProxy, Boolean useLongPath, Boolean checkHost)
   at System.IO.StreamWriter.CreateFile(String path, Boolean append, Boolean checkHost)
   at System.IO.StreamWriter..ctor(String path, Boolean append, Encoding encoding, Int32 bufferSize, Boolean checkHost)
   at System.IO.StreamWriter..ctor(String path, Boolean append)
   at ServiceStack.ServiceHost.FileExtensions.SaveTo(IFile file, String filePath)
   at VOESystem.Data.Business.DocumentOps.uploadFile(IDbConnection dbConn, IFile file, String userName, Nullable`1 OrderRequestId, Nullable`1 EmployerId, DocumentType doctype, Boolean UploadToEncompass, String LoanNumber, String filePathName, Nullable`1 DocumentContentTypeId, String baseUrl) in C:\Data\FirstMortgage\BitBucket\voesystem\VOEFrontend\VOESystem.Data\Business\DocumentOps.cs:line 265 System.IO.DirectoryNotFoundException: Could not find a part of the path 'C:\Temp\VOERepository\Documents\Upload\20260527131131810_1009516405_Evan.pdf'.
   at System.IO.__Error.WinIOError(Int32 errorCode, String maybeFullPath)
   at System.IO.FileStream.Init(String path, FileMode mode, FileAccess access, Int32 rights, Boolean useRights, FileShare share, Int32 bufferSize, FileOptions options, SECURITY_ATTRIBUTES secAttrs, String msgPath, Boolean bFromProxy, Boolean useLongPath, Boolean checkHost)
   at System.IO.FileStream..ctor(String path, FileMode mode, FileAccess access, FileShare share, Int32 bufferSize, FileOptions options, String msgPath, Boolean bFromProxy, Boolean useLongPath, Boolean checkHost)
   at System.IO.StreamWriter.CreateFile(String path, Boolean append, Boolean checkHost)
   at System.IO.StreamWriter..ctor(String path, Boolean append, Encoding encoding, Int32 bufferSize, Boolean checkHost)
   at System.IO.StreamWriter..ctor(String path, Boolean append)
   at ServiceStack.ServiceHost.FileExtensions.SaveTo(IFile file, String filePath)
   at VOESystem.Data.Business.DocumentOps.uploadFile(IDbConnection dbConn, IFile file, String userName, Nullable`1 OrderRequestId, Nullable`1 EmployerId, DocumentType doctype, Boolean UploadToEncompass, String LoanNumber, String filePathName, Nullable`1 DocumentContentTypeId, String baseUrl) in C:\Data\FirstMortgage\BitBucket\voesystem\VOEFrontend\VOESystem.Data\Business\DocumentOps.cs:line 265
2026-05-27 13:11:31.9020 ERROR Error Uploading Attachment to VOE System: C:\Temp\MailAttachments\AAkALgAAAAAAHYQDEapmEc2byACqACEWg0AXGp6OdBg0CxQrF5bBnBPAAHIkGLWgAAEvanpdf 
2026-05-27 13:11:31.9290 ERROR System.Exception: Exception of type 'System.Exception' was thrown. System.Exception: Exception of type 'System.Exception' was thrown.
2026-05-27 13:11:31.9740 INFO Email Logged: Re: Verification of Employment Request Evan Pierson Williams [1009516405-06] 
2026-05-27 13:11:32.0088 INFO Email Logged to Database: AAkALgAAAAAAHYQDEapmEc2byACqAC-EWg0A-XGp6OdBg0CxQrF5bBnBPAAHIkGLWgAA Re: Verification of Employment Request Evan Pierson Williams [1009516405-06] 12:54 PM 
2026-05-27 13:11:32.0348 INFO Getting message voe@firsthome.com: AAkALgAAAAAAHYQDEapmEc2byACqAC-EWg0A-XGp6OdBg0CxQrF5bBnBPAAHIkGLUAAA 
2026-05-27 13:11:32.1859 INFO Getting message HTML voe@firsthome.com: AAkALgAAAAAAHYQDEapmEc2byACqAC-EWg0A-XGp6OdBg0CxQrF5bBnBPAAHIkGLUAAA 
2026-05-27 13:11:32.2125 INFO Getting message voe@firsthome.com: AAkALgAAAAAAHYQDEapmEc2byACqAC-EWg0A-XGp6OdBg0CxQrF5bBnBPAAHIkGLUAAA 
2026-05-27 13:11:40.8054 INFO Email Logged: Ian Bent, First Home Mortgage would like to verify your income and employment 
2026-05-27 13:11:40.8440 INFO Email Logged to Database: AAkALgAAAAAAHYQDEapmEc2byACqAC-EWg0A-XGp6OdBg0CxQrF5bBnBPAAHIkGLUAAA Ian Bent, First Home Mortgage would like to verify your income and employment 12:54 PM 
2026-05-27 13:11:40.8710 INFO Getting message voe@firsthome.com: AAkALgAAAAAAHYQDEapmEc2byACqAC-EWg0A-XGp6OdBg0CxQrF5bBnBPAAHIkGLOQAA 
2026-05-27 13:11:41.0556 INFO Getting message HTML voe@firsthome.com: AAkALgAAAAAAHYQDEapmEc2byACqAC-EWg0A-XGp6OdBg0CxQrF5bBnBPAAHIkGLOQAA 
2026-05-27 13:11:41.0846 INFO Getting message voe@firsthome.com: AAkALgAAAAAAHYQDEapmEc2byACqAC-EWg0A-XGp6OdBg0CxQrF5bBnBPAAHIkGLOQAA 
2026-05-27 13:11:41.4131 INFO Email Logged: Re: Assistance Needed - Your Verification of Employment [1081525979-01] 
2026-05-27 13:11:41.4501 INFO Email Logged to Database: AAkALgAAAAAAHYQDEapmEc2byACqAC-EWg0A-XGp6OdBg0CxQrF5bBnBPAAHIkGLOQAA Re: Assistance Needed - Your Verification of Employment [1081525979-01] 12:52 PM 
2026-05-27 13:11:41.4831 INFO Getting message voe@firsthome.com: AAkALgAAAAAAHYQDEapmEc2byACqAC-EWg0A-XGp6OdBg0CxQrF5bBnBPAAHIkGLNQAA 
2026-05-27 13:11:41.6551 INFO Getting message HTML voe@firsthome.com: AAkALgAAAAAAHYQDEapmEc2byACqAC-EWg0A-XGp6OdBg0CxQrF5bBnBPAAHIkGLNQAA 
2026-05-27 13:11:41.6861 INFO Getting message voe@firsthome.com: AAkALgAAAAAAHYQDEapmEc2byACqAC-EWg0A-XGp6OdBg0CxQrF5bBnBPAAHIkGLNQAA 
2026-05-27 13:12:05.9472 INFO Email Logged: Christine M Micheel, First Home Mortgage would like to verify your income and employment 
2026-05-27 13:12:05.9872 INFO Email Logged to Database: AAkALgAAAAAAHYQDEapmEc2byACqAC-EWg0A-XGp6OdBg0CxQrF5bBnBPAAHIkGLNQAA Christine M Micheel, First Home Mortgage would like to verify your income and employment 12:52 PM 
2026-05-27 13:12:06.0152 INFO Getting message voe@firsthome.com: AAkALgAAAAAAHYQDEapmEc2byACqAC-EWg0A-XGp6OdBg0CxQrF5bBnBPAAHIkGLIwAA 
2026-05-27 13:12:06.2014 INFO Getting message HTML voe@firsthome.com: AAkALgAAAAAAHYQDEapmEc2byACqAC-EWg0A-XGp6OdBg0CxQrF5bBnBPAAHIkGLIwAA 
2026-05-27 13:12:06.2294 INFO Getting message voe@firsthome.com: AAkALgAAAAAAHYQDEapmEc2byACqAC-EWg0A-XGp6OdBg0CxQrF5bBnBPAAHIkGLIwAA 
2026-05-27 13:13:46.5272 ERROR Error making web redirect request: https://url.usb.m.mimecastprotect.com/s/TLEvCEKgP6Fl7QGgiPsxU7j-A6?domain=url4970.truv.com 
2026-05-27 13:13:46.5802 ERROR System.Net.WebException: The operation has timed out
   at System.Net.HttpWebRequest.GetResponse()
   at VOESystem.Data.Business.BusinessBase.getWebRequestRedirect(String URL) in C:\Data\FirstMortgage\BitBucket\voesystem\VOEFrontend\VOESystem.Data\Business\BusinessBase.cs:line 607 System.Net.WebException: The operation has timed out
   at System.Net.HttpWebRequest.GetResponse()
   at VOESystem.Data.Business.BusinessBase.getWebRequestRedirect(String URL) in C:\Data\FirstMortgage\BitBucket\voesystem\VOEFrontend\VOESystem.Data\Business\BusinessBase.cs:line 607
2026-05-27 13:13:46.6412 INFO Retrying Redirect URL: The operation has timed out 
2026-05-27 13:15:26.6922 ERROR Error making web redirect request: https://url.usb.m.mimecastprotect.com/s/TLEvCEKgP6Fl7QGgiPsxU7j-A6?domain=url4970.truv.com 
2026-05-27 13:15:26.7327 ERROR System.Net.WebException: The operation has timed out
   at System.Net.HttpWebRequest.GetResponse()
   at VOESystem.Data.Business.BusinessBase.getWebRequestRedirect(String URL) in C:\Data\FirstMortgage\BitBucket\voesystem\VOEFrontend\VOESystem.Data\Business\BusinessBase.cs:line 607 System.Net.WebException: The operation has timed out
   at System.Net.HttpWebRequest.GetResponse()
   at VOESystem.Data.Business.BusinessBase.getWebRequestRedirect(String URL) in C:\Data\FirstMortgage\BitBucket\voesystem\VOEFrontend\VOESystem.Data\Business\BusinessBase.cs:line 607
2026-05-27 13:15:26.7723 INFO Retrying Redirect URL: The operation has timed out 
2026-05-27 13:17:06.8303 ERROR Error making web redirect request: https://url.usb.m.mimecastprotect.com/s/TLEvCEKgP6Fl7QGgiPsxU7j-A6?domain=url4970.truv.com 
2026-05-27 13:17:06.8683 ERROR System.Net.WebException: The operation has timed out
   at System.Net.HttpWebRequest.GetResponse()
   at VOESystem.Data.Business.BusinessBase.getWebRequestRedirect(String URL) in C:\Data\FirstMortgage\BitBucket\voesystem\VOEFrontend\VOESystem.Data\Business\BusinessBase.cs:line 607 System.Net.WebException: The operation has timed out
   at System.Net.HttpWebRequest.GetResponse()
   at VOESystem.Data.Business.BusinessBase.getWebRequestRedirect(String URL) in C:\Data\FirstMortgage\BitBucket\voesystem\VOEFrontend\VOESystem.Data\Business\BusinessBase.cs:line 607
2026-05-27 13:17:06.9073 INFO Retrying Redirect URL: The operation has timed out 
2026-05-27 13:17:06.9456 ERROR Error Importing Email: AAkALgAAAAAAHYQDEapmEc2byACqAC-EWg0A-XGp6OdBg0CxQrF5bBnBPAAHIkGLIwAA Charlotte Hamilton, First Home Mortgage would like to verify your income and employment 12:51 PM 
2026-05-27 13:17:06.9733 ERROR System.Exception: Truv Redirect Order URL Not Found
   at VOEBackend.Email.BaseClass.getOrderRequestFromTruvRedirect(IDbConnection dbConn, String emailBody) in T:\Griffin\SVNDev\VOESystem\VOEBackend\VOEBackend.Email\BaseClass.cs:line 298
   at VOEBackend.Email.EmailOps.insertMail(IMailMessage msg) in T:\Griffin\SVNDev\VOESystem\VOEBackend\VOEBackend.Email\EmailOps.cs:line 73 System.Exception: Truv Redirect Order URL Not Found
   at VOEBackend.Email.BaseClass.getOrderRequestFromTruvRedirect(IDbConnection dbConn, String emailBody) in T:\Griffin\SVNDev\VOESystem\VOEBackend\VOEBackend.Email\BaseClass.cs:line 298
   at VOEBackend.Email.EmailOps.insertMail(IMailMessage msg) in T:\Griffin\SVNDev\VOESystem\VOEBackend\VOEBackend.Email\EmailOps.cs:line 73
2026-05-27 13:17:07.0113 INFO Getting message voe@firsthome.com: AAkALgAAAAAAHYQDEapmEc2byACqAC-EWg0A-XGp6OdBg0CxQrF5bBnBPAAHIkGHKwAA 
2026-05-27 13:17:07.1698 INFO Getting message HTML voe@firsthome.com: AAkALgAAAAAAHYQDEapmEc2byACqAC-EWg0A-XGp6OdBg0CxQrF5bBnBPAAHIkGHKwAA 
2026-05-27 13:17:07.1998 INFO Getting message voe@firsthome.com: AAkALgAAAAAAHYQDEapmEc2byACqAC-EWg0A-XGp6OdBg0CxQrF5bBnBPAAHIkGHKwAA 
2026-05-27 13:18:47.6484 ERROR Error making web redirect request: https://url.usb.m.mimecastprotect.com/s/9MOYC2Gp91hVYN37u2sjU5lli5?domain=url4970.truv.com 
2026-05-27 13:18:47.6884 ERROR System.Net.WebException: The operation has timed out
   at System.Net.HttpWebRequest.GetResponse()
   at VOESystem.Data.Business.BusinessBase.getWebRequestRedirect(String URL) in C:\Data\FirstMortgage\BitBucket\voesystem\VOEFrontend\VOESystem.Data\Business\BusinessBase.cs:line 607 System.Net.WebException: The operation has timed out
   at System.Net.HttpWebRequest.GetResponse()
   at VOESystem.Data.Business.BusinessBase.getWebRequestRedirect(String URL) in C:\Data\FirstMortgage\BitBucket\voesystem\VOEFrontend\VOESystem.Data\Business\BusinessBase.cs:line 607
2026-05-27 13:18:47.7274 INFO Retrying Redirect URL: The operation has timed out 
2026-05-27 13:20:27.7728 ERROR Error making web redirect request: https://url.usb.m.mimecastprotect.com/s/9MOYC2Gp91hVYN37u2sjU5lli5?domain=url4970.truv.com 
2026-05-27 13:20:27.8138 ERROR System.Net.WebException: The operation has timed out
   at System.Net.HttpWebRequest.GetResponse()
   at VOESystem.Data.Business.BusinessBase.getWebRequestRedirect(String URL) in C:\Data\FirstMortgage\BitBucket\voesystem\VOEFrontend\VOESystem.Data\Business\BusinessBase.cs:line 607 System.Net.WebException: The operation has timed out
   at System.Net.HttpWebRequest.GetResponse()
   at VOESystem.Data.Business.BusinessBase.getWebRequestRedirect(String URL) in C:\Data\FirstMortgage\BitBucket\voesystem\VOEFrontend\VOESystem.Data\Business\BusinessBase.cs:line 607
2026-05-27 13:20:27.8528 INFO Retrying Redirect URL: The operation has timed out 
2026-05-27 13:22:07.9031 ERROR Error making web redirect request: https://url.usb.m.mimecastprotect.com/s/9MOYC2Gp91hVYN37u2sjU5lli5?domain=url4970.truv.com 
2026-05-27 13:22:07.9401 ERROR System.Net.WebException: The operation has timed out
   at System.Net.HttpWebRequest.GetResponse()
   at VOESystem.Data.Business.BusinessBase.getWebRequestRedirect(String URL) in C:\Data\FirstMortgage\BitBucket\voesystem\VOEFrontend\VOESystem.Data\Business\BusinessBase.cs:line 607 System.Net.WebException: The operation has timed out
   at System.Net.HttpWebRequest.GetResponse()
   at VOESystem.Data.Business.BusinessBase.getWebRequestRedirect(String URL) in C:\Data\FirstMortgage\BitBucket\voesystem\VOEFrontend\VOESystem.Data\Business\BusinessBase.cs:line 607
2026-05-27 13:22:07.9841 INFO Retrying Redirect URL: The operation has timed out 
2026-05-27 13:22:08.0276 ERROR Error Importing Email: AAkALgAAAAAAHYQDEapmEc2byACqAC-EWg0A-XGp6OdBg0CxQrF5bBnBPAAHIkGHKwAA Austin Wilks, First Home Mortgage would like to verify your income and employment 12:50 PM 
2026-05-27 13:22:08.0597 ERROR System.Exception: Truv Redirect Order URL Not Found
   at VOEBackend.Email.BaseClass.getOrderRequestFromTruvRedirect(IDbConnection dbConn, String emailBody) in T:\Griffin\SVNDev\VOESystem\VOEBackend\VOEBackend.Email\BaseClass.cs:line 298
   at VOEBackend.Email.EmailOps.insertMail(IMailMessage msg) in T:\Griffin\SVNDev\VOESystem\VOEBackend\VOEBackend.Email\EmailOps.cs:line 73 System.Exception: Truv Redirect Order URL Not Found
   at VOEBackend.Email.BaseClass.getOrderRequestFromTruvRedirect(IDbConnection dbConn, String emailBody) in T:\Griffin\SVNDev\VOESystem\VOEBackend\VOEBackend.Email\BaseClass.cs:line 298
   at VOEBackend.Email.EmailOps.insertMail(IMailMessage msg) in T:\Griffin\SVNDev\VOESystem\VOEBackend\VOEBackend.Email\EmailOps.cs:line 73
2026-05-27 13:22:08.1022 INFO Getting message voe@firsthome.com: AAkALgAAAAAAHYQDEapmEc2byACqAC-EWg0A-XGp6OdBg0CxQrF5bBnBPAAHIkGHHQAA 
2026-05-27 13:22:08.2805 INFO Getting message HTML voe@firsthome.com: AAkALgAAAAAAHYQDEapmEc2byACqAC-EWg0A-XGp6OdBg0CxQrF5bBnBPAAHIkGHHQAA 
2026-05-27 13:22:08.3175 INFO Getting message voe@firsthome.com: AAkALgAAAAAAHYQDEapmEc2byACqAC-EWg0A-XGp6OdBg0CxQrF5bBnBPAAHIkGHHQAA 
2026-05-27 13:23:48.5874 ERROR Error making web redirect request: https://url.usb.m.mimecastprotect.com/s/18ojCKAo65cDojpXtAs4U5mB9r?domain=url4970.truv.com 
2026-05-27 13:23:48.6294 ERROR System.Net.WebException: The operation has timed out
   at System.Net.HttpWebRequest.GetResponse()
   at VOESystem.Data.Business.BusinessBase.getWebRequestRedirect(String URL) in C:\Data\FirstMortgage\BitBucket\voesystem\VOEFrontend\VOESystem.Data\Business\BusinessBase.cs:line 607 System.Net.WebException: The operation has timed out
   at System.Net.HttpWebRequest.GetResponse()
   at VOESystem.Data.Business.BusinessBase.getWebRequestRedirect(String URL) in C:\Data\FirstMortgage\BitBucket\voesystem\VOEFrontend\VOESystem.Data\Business\BusinessBase.cs:line 607
2026-05-27 13:23:48.6714 INFO Retrying Redirect URL: The operation has timed out 
2026-05-27 13:25:28.7175 ERROR Error making web redirect request: https://url.usb.m.mimecastprotect.com/s/18ojCKAo65cDojpXtAs4U5mB9r?domain=url4970.truv.com 
2026-05-27 13:25:28.7565 ERROR System.Net.WebException: The operation has timed out
   at System.Net.HttpWebRequest.GetResponse()
   at VOESystem.Data.Business.BusinessBase.getWebRequestRedirect(String URL) in C:\Data\FirstMortgage\BitBucket\voesystem\VOEFrontend\VOESystem.Data\Business\BusinessBase.cs:line 607 System.Net.WebException: The operation has timed out
   at System.Net.HttpWebRequest.GetResponse()
   at VOESystem.Data.Business.BusinessBase.getWebRequestRedirect(String URL) in C:\Data\FirstMortgage\BitBucket\voesystem\VOEFrontend\VOESystem.Data\Business\BusinessBase.cs:line 607
2026-05-27 13:25:28.8076 INFO Retrying Redirect URL: The operation has timed out 
2026-05-27 13:27:08.8579 ERROR Error making web redirect request: https://url.usb.m.mimecastprotect.com/s/18ojCKAo65cDojpXtAs4U5mB9r?domain=url4970.truv.com 
2026-05-27 13:27:08.9514 ERROR System.Net.WebException: The operation has timed out
   at System.Net.HttpWebRequest.GetResponse()
   at VOESystem.Data.Business.BusinessBase.getWebRequestRedirect(String URL) in C:\Data\FirstMortgage\BitBucket\voesystem\VOEFrontend\VOESystem.Data\Business\BusinessBase.cs:line 607 System.Net.WebException: The operation has timed out
   at System.Net.HttpWebRequest.GetResponse()
   at VOESystem.Data.Business.BusinessBase.getWebRequestRedirect(String URL) in C:\Data\FirstMortgage\BitBucket\voesystem\VOEFrontend\VOESystem.Data\Business\BusinessBase.cs:line 607
2026-05-27 13:27:08.9994 INFO Retrying Redirect URL: The operation has timed out 
2026-05-27 13:27:09.0528 ERROR Error Importing Email: AAkALgAAAAAAHYQDEapmEc2byACqAC-EWg0A-XGp6OdBg0CxQrF5bBnBPAAHIkGHHQAA Arik Dashevsky, First Home Mortgage would like to verify your income and employment 12:49 PM 
2026-05-27 13:27:09.0910 ERROR System.Exception: Truv Redirect Order URL Not Found
   at VOEBackend.Email.BaseClass.getOrderRequestFromTruvRedirect(IDbConnection dbConn, String emailBody) in T:\Griffin\SVNDev\VOESystem\VOEBackend\VOEBackend.Email\BaseClass.cs:line 298
   at VOEBackend.Email.EmailOps.insertMail(IMailMessage msg) in T:\Griffin\SVNDev\VOESystem\VOEBackend\VOEBackend.Email\EmailOps.cs:line 73 System.Exception: Truv Redirect Order URL Not Found
   at VOEBackend.Email.BaseClass.getOrderRequestFromTruvRedirect(IDbConnection dbConn, String emailBody) in T:\Griffin\SVNDev\VOESystem\VOEBackend\VOEBackend.Email\BaseClass.cs:line 298
   at VOEBackend.Email.EmailOps.insertMail(IMailMessage msg) in T:\Griffin\SVNDev\VOESystem\VOEBackend\VOEBackend.Email\EmailOps.cs:line 73
2026-05-27 14:27:03.6572 INFO Getting messages for folder voe@firsthome.com: Inbox 
2026-05-27 14:27:06.3223 INFO Getting message voe@firsthome.com: AAkALgAAAAAAHYQDEapmEc2byACqAC-EWg0A-XGp6OdBg0CxQrF5bBnBPAAHIkGROgAA 
2026-05-27 14:27:06.5725 INFO Getting message HTML voe@firsthome.com: AAkALgAAAAAAHYQDEapmEc2byACqAC-EWg0A-XGp6OdBg0CxQrF5bBnBPAAHIkGROgAA 
2026-05-27 14:27:06.6044 INFO Getting message voe@firsthome.com: AAkALgAAAAAAHYQDEapmEc2byACqAC-EWg0A-XGp6OdBg0CxQrF5bBnBPAAHIkGROgAA 
2026-05-27 14:27:08.2646 INFO Skipping Attachment - Possible Signature Image: image001.png(7230K) in AAkALgAAAAAAHYQDEapmEc2byACqAC-EWg0A-XGp6OdBg0CxQrF5bBnBPAAHIkGROgAA 
2026-05-27 14:27:08.2956 INFO Skipping Attachment - Possible Signature Image: image003.png(4742K) in AAkALgAAAAAAHYQDEapmEc2byACqAC-EWg0A-XGp6OdBg0CxQrF5bBnBPAAHIkGROgAA 
2026-05-27 14:27:08.3246 INFO Skipping Attachment - Possible Signature Image: image005.png(6205K) in AAkALgAAAAAAHYQDEapmEc2byACqAC-EWg0A-XGp6OdBg0CxQrF5bBnBPAAHIkGROgAA 
2026-05-27 14:27:08.3522 INFO Skipping Attachment - Possible Signature Image: image006.png(4095K) in AAkALgAAAAAAHYQDEapmEc2byACqAC-EWg0A-XGp6OdBg0CxQrF5bBnBPAAHIkGROgAA 
2026-05-27 14:27:08.5252 INFO Email Logged: RE: Confirmation of New VOE Order for Patrick Glover [1014480640-02] 
2026-05-27 14:27:08.5832 INFO Email Logged to Database: AAkALgAAAAAAHYQDEapmEc2byACqAC-EWg0A-XGp6OdBg0CxQrF5bBnBPAAHIkGROgAA RE: Confirmation of New VOE Order for Patrick Glover [1014480640-02] 2:25 PM 
2026-05-27 14:27:08.6092 INFO Getting message voe@firsthome.com: AAkALgAAAAAAHYQDEapmEc2byACqAC-EWg0A-XGp6OdBg0CxQrF5bBnBPAAHIkGRKwAA 
2026-05-27 14:27:08.7382 INFO Getting message HTML voe@firsthome.com: AAkALgAAAAAAHYQDEapmEc2byACqAC-EWg0A-XGp6OdBg0CxQrF5bBnBPAAHIkGRKwAA 
2026-05-27 14:27:08.7642 INFO Getting message voe@firsthome.com: AAkALgAAAAAAHYQDEapmEc2byACqAC-EWg0A-XGp6OdBg0CxQrF5bBnBPAAHIkGRKwAA 
2026-05-27 14:27:09.1689 INFO Email Logged: RE: Verification of Employment Request Christopher Gardy Leo [7040524077-03] 
2026-05-27 14:27:09.2022 INFO Email Logged to Database: AAkALgAAAAAAHYQDEapmEc2byACqAC-EWg0A-XGp6OdBg0CxQrF5bBnBPAAHIkGRKwAA RE: Verification of Employment Request Christopher Gardy Leo [7040524077-03] 2:19 PM 
2026-05-27 14:27:09.2299 INFO Getting message voe@firsthome.com: AAkALgAAAAAAHYQDEapmEc2byACqAC-EWg0A-XGp6OdBg0CxQrF5bBnBPAAHIkGRKAAA 
2026-05-27 14:27:09.3709 INFO Getting message HTML voe@firsthome.com: AAkALgAAAAAAHYQDEapmEc2byACqAC-EWg0A-XGp6OdBg0CxQrF5bBnBPAAHIkGRKAAA 
2026-05-27 14:27:09.3979 INFO Getting message voe@firsthome.com: AAkALgAAAAAAHYQDEapmEc2byACqAC-EWg0A-XGp6OdBg0CxQrF5bBnBPAAHIkGRKAAA 
2026-05-27 14:27:09.6942 INFO Email Logged: Re: Assistance Needed - Your Verification of Employment [1010525453-01] 
2026-05-27 14:27:09.7282 INFO Email Logged to Database: AAkALgAAAAAAHYQDEapmEc2byACqAC-EWg0A-XGp6OdBg0CxQrF5bBnBPAAHIkGRKAAA Re: Assistance Needed - Your Verification of Employment [1010525453-01] 2:19 PM 
2026-05-27 14:27:09.7563 INFO Getting message voe@firsthome.com: AAkALgAAAAAAHYQDEapmEc2byACqAC-EWg0A-XGp6OdBg0CxQrF5bBnBPAAHIkGRJAAA 
2026-05-27 14:27:09.8989 INFO Getting message HTML voe@firsthome.com: AAkALgAAAAAAHYQDEapmEc2byACqAC-EWg0A-XGp6OdBg0CxQrF5bBnBPAAHIkGRJAAA 
2026-05-27 14:27:09.9274 INFO Getting message voe@firsthome.com: AAkALgAAAAAAHYQDEapmEc2byACqAC-EWg0A-XGp6OdBg0CxQrF5bBnBPAAHIkGRJAAA 
2026-05-27 14:27:10.2495 INFO Email Not Matched: AAkALgAAAAAAHYQDEapmEc2byACqAC-EWg0A-XGp6OdBg0CxQrF5bBnBPAAHIkGRJAAA Data Error for Loan #1024519699 2:18 PM 
2026-05-27 14:27:10.2925 INFO Getting message voe@firsthome.com: AAkALgAAAAAAHYQDEapmEc2byACqAC-EWg0A-XGp6OdBg0CxQrF5bBnBPAAHIkGRHgAA 
2026-05-27 14:27:10.4315 INFO Getting message HTML voe@firsthome.com: AAkALgAAAAAAHYQDEapmEc2byACqAC-EWg0A-XGp6OdBg0CxQrF5bBnBPAAHIkGRHgAA 
2026-05-27 14:27:10.4605 INFO Getting message voe@firsthome.com: AAkALgAAAAAAHYQDEapmEc2byACqAC-EWg0A-XGp6OdBg0CxQrF5bBnBPAAHIkGRHgAA 
2026-05-27 14:27:10.7839 INFO Skipping Attachment - Possible Signature Image: image001.png(7514K) in AAkALgAAAAAAHYQDEapmEc2byACqAC-EWg0A-XGp6OdBg0CxQrF5bBnBPAAHIkGRHgAA 
2026-05-27 14:27:10.8139 INFO Skipping Attachment - Possible Signature Image: image002.png(7514K) in AAkALgAAAAAAHYQDEapmEc2byACqAC-EWg0A-XGp6OdBg0CxQrF5bBnBPAAHIkGRHgAA 
2026-05-27 14:27:10.8389 INFO Skipping Attachment - Possible Signature Image: image003.jpg(1650K) in AAkALgAAAAAAHYQDEapmEc2byACqAC-EWg0A-XGp6OdBg0CxQrF5bBnBPAAHIkGRHgAA 
2026-05-27 14:27:10.8649 INFO Skipping Attachment - Possible Signature Image: image004.jpg(1702K) in AAkALgAAAAAAHYQDEapmEc2byACqAC-EWg0A-XGp6OdBg0CxQrF5bBnBPAAHIkGRHgAA 
2026-05-27 14:27:10.8936 INFO Skipping Attachment - Possible Signature Image: image005.jpg(1546K) in AAkALgAAAAAAHYQDEapmEc2byACqAC-EWg0A-XGp6OdBg0CxQrF5bBnBPAAHIkGRHgAA 
2026-05-27 14:27:10.9206 INFO Skipping Attachment - Possible Signature Image: image006.jpg(1669K) in AAkALgAAAAAAHYQDEapmEc2byACqAC-EWg0A-XGp6OdBg0CxQrF5bBnBPAAHIkGRHgAA 
2026-05-27 14:27:10.9661 INFO Email Logged: RE: VOE 3rd Attempt Alert Timothy Douglas [1004525311-01] 
2026-05-27 14:27:10.9986 INFO Email Logged to Database: AAkALgAAAAAAHYQDEapmEc2byACqAC-EWg0A-XGp6OdBg0CxQrF5bBnBPAAHIkGRHgAA RE: VOE 3rd Attempt Alert Timothy Douglas [1004525311-01] 2:16 PM 
2026-05-27 14:27:11.0251 INFO Getting message voe@firsthome.com: AAkALgAAAAAAHYQDEapmEc2byACqAC-EWg0A-XGp6OdBg0CxQrF5bBnBPAAHIkGRFAAA 
2026-05-27 14:27:11.1837 INFO Getting message HTML voe@firsthome.com: AAkALgAAAAAAHYQDEapmEc2byACqAC-EWg0A-XGp6OdBg0CxQrF5bBnBPAAHIkGRFAAA 
2026-05-27 14:27:11.2107 INFO Getting message voe@firsthome.com: AAkALgAAAAAAHYQDEapmEc2byACqAC-EWg0A-XGp6OdBg0CxQrF5bBnBPAAHIkGRFAAA 
2026-05-27 14:27:22.9400 INFO Email Logged: Robert Ndong, First Home Mortgage would like to verify your income and employment 
2026-05-27 14:27:23.0170 INFO Email Logged to Database: AAkALgAAAAAAHYQDEapmEc2byACqAC-EWg0A-XGp6OdBg0CxQrF5bBnBPAAHIkGRFAAA Robert Ndong, First Home Mortgage would like to verify your income and employment 2:16 PM 
2026-05-27 14:27:23.0580 INFO Getting message voe@firsthome.com: AAkALgAAAAAAHYQDEapmEc2byACqAC-EWg0A-XGp6OdBg0CxQrF5bBnBPAAHIkGRBQAA 
2026-05-27 14:27:23.2365 INFO Getting message HTML voe@firsthome.com: AAkALgAAAAAAHYQDEapmEc2byACqAC-EWg0A-XGp6OdBg0CxQrF5bBnBPAAHIkGRBQAA 
2026-05-27 14:27:23.2665 INFO Getting message voe@firsthome.com: AAkALgAAAAAAHYQDEapmEc2byACqAC-EWg0A-XGp6OdBg0CxQrF5bBnBPAAHIkGRBQAA 
2026-05-27 14:27:23.6051 INFO Email Logged: Re: Final Verification MyBiz Request [1081518749-04] 
2026-05-27 14:27:23.6621 INFO Email Logged to Database: AAkALgAAAAAAHYQDEapmEc2byACqAC-EWg0A-XGp6OdBg0CxQrF5bBnBPAAHIkGRBQAA Re: Final Verification MyBiz Request [1081518749-04] 2:14 PM 
2026-05-27 14:27:23.7041 INFO Getting message voe@firsthome.com: AAkALgAAAAAAHYQDEapmEc2byACqAC-EWg0A-XGp6OdBg0CxQrF5bBnBPAAHIkGQGwAA 
2026-05-27 14:27:23.8789 INFO Getting message HTML voe@firsthome.com: AAkALgAAAAAAHYQDEapmEc2byACqAC-EWg0A-XGp6OdBg0CxQrF5bBnBPAAHIkGQGwAA 
2026-05-27 14:27:23.9711 INFO Getting message voe@firsthome.com: AAkALgAAAAAAHYQDEapmEc2byACqAC-EWg0A-XGp6OdBg0CxQrF5bBnBPAAHIkGQGwAA 
2026-05-27 14:27:24.2982 INFO Email Logged: Read: URGENT CPA UNABLE TO COMPLETE CPA Comfort Letter Request Eduardo R Loja Guaman [7040525665-01] 
2026-05-27 14:27:24.3382 INFO Email Logged to Database: AAkALgAAAAAAHYQDEapmEc2byACqAC-EWg0A-XGp6OdBg0CxQrF5bBnBPAAHIkGQGwAA Read: URGENT CPA UNABLE TO COMPLETE CPA Comfort Letter Request Eduardo R Loja Guaman [7040525665-01] 2:05 PM 
2026-05-27 14:27:24.3732 INFO Getting message voe@firsthome.com: AAkALgAAAAAAHYQDEapmEc2byACqAC-EWg0A-XGp6OdBg0CxQrF5bBnBPAAHIkGQFwAA 
2026-05-27 14:27:24.5552 INFO Getting message HTML voe@firsthome.com: AAkALgAAAAAAHYQDEapmEc2byACqAC-EWg0A-XGp6OdBg0CxQrF5bBnBPAAHIkGQFwAA 
2026-05-27 14:27:24.5880 INFO Getting message voe@firsthome.com: AAkALgAAAAAAHYQDEapmEc2byACqAC-EWg0A-XGp6OdBg0CxQrF5bBnBPAAHIkGQFwAA 
2026-05-27 14:27:25.2283 ERROR Error Uploading File 7040522828;C:\Temp\VOERepository\Documents\Upload\20260527142725216_7040522828_benoit stub.pdf;benoit stub.pdf 
2026-05-27 14:27:25.2553 ERROR System.IO.DirectoryNotFoundException: Could not find a part of the path 'C:\Temp\VOERepository\Documents\Upload\20260527142725216_7040522828_benoit stub.pdf'.
   at System.IO.__Error.WinIOError(Int32 errorCode, String maybeFullPath)
   at System.IO.FileStream.Init(String path, FileMode mode, FileAccess access, Int32 rights, Boolean useRights, FileShare share, Int32 bufferSize, FileOptions options, SECURITY_ATTRIBUTES secAttrs, String msgPath, Boolean bFromProxy, Boolean useLongPath, Boolean checkHost)
   at System.IO.FileStream..ctor(String path, FileMode mode, FileAccess access, FileShare share, Int32 bufferSize, FileOptions options, String msgPath, Boolean bFromProxy, Boolean useLongPath, Boolean checkHost)
   at System.IO.StreamWriter.CreateFile(String path, Boolean append, Boolean checkHost)
   at System.IO.StreamWriter..ctor(String path, Boolean append, Encoding encoding, Int32 bufferSize, Boolean checkHost)
   at System.IO.StreamWriter..ctor(String path, Boolean append)
   at ServiceStack.ServiceHost.FileExtensions.SaveTo(IFile file, String filePath)
   at VOESystem.Data.Business.DocumentOps.uploadFile(IDbConnection dbConn, IFile file, String userName, Nullable`1 OrderRequestId, Nullable`1 EmployerId, DocumentType doctype, Boolean UploadToEncompass, String LoanNumber, String filePathName, Nullable`1 DocumentContentTypeId, String baseUrl) in C:\Data\FirstMortgage\BitBucket\voesystem\VOEFrontend\VOESystem.Data\Business\DocumentOps.cs:line 265 System.IO.DirectoryNotFoundException: Could not find a part of the path 'C:\Temp\VOERepository\Documents\Upload\20260527142725216_7040522828_benoit stub.pdf'.
   at System.IO.__Error.WinIOError(Int32 errorCode, String maybeFullPath)
   at System.IO.FileStream.Init(String path, FileMode mode, FileAccess access, Int32 rights, Boolean useRights, FileShare share, Int32 bufferSize, FileOptions options, SECURITY_ATTRIBUTES secAttrs, String msgPath, Boolean bFromProxy, Boolean useLongPath, Boolean checkHost)
   at System.IO.FileStream..ctor(String path, FileMode mode, FileAccess access, FileShare share, Int32 bufferSize, FileOptions options, String msgPath, Boolean bFromProxy, Boolean useLongPath, Boolean checkHost)
   at System.IO.StreamWriter.CreateFile(String path, Boolean append, Boolean checkHost)
   at System.IO.StreamWriter..ctor(String path, Boolean append, Encoding encoding, Int32 bufferSize, Boolean checkHost)
   at System.IO.StreamWriter..ctor(String path, Boolean append)
   at ServiceStack.ServiceHost.FileExtensions.SaveTo(IFile file, String filePath)
   at VOESystem.Data.Business.DocumentOps.uploadFile(IDbConnection dbConn, IFile file, String userName, Nullable`1 OrderRequestId, Nullable`1 EmployerId, DocumentType doctype, Boolean UploadToEncompass, String LoanNumber, String filePathName, Nullable`1 DocumentContentTypeId, String baseUrl) in C:\Data\FirstMortgage\BitBucket\voesystem\VOEFrontend\VOESystem.Data\Business\DocumentOps.cs:line 265
2026-05-27 14:27:25.3614 ERROR Error Uploading Attachment to VOE System: C:\Temp\MailAttachments\AAkALgAAAAAAHYQDEapmEc2byACqACEWg0AXGp6OdBg0CxQrF5bBnBPAAHIkGQFwAAbenoit stubpdf 
2026-05-27 14:27:25.3943 ERROR System.Exception: Exception of type 'System.Exception' was thrown. System.Exception: Exception of type 'System.Exception' was thrown.
2026-05-27 14:27:25.4218 INFO Skipping Attachment - Possible Signature Image: image001.png(8591K) in AAkALgAAAAAAHYQDEapmEc2byACqAC-EWg0A-XGp6OdBg0CxQrF5bBnBPAAHIkGQFwAA 
2026-05-27 14:27:25.4674 INFO Email Logged: RE: Mindy Benoit-Prosper Health Services LLC [7040522828-03] 
2026-05-27 14:27:25.5063 INFO Email Logged to Database: AAkALgAAAAAAHYQDEapmEc2byACqAC-EWg0A-XGp6OdBg0CxQrF5bBnBPAAHIkGQFwAA RE: Mindy Benoit-Prosper Health Services LLC [7040522828-03] 2:04 PM 
2026-05-27 14:27:25.5351 INFO Getting message voe@firsthome.com: AAkALgAAAAAAHYQDEapmEc2byACqAC-EWg0A-XGp6OdBg0CxQrF5bBnBPAAHIkGQAwAA 
2026-05-27 14:27:25.6781 INFO Getting message HTML voe@firsthome.com: AAkALgAAAAAAHYQDEapmEc2byACqAC-EWg0A-XGp6OdBg0CxQrF5bBnBPAAHIkGQAwAA 
2026-05-27 14:27:25.7231 INFO Getting message voe@firsthome.com: AAkALgAAAAAAHYQDEapmEc2byACqAC-EWg0A-XGp6OdBg0CxQrF5bBnBPAAHIkGQAwAA 
2026-05-27 14:27:26.0647 INFO Email Logged: RE: Verification of Employment Request Jenna Guzman [1081523856-03] 
2026-05-27 14:27:26.1003 INFO Email Logged to Database: AAkALgAAAAAAHYQDEapmEc2byACqAC-EWg0A-XGp6OdBg0CxQrF5bBnBPAAHIkGQAwAA RE: Verification of Employment Request Jenna Guzman [1081523856-03] 2:02 PM 
2026-05-27 14:27:26.1283 INFO Getting message voe@firsthome.com: AAkALgAAAAAAHYQDEapmEc2byACqAC-EWg0A-XGp6OdBg0CxQrF5bBnBPAAHIkGP-AAA 
2026-05-27 14:27:26.2884 INFO Getting message HTML voe@firsthome.com: AAkALgAAAAAAHYQDEapmEc2byACqAC-EWg0A-XGp6OdBg0CxQrF5bBnBPAAHIkGP-AAA 
2026-05-27 14:27:26.3174 INFO Getting message voe@firsthome.com: AAkALgAAAAAAHYQDEapmEc2byACqAC-EWg0A-XGp6OdBg0CxQrF5bBnBPAAHIkGP-AAA 
2026-05-27 14:27:26.6374 INFO Email Logged: Re: Assistance Requested - Truv Reverification [1008503422-06] 
2026-05-27 14:27:26.6744 INFO Email Logged to Database: AAkALgAAAAAAHYQDEapmEc2byACqAC-EWg0A-XGp6OdBg0CxQrF5bBnBPAAHIkGP-AAA Re: Assistance Requested - Truv Reverification [1008503422-06] 2:00 PM 
2026-05-27 14:27:26.7054 INFO Getting message voe@firsthome.com: AAkALgAAAAAAHYQDEapmEc2byACqAC-EWg0A-XGp6OdBg0CxQrF5bBnBPAAHIkGP9QAA 
2026-05-27 14:27:26.8709 INFO Getting message HTML voe@firsthome.com: AAkALgAAAAAAHYQDEapmEc2byACqAC-EWg0A-XGp6OdBg0CxQrF5bBnBPAAHIkGP9QAA 
2026-05-27 14:27:26.9039 INFO Getting message voe@firsthome.com: AAkALgAAAAAAHYQDEapmEc2byACqAC-EWg0A-XGp6OdBg0CxQrF5bBnBPAAHIkGP9QAA 
2026-05-27 14:27:27.2123 INFO Email Logged: Re: Verification of Employment - Oron G Gan [1081514697-02] 
2026-05-27 14:27:27.7898 TRACE {"__type":"FHMC.Graph.Email+MailMessage, FHMC.Graph","Subject":"REPLY ERROR - 1081514697-02 Re: Verification of Employment - Oron G Gan [1081514697-02]","ReceivedDateTime":"\/Date(-62135596800000-0000)\/","Attachments":[],"Body":"This order has been APPROVED and new emails are no longer monitored for this VOE.  \n\nCurrent Employment Status: Current-Active\n\nPlease contact VOE@firsthome with the order number -found in the subject line of this email - in order to address your inquiry/concerns.\r\n\r\nSincerely,\r\nFirst Home Mortgage Verification Team\r\n6211 Greenleigh Avenue, Suite 300, Baltimore MD 21220  \r\n\r\n(For questions or concerns on the status of your VOE please check the VOE pipeline at http://aze-app-1v/voesystem/pipeline)\r\n\r\n\r\n\r\nCONFIDENTIALITY NOTICE\r\nThe information contained in this electronic message is confidential information intended for the use of the individual or entity named above. If the reader of this message is not the intended recipient, or an employee or agent responsible for delivering this electronic message to the intended recipient, you are hereby notified that any dissemination, or copying of this communication is strictly prohibited. If this message contains non-public personal information about any consumer or customer of the sender or intended recipient, you are further prohibited under penalty of law from using or disclosing the information to any third party by provisions of the federal Gramm-Leach-Bliley Act. If you have received this electronic message in error, please immediately notify us by return email destroy the original message to assure that it is not read, copied, or distributed by others.\r\n\r\n\n\n\n\r\n\r\nSincerely,\r\nFirst Home Mortgage Verification Team\r\n6211 Greenleigh Avenue, Suite 300, Baltimore MD 21220  \r\n\r\n(For questions or concerns on the status of your VOE please check the VOE pipeline at http://aze-app-1v/voesystem/pipeline)\n\n---------Original Message----------------------\nFrom: oron.gan@gmail.com\nSent: Wed, May 27, 2026 01:56 PM\nTo: VOE@firsthome.com, AJaffe@firsthome.com, ICorrales@firsthome.com, tarec@firsthome.com\nCc: \nSubject: Re: Verification of Employment - Oron G Gan [1081514697-02]\n\n*** This message originated outside the organization ***\r\n\r\nI just sent it.\r\nSent from my iPhone\r\n\r\n> On May 27, 2026, at 12:11, First Home VOE <VOE@firsthome.com> wrote:\r\n>\r\n> ?Good Afternoon,\r\n> As a Verification Specialist at First Home Mortgage Corporation, I am working with your Loan Officer, Alexander M Jaffe, to obtain your current employment information.\r\n>\r\n> DC Government has moved to a self-service system for employees to obtain a verification of employment. Please see the information below and/or the link on how to obtain the VOE.\r\n>\r\n> You can use the following email voe@firsthome.com to have the verification sent.\r\n>\r\n> Your loan will require a Verbal verification\r\n>\r\n> Employees can print their very own Employment Verification Letters through the District of Columbia’s Human Resources Information System, PeopleSoft.\r\n>\r\n> Employees should follow the below navigation path:\r\n> 1. Login to PeopleSoft at www.ess.dc.gov ;\r\n> 2. Select Navigator;\r\n> 3. Select Self-Service;\r\n> 4. Select Personal Information;\r\n> 5. Select DC Employee Verification; and\r\n> 6. Select Print Verification Letter\r\n>\r\n>\r\n> https://dchr.dc.gov/page/employees-faq<https://url.usb.m.mimecastprotect.com/s/NuWzCP6wY5H0w63vi0hgUxlCPA?domain=dchr.dc.gov>\r\n>\r\n> Should you have additional questions, please direct them to your Human Resources Service Team : verifications.dchr@dc.gov\r\n>\r\n> Feel free to call me if you have any questions.\r\n>\r\n> Sincerely,\r\n>\r\n> Michaela O'May\r\n> First Home Mortgage Verification Team\r\n> voe@firsthome.com\r\n> Phone: 410-933-1801\r\n> Fax: 443-725-0566\r\n> 6211 Greenleigh Avenue, Suite 300, Baltimore MD 21220\r\n>\r\n>\r\n>\r\n>\r\n>\r\n> CONFIDENTIALITY NOTICE\r\n> The information contained in this electronic message is confidential information intended for the use of the individual or entity named above. If the reader of this message is not the intended recipient, or an employee or agent responsible for delivering this electronic message to the intended recipient, you are hereby notified that any dissemination, or copying of this communication is strictly prohibited. If this message contains non-public personal information about any consumer or customer of the sender or intended recipient, you are further prohibited under penalty of law from using or disclosing the information to any third party by provisions of the federal Gramm-Leach-Bliley Act. If you have received this electronic message in error, please immediately notify us by return email destroy the original message to assure that it is not read, copied, or distributed by others.\r\n","IsBodyHTML":false,"CustomSendHeaders":{"X-Message-ID":"<11cc245f-e738-41c6-a50b-4cf2072abae6@HQExc4V.firsthomemtg.com>"},"IsReadReceiptRequested":false,"ToRecipients":[{"__type":"FHMC.Graph.Email+MailRecipient, FHMC.Graph","EmailAddress":"AJaffe@firsthome.com"},{"__type":"FHMC.Graph.Email+MailRecipient, FHMC.Graph","EmailAddress":"ICorrales@firsthome.com"},{"__type":"FHMC.Graph.Email+MailRecipient, FHMC.Graph","EmailAddress":"tarec@firsthome.com"}],"CcRecipients":[],"BccRecipients":[],"ReplyToList":[]} 
2026-05-27 14:27:28.2975 TRACE {"Id":null,"Subject":"REPLY ERROR - 1081514697-02 Re: Verification of Employment - Oron G Gan [1081514697-02]","ReceivedDateTime":"0001-01-01T00:00:00","Attachments":[],"Body":"This order has been APPROVED and new emails are no longer monitored for this VOE.  \n\nCurrent Employment Status: Current-Active\n\nPlease contact VOE@firsthome with the order number -found in the subject line of this email - in order to address your inquiry/concerns.\r\n\r\nSincerely,\r\nFirst Home Mortgage Verification Team\r\n6211 Greenleigh Avenue, Suite 300, Baltimore MD 21220  \r\n\r\n(For questions or concerns on the status of your VOE please check the VOE pipeline at http://aze-app-1v/voesystem/pipeline)\r\n\r\n\r\n\r\nCONFIDENTIALITY NOTICE\r\nThe information contained in this electronic message is confidential information intended for the use of the individual or entity named above. If the reader of this message is not the intended recipient, or an employee or agent responsible for delivering this electronic message to the intended recipient, you are hereby notified that any dissemination, or copying of this communication is strictly prohibited. If this message contains non-public personal information about any consumer or customer of the sender or intended recipient, you are further prohibited under penalty of law from using or disclosing the information to any third party by provisions of the federal Gramm-Leach-Bliley Act. If you have received this electronic message in error, please immediately notify us by return email destroy the original message to assure that it is not read, copied, or distributed by others.\r\n\r\n\n\n\n\r\n\r\nSincerely,\r\nFirst Home Mortgage Verification Team\r\n6211 Greenleigh Avenue, Suite 300, Baltimore MD 21220  \r\n\r\n(For questions or concerns on the status of your VOE please check the VOE pipeline at http://aze-app-1v/voesystem/pipeline)\n\n---------Original Message----------------------\nFrom: oron.gan@gmail.com\nSent: Wed, May 27, 2026 01:56 PM\nTo: VOE@firsthome.com, AJaffe@firsthome.com, ICorrales@firsthome.com, tarec@firsthome.com\nCc: \nSubject: Re: Verification of Employment - Oron G Gan [1081514697-02]\n\n*** This message originated outside the organization ***\r\n\r\nI just sent it.\r\nSent from my iPhone\r\n\r\n> On May 27, 2026, at 12:11, First Home VOE <VOE@firsthome.com> wrote:\r\n>\r\n> ?Good Afternoon,\r\n> As a Verification Specialist at First Home Mortgage Corporation, I am working with your Loan Officer, Alexander M Jaffe, to obtain your current employment information.\r\n>\r\n> DC Government has moved to a self-service system for employees to obtain a verification of employment. Please see the information below and/or the link on how to obtain the VOE.\r\n>\r\n> You can use the following email voe@firsthome.com to have the verification sent.\r\n>\r\n> Your loan will require a Verbal verification\r\n>\r\n> Employees can print their very own Employment Verification Letters through the District of Columbia’s Human Resources Information System, PeopleSoft.\r\n>\r\n> Employees should follow the below navigation path:\r\n> 1. Login to PeopleSoft at www.ess.dc.gov ;\r\n> 2. Select Navigator;\r\n> 3. Select Self-Service;\r\n> 4. Select Personal Information;\r\n> 5. Select DC Employee Verification; and\r\n> 6. Select Print Verification Letter\r\n>\r\n>\r\n> https://dchr.dc.gov/page/employees-faq<https://url.usb.m.mimecastprotect.com/s/NuWzCP6wY5H0w63vi0hgUxlCPA?domain=dchr.dc.gov>\r\n>\r\n> Should you have additional questions, please direct them to your Human Resources Service Team : verifications.dchr@dc.gov\r\n>\r\n> Feel free to call me if you have any questions.\r\n>\r\n> Sincerely,\r\n>\r\n> Michaela O'May\r\n> First Home Mortgage Verification Team\r\n> voe@firsthome.com\r\n> Phone: 410-933-1801\r\n> Fax: 443-725-0566\r\n> 6211 Greenleigh Avenue, Suite 300, Baltimore MD 21220\r\n>\r\n>\r\n>\r\n>\r\n>\r\n> CONFIDENTIALITY NOTICE\r\n> The information contained in this electronic message is confidential information intended for the use of the individual or entity named above. If the reader of this message is not the intended recipient, or an employee or agent responsible for delivering this electronic message to the intended recipient, you are hereby notified that any dissemination, or copying of this communication is strictly prohibited. If this message contains non-public personal information about any consumer or customer of the sender or intended recipient, you are further prohibited under penalty of law from using or disclosing the information to any third party by provisions of the federal Gramm-Leach-Bliley Act. If you have received this electronic message in error, please immediately notify us by return email destroy the original message to assure that it is not read, copied, or distributed by others.\r\n","IsBodyHTML":false,"BodyHTML":null,"SenderEmailAddress":null,"SenderEmailName":null,"RawReceiptHeaders":null,"CustomSendHeaders":{"X-Message-ID":"<11cc245f-e738-41c6-a50b-4cf2072abae6@HQExc4V.firsthomemtg.com>"},"IsReadReceiptRequested":false,"Importance":null,"ToRecipients":[{"EmailAddress":"AJaffe@firsthome.com"},{"EmailAddress":"ICorrales@firsthome.com"},{"EmailAddress":"tarec@firsthome.com"}],"CcRecipients":[],"BccRecipients":[],"ReplyToList":[]} 
2026-05-27 14:27:28.4265 INFO Sending MIME message for voe@firsthome.com: REPLY ERROR - 1081514697-02 Re: Verification of Employment - Oron G Gan [1081514697-02] 
2026-05-27 14:27:28.8621 TRACE From: "voe@firsthome.com" <voe@firsthome.com>
Date: Wed, 27 May 2026 14:27:28 -0400
Subject: REPLY ERROR - 1081514697-02 Re: Verification of Employment - Oron G
 Gan [1081514697-02]
Message-Id: <WWADHESJDTU4.N7KK9301EI4K1@aze-dev-1v>
To: "AJaffe@firsthome.com" <AJaffe@firsthome.com>, "ICorrales@firsthome.com"
	<ICorrales@firsthome.com>, "tarec@firsthome.com" <tarec@firsthome.com>
X-Message-ID: <11cc245f-e738-41c6-a50b-4cf2072abae6@HQExc4V.firsthomemtg.com>
MIME-Version: 1.0
Content-Type: multipart/alternative; boundary="=-MKGUyZD518PsB2LaXse8iw=="

--=-MKGUyZD518PsB2LaXse8iw==
Content-Type: text/plain; charset=utf-8

This order has been APPROVED and new emails are no longer monitored for this VOE.  

Current Employment Status: Current-Active

Please contact VOE@firsthome with the order number -found in the subject line of this email - in order to address your inquiry/concerns.

Sincerely,
First Home Mortgage Verification Team
6211 Greenleigh Avenue, Suite 300, Baltimore MD 21220  

(For questions or concerns on the status of your VOE please check the VOE pipeline at http://aze-app-1v/voesystem/pipeline)



CONFIDENTIALITY NOTICE
The information contained in this electronic message is confidential information intended for the use of the individual or entity named above. If the reader of this message is not the intended recipient, or an employee or agent responsible for delivering this electronic message to the intended recipient, you are hereby notified that any dissemination, or copying of this communication is strictly prohibited. If this message contains non-public personal information about any consumer or customer of the sender or intended recipient, you are further prohibited under penalty of law from using or disclosing the information to any third party by provisions of the federal Gramm-Leach-Bliley Act. If you have received this electronic message in error, please immediately notify us by return email destroy the original message to assure that it is not read, copied, or distributed by others.






Sincerely,
First Home Mortgage Verification Team
6211 Greenleigh Avenue, Suite 300, Baltimore MD 21220  

(For questions or concerns on the status of your VOE please check the VOE pipeline at http://aze-app-1v/voesystem/pipeline)

---------Original Message----------------------
From: oron.gan@gmail.com
Sent: Wed, May 27, 2026 01:56 PM
To: VOE@firsthome.com, AJaffe@firsthome.com, ICorrales@firsthome.com, tarec@firsthome.com
Cc: 
Subject: Re: Verification of Employment - Oron G Gan [1081514697-02]

*** This message originated outside the organization ***

I just sent it.
Sent from my iPhone

> On May 27, 2026, at 12:11, First Home VOE <VOE@firsthome.com> wrote:
>
> ?Good Afternoon,
> As a Verification Specialist at First Home Mortgage Corporation, I am working with your Loan Officer, Alexander M Jaffe, to obtain your current employment information.
>
> DC Government has moved to a self-service system for employees to obtain a verification of employment. Please see the information below and/or the link on how to obtain the VOE.
>
> You can use the following email voe@firsthome.com to have the verification sent.
>
> Your loan will require a Verbal verification
>
> Employees can print their very own Employment Verification Letters through the District of Columbiaâ??s Human Resources Information System, PeopleSoft.
>
> Employees should follow the below navigation path:
> 1. Login to PeopleSoft at www.ess.dc.gov ;
> 2. Select Navigator;
> 3. Select Self-Service;
> 4. Select Personal Information;
> 5. Select DC Employee Verification; and
> 6. Select Print Verification Letter
>
>
> https://dchr.dc.gov/page/employees-faq<https://url.usb.m.mimecastprotect.com/s/NuWzCP6wY5H0w63vi0hgUxlCPA?domain=dchr.dc.gov>
>
> Should you have additional questions, please direct them to your Human Resources Service Team : verifications.dchr@dc.gov
>
> Feel free to call me if you have any questions.
>
> Sincerely,
>
> Michaela O'May
> First Home Mortgage Verification Team
> voe@firsthome.com
> Phone: 410-933-1801
> Fax: 443-725-0566
> 6211 Greenleigh Avenue, Suite 300, Baltimore MD 21220
>
>
>
>
>
> CONFIDENTIALITY NOTICE
> The information contained in this electronic message is confidential information intended for the use of the individual or entity named above. If the reader of this message is not the intended recipient, or an employee or agent responsible for delivering this electronic message to the intended recipient, you are hereby notified that any dissemination, or copying of this communication is strictly prohibited. If this message contains non-public personal information about any consumer or customer of the sender or intended recipient, you are further prohibited under penalty of law from using or disclosing the information to any third party by provisions of the federal Gramm-Leach-Bliley Act. If you have received this electronic message in error, please immediately notify us by return email destroy the original message to assure that it is not read, copied, or distributed by others.

--=-MKGUyZD518PsB2LaXse8iw==--
 
2026-05-27 14:27:29.1403 INFO Email Sent - Subject: REPLY ERROR - 1081514697-02 Re: Verification of Employment - Oron G Gan [1081514697-02] 
2026-05-27 14:27:29.1853 INFO Email Notification Sent: REPLY ERROR - 1081514697-02 Re: Verification of Employment - Oron G Gan [1081514697-02] 
2026-05-27 14:27:29.2243 INFO This order has been APPROVED and new emails are no longer monitored for this VOE.  

Current Employment Status: Current-Active

Please contact VOE@firsthome with the order number -found in the subject line of this email - in order to address your inquiry/concerns.

Sincerely,
First Home Mortgage Verification Team
6211 Greenleigh Avenue, Suite 300, Baltimore MD 21220  

(For questions or concerns on the status of your VOE please check the VOE pipeline at http://aze-app-1v/voesystem/pipeline)



CONFIDENTIALITY NOTICE
The information contained in this electronic message is confidential information intended for the use of the individual or entity named above. If the reader of this message is not the intended recipient, or an employee or agent responsible for delivering this electronic message to the intended recipient, you are hereby notified that any dissemination, or copying of this communication is strictly prohibited. If this message contains non-public personal information about any consumer or customer of the sender or intended recipient, you are further prohibited under penalty of law from using or disclosing the information to any third party by provisions of the federal Gramm-Leach-Bliley Act. If you have received this electronic message in error, please immediately notify us by return email destroy the original message to assure that it is not read, copied, or distributed by others.






Sincerely,
First Home Mortgage Verification Team
6211 Greenleigh Avenue, Suite 300, Baltimore MD 21220  

(For questions or concerns on the status of your VOE please check the VOE pipeline at http://aze-app-1v/voesystem/pipeline)

---------Original Message----------------------
From: oron.gan@gmail.com
Sent: Wed, May 27, 2026 01:56 PM
To: VOE@firsthome.com, AJaffe@firsthome.com, ICorrales@firsthome.com, tarec@firsthome.com
Cc: 
Subject: Re: Verification of Employment - Oron G Gan [1081514697-02]

*** This message originated outside the organization ***

I just sent it.
Sent from my iPhone

> On May 27, 2026, at 12:11, First Home VOE <VOE@firsthome.com> wrote:
>
> ?Good Afternoon,
> As a Verification Specialist at First Home Mortgage Corporation, I am working with your Loan Officer, Alexander M Jaffe, to obtain your current employment information.
>
> DC Government has moved to a self-service system for employees to obtain a verification of employment. Please see the information below and/or the link on how to obtain the VOE.
>
> You can use the following email voe@firsthome.com to have the verification sent.
>
> Your loan will require a Verbal verification
>
> Employees can print their very own Employment Verification Letters through the District of Columbia’s Human Resources Information System, PeopleSoft.
>
> Employees should follow the below navigation path:
> 1. Login to PeopleSoft at www.ess.dc.gov ;
> 2. Select Navigator;
> 3. Select Self-Service;
> 4. Select Personal Information;
> 5. Select DC Employee Verification; and
> 6. Select Print Verification Letter
>
>
> https://dchr.dc.gov/page/employees-faq<https://url.usb.m.mimecastprotect.com/s/NuWzCP6wY5H0w63vi0hgUxlCPA?domain=dchr.dc.gov>
>
> Should you have additional questions, please direct them to your Human Resources Service Team : verifications.dchr@dc.gov
>
> Feel free to call me if you have any questions.
>
> Sincerely,
>
> Michaela O'May
> First Home Mortgage Verification Team
> voe@firsthome.com
> Phone: 410-933-1801
> Fax: 443-725-0566
> 6211 Greenleigh Avenue, Suite 300, Baltimore MD 21220
>
>
>
>
>
> CONFIDENTIALITY NOTICE
> The information contained in this electronic message is confidential information intended for the use of the individual or entity named above. If the reader of this message is not the intended recipient, or an employee or agent responsible for delivering this electronic message to the intended recipient, you are hereby notified that any dissemination, or copying of this communication is strictly prohibited. If this message contains non-public personal information about any consumer or customer of the sender or intended recipient, you are further prohibited under penalty of law from using or disclosing the information to any third party by provisions of the federal Gramm-Leach-Bliley Act. If you have received this electronic message in error, please immediately notify us by return email destroy the original message to assure that it is not read, copied, or distributed by others.
 
2026-05-27 14:27:29.2828 INFO Email Logged: REPLY ERROR - 1081514697-02 Re: Verification of Employment - Oron G Gan [1081514697-02] 
2026-05-27 14:27:29.3694 INFO Email Logged to Database: AAkALgAAAAAAHYQDEapmEc2byACqAC-EWg0A-XGp6OdBg0CxQrF5bBnBPAAHIkGP9QAA Re: Verification of Employment - Oron G Gan [1081514697-02] 1:56 PM 
2026-05-27 14:27:29.4484 INFO Getting message voe@firsthome.com: AAkALgAAAAAAHYQDEapmEc2byACqAC-EWg0A-XGp6OdBg0CxQrF5bBnBPAAHIkGP7QAA 
2026-05-27 14:27:29.6244 INFO Getting message HTML voe@firsthome.com: AAkALgAAAAAAHYQDEapmEc2byACqAC-EWg0A-XGp6OdBg0CxQrF5bBnBPAAHIkGP7QAA 
2026-05-27 14:27:29.6588 INFO Getting message voe@firsthome.com: AAkALgAAAAAAHYQDEapmEc2byACqAC-EWg0A-XGp6OdBg0CxQrF5bBnBPAAHIkGP7QAA 
2026-05-27 14:27:29.9876 INFO Email Not Matched: AAkALgAAAAAAHYQDEapmEc2byACqAC-EWg0A-XGp6OdBg0CxQrF5bBnBPAAHIkGP7QAA Employment Verification 1:56 PM 
2026-05-27 14:27:30.0256 INFO Getting message voe@firsthome.com: AAkALgAAAAAAHYQDEapmEc2byACqAC-EWg0A-XGp6OdBg0CxQrF5bBnBPAAHIkGP6gAA 
2026-05-27 14:27:30.1623 INFO Getting message HTML voe@firsthome.com: AAkALgAAAAAAHYQDEapmEc2byACqAC-EWg0A-XGp6OdBg0CxQrF5bBnBPAAHIkGP6gAA 
2026-05-27 14:27:30.1913 INFO Getting message voe@firsthome.com: AAkALgAAAAAAHYQDEapmEc2byACqAC-EWg0A-XGp6OdBg0CxQrF5bBnBPAAHIkGP6gAA 
2026-05-27 14:27:30.5013 INFO Skipping Attachment - Possible Signature Image: image001.png(3040K) in AAkALgAAAAAAHYQDEapmEc2byACqAC-EWg0A-XGp6OdBg0CxQrF5bBnBPAAHIkGP6gAA 
2026-05-27 14:27:30.6773 ERROR Error Uploading File 1083524230;C:\Temp\VOERepository\Documents\Upload\20260527142730677_1083524230_VOE - POWELL ADRIAN J signed.pdf;VOE - POWELL, ADRIAN J signed.pdf 
2026-05-27 14:27:30.7243 ERROR System.IO.DirectoryNotFoundException: Could not find a part of the path 'C:\Temp\VOERepository\Documents\Upload\20260527142730677_1083524230_VOE - POWELL ADRIAN J signed.pdf'.
   at System.IO.__Error.WinIOError(Int32 errorCode, String maybeFullPath)
   at System.IO.FileStream.Init(String path, FileMode mode, FileAccess access, Int32 rights, Boolean useRights, FileShare share, Int32 bufferSize, FileOptions options, SECURITY_ATTRIBUTES secAttrs, String msgPath, Boolean bFromProxy, Boolean useLongPath, Boolean checkHost)
   at System.IO.FileStream..ctor(String path, FileMode mode, FileAccess access, FileShare share, Int32 bufferSize, FileOptions options, String msgPath, Boolean bFromProxy, Boolean useLongPath, Boolean checkHost)
   at System.IO.StreamWriter.CreateFile(String path, Boolean append, Boolean checkHost)
   at System.IO.StreamWriter..ctor(String path, Boolean append, Encoding encoding, Int32 bufferSize, Boolean checkHost)
   at System.IO.StreamWriter..ctor(String path, Boolean append)
   at ServiceStack.ServiceHost.FileExtensions.SaveTo(IFile file, String filePath)
   at VOESystem.Data.Business.DocumentOps.uploadFile(IDbConnection dbConn, IFile file, String userName, Nullable`1 OrderRequestId, Nullable`1 EmployerId, DocumentType doctype, Boolean UploadToEncompass, String LoanNumber, String filePathName, Nullable`1 DocumentContentTypeId, String baseUrl) in C:\Data\FirstMortgage\BitBucket\voesystem\VOEFrontend\VOESystem.Data\Business\DocumentOps.cs:line 265 System.IO.DirectoryNotFoundException: Could not find a part of the path 'C:\Temp\VOERepository\Documents\Upload\20260527142730677_1083524230_VOE - POWELL ADRIAN J signed.pdf'.
   at System.IO.__Error.WinIOError(Int32 errorCode, String maybeFullPath)
   at System.IO.FileStream.Init(String path, FileMode mode, FileAccess access, Int32 rights, Boolean useRights, FileShare share, Int32 bufferSize, FileOptions options, SECURITY_ATTRIBUTES secAttrs, String msgPath, Boolean bFromProxy, Boolean useLongPath, Boolean checkHost)
   at System.IO.FileStream..ctor(String path, FileMode mode, FileAccess access, FileShare share, Int32 bufferSize, FileOptions options, String msgPath, Boolean bFromProxy, Boolean useLongPath, Boolean checkHost)
   at System.IO.StreamWriter.CreateFile(String path, Boolean append, Boolean checkHost)
   at System.IO.StreamWriter..ctor(String path, Boolean append, Encoding encoding, Int32 bufferSize, Boolean checkHost)
   at System.IO.StreamWriter..ctor(String path, Boolean append)
   at ServiceStack.ServiceHost.FileExtensions.SaveTo(IFile file, String filePath)
   at VOESystem.Data.Business.DocumentOps.uploadFile(IDbConnection dbConn, IFile file, String userName, Nullable`1 OrderRequestId, Nullable`1 EmployerId, DocumentType doctype, Boolean UploadToEncompass, String LoanNumber, String filePathName, Nullable`1 DocumentContentTypeId, String baseUrl) in C:\Data\FirstMortgage\BitBucket\voesystem\VOEFrontend\VOESystem.Data\Business\DocumentOps.cs:line 265
2026-05-27 14:27:30.7673 ERROR Error Uploading Attachment to VOE System: C:\Temp\MailAttachments\AAkALgAAAAAAHYQDEapmEc2byACqACEWg0AXGp6OdBg0CxQrF5bBnBPAAHIkGP6gAAVOE  POWELL ADRIAN J signedpdf 
2026-05-27 14:27:30.8068 ERROR System.Exception: Exception of type 'System.Exception' was thrown. System.Exception: Exception of type 'System.Exception' was thrown.
2026-05-27 14:27:30.8638 INFO Email Logged: RE: Adrian Justin Powell- Verification of Employment [1083524230-01] 
2026-05-27 14:27:30.9048 INFO Email Logged to Database: AAkALgAAAAAAHYQDEapmEc2byACqAC-EWg0A-XGp6OdBg0CxQrF5bBnBPAAHIkGP6gAA RE: Adrian Justin Powell- Verification of Employment [1083524230-01] 1:56 PM 
2026-05-27 14:27:30.9398 INFO Getting message voe@firsthome.com: AAkALgAAAAAAHYQDEapmEc2byACqAC-EWg0A-XGp6OdBg0CxQrF5bBnBPAAHIkGP5QAA 
2026-05-27 14:27:31.0678 INFO Getting message HTML voe@firsthome.com: AAkALgAAAAAAHYQDEapmEc2byACqAC-EWg0A-XGp6OdBg0CxQrF5bBnBPAAHIkGP5QAA 
2026-05-27 14:27:31.1113 INFO Getting message voe@firsthome.com: AAkALgAAAAAAHYQDEapmEc2byACqAC-EWg0A-XGp6OdBg0CxQrF5bBnBPAAHIkGP5QAA 
2026-05-27 14:27:31.4375 INFO Email Logged: Revision Request Received [1010525606-01] 
2026-05-27 14:27:31.4825 INFO Email Logged to Database: AAkALgAAAAAAHYQDEapmEc2byACqAC-EWg0A-XGp6OdBg0CxQrF5bBnBPAAHIkGP5QAA Revision Request Received [1010525606-01] 1:54 PM 
2026-05-27 14:27:31.5425 INFO Getting message voe@firsthome.com: AAkALgAAAAAAHYQDEapmEc2byACqAC-EWg0A-XGp6OdBg0CxQrF5bBnBPAAHIkGP4AAA 
2026-05-27 14:27:31.6895 INFO Getting message HTML voe@firsthome.com: AAkALgAAAAAAHYQDEapmEc2byACqAC-EWg0A-XGp6OdBg0CxQrF5bBnBPAAHIkGP4AAA 
2026-05-27 14:27:31.7395 INFO Getting message voe@firsthome.com: AAkALgAAAAAAHYQDEapmEc2byACqAC-EWg0A-XGp6OdBg0CxQrF5bBnBPAAHIkGP4AAA 
2026-05-27 14:27:32.2078 INFO Email Logged: Revision Request Received [1010525606-01] 
2026-05-27 14:27:32.3028 INFO Email Logged to Database: AAkALgAAAAAAHYQDEapmEc2byACqAC-EWg0A-XGp6OdBg0CxQrF5bBnBPAAHIkGP4AAA Revision Request Received [1010525606-01] 1:54 PM 
2026-05-27 14:27:32.3367 INFO Getting message voe@firsthome.com: AAkALgAAAAAAHYQDEapmEc2byACqAC-EWg0A-XGp6OdBg0CxQrF5bBnBPAAHIkGPtgAA 
2026-05-27 14:27:32.4938 INFO Getting message HTML voe@firsthome.com: AAkALgAAAAAAHYQDEapmEc2byACqAC-EWg0A-XGp6OdBg0CxQrF5bBnBPAAHIkGPtgAA 
2026-05-27 14:27:32.5408 INFO Getting message voe@firsthome.com: AAkALgAAAAAAHYQDEapmEc2byACqAC-EWg0A-XGp6OdBg0CxQrF5bBnBPAAHIkGPtgAA 
2026-05-27 14:27:32.9020 INFO Skipping Attachment - DisallowedFileType: image001.png in AAkALgAAAAAAHYQDEapmEc2byACqAC-EWg0A-XGp6OdBg0CxQrF5bBnBPAAHIkGPtgAA 
2026-05-27 14:27:32.9667 INFO Email Logged: RE: Verification of Employment Request Rachael Myers [1010524357-04] 
2026-05-27 14:27:33.0117 INFO Email Logged to Database: AAkALgAAAAAAHYQDEapmEc2byACqAC-EWg0A-XGp6OdBg0CxQrF5bBnBPAAHIkGPtgAA RE: Verification of Employment Request Rachael Myers [1010524357-04] 1:47 PM 
2026-05-27 14:27:33.0547 INFO Getting message voe@firsthome.com: AAkALgAAAAAAHYQDEapmEc2byACqAC-EWg0A-XGp6OdBg0CxQrF5bBnBPAAHIkGPoQAA 
2026-05-27 14:27:33.3397 INFO Getting message HTML voe@firsthome.com: AAkALgAAAAAAHYQDEapmEc2byACqAC-EWg0A-XGp6OdBg0CxQrF5bBnBPAAHIkGPoQAA 
2026-05-27 14:27:33.3677 INFO Getting message voe@firsthome.com: AAkALgAAAAAAHYQDEapmEc2byACqAC-EWg0A-XGp6OdBg0CxQrF5bBnBPAAHIkGPoQAA 
2026-05-27 14:27:33.6787 INFO Email Logged: Read: URGENT:: Verification of Employment Request Christopher Gardy Leo [7040524077-03] 
2026-05-27 14:27:33.7264 INFO Email Logged to Database: AAkALgAAAAAAHYQDEapmEc2byACqAC-EWg0A-XGp6OdBg0CxQrF5bBnBPAAHIkGPoQAA Read: URGENT:: Verification of Employment Request Christopher Gardy Leo [7040524077-03] 1:41 PM 
2026-05-27 14:27:33.7564 INFO Getting message voe@firsthome.com: AAkALgAAAAAAHYQDEapmEc2byACqAC-EWg0A-XGp6OdBg0CxQrF5bBnBPAAHIkGPnwAA 
2026-05-27 14:27:33.8874 INFO Getting message HTML voe@firsthome.com: AAkALgAAAAAAHYQDEapmEc2byACqAC-EWg0A-XGp6OdBg0CxQrF5bBnBPAAHIkGPnwAA 
2026-05-27 14:27:33.9154 INFO Getting message voe@firsthome.com: AAkALgAAAAAAHYQDEapmEc2byACqAC-EWg0A-XGp6OdBg0CxQrF5bBnBPAAHIkGPnwAA 
2026-05-27 14:27:34.2294 INFO Email Logged: RE: URGENT:: Verification of Employment Request Christopher Gardy Leo [7040524077-03] 
2026-05-27 14:27:34.2639 INFO Email Logged to Database: AAkALgAAAAAAHYQDEapmEc2byACqAC-EWg0A-XGp6OdBg0CxQrF5bBnBPAAHIkGPnwAA RE: URGENT:: Verification of Employment Request Christopher Gardy Leo [7040524077-03] 1:41 PM 
2026-05-27 14:27:34.2904 INFO Getting message voe@firsthome.com: AAkALgAAAAAAHYQDEapmEc2byACqAC-EWg0A-XGp6OdBg0CxQrF5bBnBPAAHIkGPkAAA 
2026-05-27 14:27:34.4484 INFO Getting message HTML voe@firsthome.com: AAkALgAAAAAAHYQDEapmEc2byACqAC-EWg0A-XGp6OdBg0CxQrF5bBnBPAAHIkGPkAAA 
2026-05-27 14:27:34.4754 INFO Getting message voe@firsthome.com: AAkALgAAAAAAHYQDEapmEc2byACqAC-EWg0A-XGp6OdBg0CxQrF5bBnBPAAHIkGPkAAA 
2026-05-27 14:27:34.8140 INFO Email Logged: Read: Assistance Needed - Your Verification of Employment [1010525453-01] 
2026-05-27 14:27:34.8476 INFO Email Logged to Database: AAkALgAAAAAAHYQDEapmEc2byACqAC-EWg0A-XGp6OdBg0CxQrF5bBnBPAAHIkGPkAAA Read: Assistance Needed - Your Verification of Employment [1010525453-01] 1:36 PM 
2026-05-27 14:27:34.8742 INFO Getting message voe@firsthome.com: AAkALgAAAAAAHYQDEapmEc2byACqAC-EWg0A-XGp6OdBg0CxQrF5bBnBPAAHIkGPjQAA 
2026-05-27 14:27:35.0292 INFO Getting message HTML voe@firsthome.com: AAkALgAAAAAAHYQDEapmEc2byACqAC-EWg0A-XGp6OdBg0CxQrF5bBnBPAAHIkGPjQAA 
2026-05-27 14:27:35.0602 INFO Getting message voe@firsthome.com: AAkALgAAAAAAHYQDEapmEc2byACqAC-EWg0A-XGp6OdBg0CxQrF5bBnBPAAHIkGPjQAA 
2026-05-27 14:27:35.3603 INFO Email Logged: Read: Assistance Needed - Your Verification of Employment [1010525453-01] 
2026-05-27 14:27:35.3933 INFO Email Logged to Database: AAkALgAAAAAAHYQDEapmEc2byACqAC-EWg0A-XGp6OdBg0CxQrF5bBnBPAAHIkGPjQAA Read: Assistance Needed - Your Verification of Employment [1010525453-01] 1:33 PM 
2026-05-27 14:27:35.4213 INFO Getting message voe@firsthome.com: AAkALgAAAAAAHYQDEapmEc2byACqAC-EWg0A-XGp6OdBg0CxQrF5bBnBPAAHIkGPfAAA 
2026-05-27 14:27:35.5903 INFO Getting message HTML voe@firsthome.com: AAkALgAAAAAAHYQDEapmEc2byACqAC-EWg0A-XGp6OdBg0CxQrF5bBnBPAAHIkGPfAAA 
2026-05-27 14:27:35.6173 INFO Getting message voe@firsthome.com: AAkALgAAAAAAHYQDEapmEc2byACqAC-EWg0A-XGp6OdBg0CxQrF5bBnBPAAHIkGPfAAA 
2026-05-27 14:27:36.0783 INFO Skipping Attachment - DisallowedFileType: image001.png in AAkALgAAAAAAHYQDEapmEc2byACqAC-EWg0A-XGp6OdBg0CxQrF5bBnBPAAHIkGPfAAA 
2026-05-27 14:27:36.1083 INFO Skipping Attachment - Possible Signature Image: image002.jpg(1650K) in AAkALgAAAAAAHYQDEapmEc2byACqAC-EWg0A-XGp6OdBg0CxQrF5bBnBPAAHIkGPfAAA 
2026-05-27 14:27:36.1373 INFO Skipping Attachment - Possible Signature Image: image003.jpg(1702K) in AAkALgAAAAAAHYQDEapmEc2byACqAC-EWg0A-XGp6OdBg0CxQrF5bBnBPAAHIkGPfAAA 
2026-05-27 14:27:36.1643 INFO Skipping Attachment - Possible Signature Image: image004.jpg(1546K) in AAkALgAAAAAAHYQDEapmEc2byACqAC-EWg0A-XGp6OdBg0CxQrF5bBnBPAAHIkGPfAAA 
2026-05-27 14:27:36.1904 INFO Skipping Attachment - Possible Signature Image: image005.jpg(1669K) in AAkALgAAAAAAHYQDEapmEc2byACqAC-EWg0A-XGp6OdBg0CxQrF5bBnBPAAHIkGPfAAA 
2026-05-27 14:27:36.2324 INFO Email Logged: RE: VOE Order for Zackary Krawczyk - Loan closes 04/24/26 [1017521858-02] 
2026-05-27 14:27:36.2644 INFO Email Logged to Database: AAkALgAAAAAAHYQDEapmEc2byACqAC-EWg0A-XGp6OdBg0CxQrF5bBnBPAAHIkGPfAAA RE: VOE Order for Zackary Krawczyk - Loan closes 04/24/26 [1017521858-02] 1:27 PM 
2026-05-27 14:27:36.2894 INFO Getting message voe@firsthome.com: AAkALgAAAAAAHYQDEapmEc2byACqAC-EWg0A-XGp6OdBg0CxQrF5bBnBPAAHIkGPZgAA 
2026-05-27 14:27:36.4114 INFO Getting message HTML voe@firsthome.com: AAkALgAAAAAAHYQDEapmEc2byACqAC-EWg0A-XGp6OdBg0CxQrF5bBnBPAAHIkGPZgAA 
2026-05-27 14:27:36.4384 INFO Getting message voe@firsthome.com: AAkALgAAAAAAHYQDEapmEc2byACqAC-EWg0A-XGp6OdBg0CxQrF5bBnBPAAHIkGPZgAA 
2026-05-27 14:27:36.7464 INFO Email Logged: Re: URGENT Re-Verification of Employment [7040525251-03] 
2026-05-27 14:27:36.7784 INFO Email Logged to Database: AAkALgAAAAAAHYQDEapmEc2byACqAC-EWg0A-XGp6OdBg0CxQrF5bBnBPAAHIkGPZgAA Re: URGENT Re-Verification of Employment [7040525251-03] 1:22 PM 
2026-05-27 14:27:36.8025 INFO Getting message voe@firsthome.com: AAkALgAAAAAAHYQDEapmEc2byACqAC-EWg0A-XGp6OdBg0CxQrF5bBnBPAAHIkGPVwAA 
2026-05-27 14:27:36.9375 INFO Getting message HTML voe@firsthome.com: AAkALgAAAAAAHYQDEapmEc2byACqAC-EWg0A-XGp6OdBg0CxQrF5bBnBPAAHIkGPVwAA 
2026-05-27 14:27:36.9635 INFO Getting message voe@firsthome.com: AAkALgAAAAAAHYQDEapmEc2byACqAC-EWg0A-XGp6OdBg0CxQrF5bBnBPAAHIkGPVwAA 
2026-05-27 14:27:37.2652 INFO Email Logged: Re: Verification of Employment Request Joseph A Meise [1012525961-01] 
2026-05-27 14:27:37.3002 INFO Email Logged to Database: AAkALgAAAAAAHYQDEapmEc2byACqAC-EWg0A-XGp6OdBg0CxQrF5bBnBPAAHIkGPVwAA Re: Verification of Employment Request Joseph A Meise [1012525961-01] 1:18 PM 
2026-05-27 14:27:37.3251 INFO Getting message voe@firsthome.com: AAkALgAAAAAAHYQDEapmEc2byACqAC-EWg0A-XGp6OdBg0CxQrF5bBnBPAAHIkGPUAAA 
2026-05-27 14:27:37.5121 INFO Getting message HTML voe@firsthome.com: AAkALgAAAAAAHYQDEapmEc2byACqAC-EWg0A-XGp6OdBg0CxQrF5bBnBPAAHIkGPUAAA 
2026-05-27 14:27:37.5411 INFO Getting message voe@firsthome.com: AAkALgAAAAAAHYQDEapmEc2byACqAC-EWg0A-XGp6OdBg0CxQrF5bBnBPAAHIkGPUAAA 
2026-05-27 14:27:37.9507 INFO Skipping Attachment - Possible Signature Image: image001.png(3075K) in AAkALgAAAAAAHYQDEapmEc2byACqAC-EWg0A-XGp6OdBg0CxQrF5bBnBPAAHIkGPUAAA 
2026-05-27 14:27:37.9937 INFO Email Logged: RE: HR/Payroll Contact – HELP – Verification of Employment [1081489417-01] 
2026-05-27 14:27:38.0253 INFO Email Logged to Database: AAkALgAAAAAAHYQDEapmEc2byACqAC-EWg0A-XGp6OdBg0CxQrF5bBnBPAAHIkGPUAAA RE: HR/Payroll Contact – HELP – Verification of Employment [1081489417-01] 1:17 PM 
2026-05-27 14:27:38.0523 INFO Getting message voe@firsthome.com: AAkALgAAAAAAHYQDEapmEc2byACqAC-EWg0A-XGp6OdBg0CxQrF5bBnBPAAHIkGPMgAA 
2026-05-27 14:27:38.1764 INFO Getting message HTML voe@firsthome.com: AAkALgAAAAAAHYQDEapmEc2byACqAC-EWg0A-XGp6OdBg0CxQrF5bBnBPAAHIkGPMgAA 
2026-05-27 14:27:38.2034 INFO Getting message voe@firsthome.com: AAkALgAAAAAAHYQDEapmEc2byACqAC-EWg0A-XGp6OdBg0CxQrF5bBnBPAAHIkGPMgAA 
2026-05-27 14:27:39.0274 ERROR Error Uploading File 1081525845;C:\Temp\VOERepository\Documents\Upload\20260527142739026_1081525845_September 2025.pdf;September 2025.pdf 
2026-05-27 14:27:39.0594 ERROR System.IO.DirectoryNotFoundException: Could not find a part of the path 'C:\Temp\VOERepository\Documents\Upload\20260527142739026_1081525845_September 2025.pdf'.
   at System.IO.__Error.WinIOError(Int32 errorCode, String maybeFullPath)
   at System.IO.FileStream.Init(String path, FileMode mode, FileAccess access, Int32 rights, Boolean useRights, FileShare share, Int32 bufferSize, FileOptions options, SECURITY_ATTRIBUTES secAttrs, String msgPath, Boolean bFromProxy, Boolean useLongPath, Boolean checkHost)
   at System.IO.FileStream..ctor(String path, FileMode mode, FileAccess access, FileShare share, Int32 bufferSize, FileOptions options, String msgPath, Boolean bFromProxy, Boolean useLongPath, Boolean checkHost)
   at System.IO.StreamWriter.CreateFile(String path, Boolean append, Boolean checkHost)
   at System.IO.StreamWriter..ctor(String path, Boolean append, Encoding encoding, Int32 bufferSize, Boolean checkHost)
   at System.IO.StreamWriter..ctor(String path, Boolean append)
   at ServiceStack.ServiceHost.FileExtensions.SaveTo(IFile file, String filePath)
   at VOESystem.Data.Business.DocumentOps.uploadFile(IDbConnection dbConn, IFile file, String userName, Nullable`1 OrderRequestId, Nullable`1 EmployerId, DocumentType doctype, Boolean UploadToEncompass, String LoanNumber, String filePathName, Nullable`1 DocumentContentTypeId, String baseUrl) in C:\Data\FirstMortgage\BitBucket\voesystem\VOEFrontend\VOESystem.Data\Business\DocumentOps.cs:line 265 System.IO.DirectoryNotFoundException: Could not find a part of the path 'C:\Temp\VOERepository\Documents\Upload\20260527142739026_1081525845_September 2025.pdf'.
   at System.IO.__Error.WinIOError(Int32 errorCode, String maybeFullPath)
   at System.IO.FileStream.Init(String path, FileMode mode, FileAccess access, Int32 rights, Boolean useRights, FileShare share, Int32 bufferSize, FileOptions options, SECURITY_ATTRIBUTES secAttrs, String msgPath, Boolean bFromProxy, Boolean useLongPath, Boolean checkHost)
   at System.IO.FileStream..ctor(String path, FileMode mode, FileAccess access, FileShare share, Int32 bufferSize, FileOptions options, String msgPath, Boolean bFromProxy, Boolean useLongPath, Boolean checkHost)
   at System.IO.StreamWriter.CreateFile(String path, Boolean append, Boolean checkHost)
   at System.IO.StreamWriter..ctor(String path, Boolean append, Encoding encoding, Int32 bufferSize, Boolean checkHost)
   at System.IO.StreamWriter..ctor(String path, Boolean append)
   at ServiceStack.ServiceHost.FileExtensions.SaveTo(IFile file, String filePath)
   at VOESystem.Data.Business.DocumentOps.uploadFile(IDbConnection dbConn, IFile file, String userName, Nullable`1 OrderRequestId, Nullable`1 EmployerId, DocumentType doctype, Boolean UploadToEncompass, String LoanNumber, String filePathName, Nullable`1 DocumentContentTypeId, String baseUrl) in C:\Data\FirstMortgage\BitBucket\voesystem\VOEFrontend\VOESystem.Data\Business\DocumentOps.cs:line 265
2026-05-27 14:27:39.0890 ERROR Error Uploading Attachment to VOE System: C:\Temp\MailAttachments\AAkALgAAAAAAHYQDEapmEc2byACqACEWg0AXGp6OdBg0CxQrF5bBnBPAAHIkGPMgAASeptember 2025pdf 
2026-05-27 14:27:39.1190 ERROR System.Exception: Exception of type 'System.Exception' was thrown. System.Exception: Exception of type 'System.Exception' was thrown.
2026-05-27 14:27:39.1753 ERROR Error Uploading File 1081525845;C:\Temp\VOERepository\Documents\Upload\20260527142739174_1081525845_May 2024.pdf;May 2024.pdf 
2026-05-27 14:27:39.2080 ERROR System.IO.DirectoryNotFoundException: Could not find a part of the path 'C:\Temp\VOERepository\Documents\Upload\20260527142739174_1081525845_May 2024.pdf'.
   at System.IO.__Error.WinIOError(Int32 errorCode, String maybeFullPath)
   at System.IO.FileStream.Init(String path, FileMode mode, FileAccess access, Int32 rights, Boolean useRights, FileShare share, Int32 bufferSize, FileOptions options, SECURITY_ATTRIBUTES secAttrs, String msgPath, Boolean bFromProxy, Boolean useLongPath, Boolean checkHost)
   at System.IO.FileStream..ctor(String path, FileMode mode, FileAccess access, FileShare share, Int32 bufferSize, FileOptions options, String msgPath, Boolean bFromProxy, Boolean useLongPath, Boolean checkHost)
   at System.IO.StreamWriter.CreateFile(String path, Boolean append, Boolean checkHost)
   at System.IO.StreamWriter..ctor(String path, Boolean append, Encoding encoding, Int32 bufferSize, Boolean checkHost)
   at System.IO.StreamWriter..ctor(String path, Boolean append)
   at ServiceStack.ServiceHost.FileExtensions.SaveTo(IFile file, String filePath)
   at VOESystem.Data.Business.DocumentOps.uploadFile(IDbConnection dbConn, IFile file, String userName, Nullable`1 OrderRequestId, Nullable`1 EmployerId, DocumentType doctype, Boolean UploadToEncompass, String LoanNumber, String filePathName, Nullable`1 DocumentContentTypeId, String baseUrl) in C:\Data\FirstMortgage\BitBucket\voesystem\VOEFrontend\VOESystem.Data\Business\DocumentOps.cs:line 265 System.IO.DirectoryNotFoundException: Could not find a part of the path 'C:\Temp\VOERepository\Documents\Upload\20260527142739174_1081525845_May 2024.pdf'.
   at System.IO.__Error.WinIOError(Int32 errorCode, String maybeFullPath)
   at System.IO.FileStream.Init(String path, FileMode mode, FileAccess access, Int32 rights, Boolean useRights, FileShare share, Int32 bufferSize, FileOptions options, SECURITY_ATTRIBUTES secAttrs, String msgPath, Boolean bFromProxy, Boolean useLongPath, Boolean checkHost)
   at System.IO.FileStream..ctor(String path, FileMode mode, FileAccess access, FileShare share, Int32 bufferSize, FileOptions options, String msgPath, Boolean bFromProxy, Boolean useLongPath, Boolean checkHost)
   at System.IO.StreamWriter.CreateFile(String path, Boolean append, Boolean checkHost)
   at System.IO.StreamWriter..ctor(String path, Boolean append, Encoding encoding, Int32 bufferSize, Boolean checkHost)
   at System.IO.StreamWriter..ctor(String path, Boolean append)
   at ServiceStack.ServiceHost.FileExtensions.SaveTo(IFile file, String filePath)
   at VOESystem.Data.Business.DocumentOps.uploadFile(IDbConnection dbConn, IFile file, String userName, Nullable`1 OrderRequestId, Nullable`1 EmployerId, DocumentType doctype, Boolean UploadToEncompass, String LoanNumber, String filePathName, Nullable`1 DocumentContentTypeId, String baseUrl) in C:\Data\FirstMortgage\BitBucket\voesystem\VOEFrontend\VOESystem.Data\Business\DocumentOps.cs:line 265
2026-05-27 14:27:39.2376 ERROR Error Uploading Attachment to VOE System: C:\Temp\MailAttachments\AAkALgAAAAAAHYQDEapmEc2byACqACEWg0AXGp6OdBg0CxQrF5bBnBPAAHIkGPMgAAMay 2024pdf 
2026-05-27 14:27:39.2656 ERROR System.Exception: Exception of type 'System.Exception' was thrown. System.Exception: Exception of type 'System.Exception' was thrown.
2026-05-27 14:27:39.3193 ERROR Error Uploading File 1081525845;C:\Temp\VOERepository\Documents\Upload\20260527142739318_1081525845_July 2024.pdf;July 2024.pdf 
2026-05-27 14:27:39.3446 ERROR System.IO.DirectoryNotFoundException: Could not find a part of the path 'C:\Temp\VOERepository\Documents\Upload\20260527142739318_1081525845_July 2024.pdf'.
   at System.IO.__Error.WinIOError(Int32 errorCode, String maybeFullPath)
   at System.IO.FileStream.Init(String path, FileMode mode, FileAccess access, Int32 rights, Boolean useRights, FileShare share, Int32 bufferSize, FileOptions options, SECURITY_ATTRIBUTES secAttrs, String msgPath, Boolean bFromProxy, Boolean useLongPath, Boolean checkHost)
   at System.IO.FileStream..ctor(String path, FileMode mode, FileAccess access, FileShare share, Int32 bufferSize, FileOptions options, String msgPath, Boolean bFromProxy, Boolean useLongPath, Boolean checkHost)
   at System.IO.StreamWriter.CreateFile(String path, Boolean append, Boolean checkHost)
   at System.IO.StreamWriter..ctor(String path, Boolean append, Encoding encoding, Int32 bufferSize, Boolean checkHost)
   at System.IO.StreamWriter..ctor(String path, Boolean append)
   at ServiceStack.ServiceHost.FileExtensions.SaveTo(IFile file, String filePath)
   at VOESystem.Data.Business.DocumentOps.uploadFile(IDbConnection dbConn, IFile file, String userName, Nullable`1 OrderRequestId, Nullable`1 EmployerId, DocumentType doctype, Boolean UploadToEncompass, String LoanNumber, String filePathName, Nullable`1 DocumentContentTypeId, String baseUrl) in C:\Data\FirstMortgage\BitBucket\voesystem\VOEFrontend\VOESystem.Data\Business\DocumentOps.cs:line 265 System.IO.DirectoryNotFoundException: Could not find a part of the path 'C:\Temp\VOERepository\Documents\Upload\20260527142739318_1081525845_July 2024.pdf'.
   at System.IO.__Error.WinIOError(Int32 errorCode, String maybeFullPath)
   at System.IO.FileStream.Init(String path, FileMode mode, FileAccess access, Int32 rights, Boolean useRights, FileShare share, Int32 bufferSize, FileOptions options, SECURITY_ATTRIBUTES secAttrs, String msgPath, Boolean bFromProxy, Boolean useLongPath, Boolean checkHost)
   at System.IO.FileStream..ctor(String path, FileMode mode, FileAccess access, FileShare share, Int32 bufferSize, FileOptions options, String msgPath, Boolean bFromProxy, Boolean useLongPath, Boolean checkHost)
   at System.IO.StreamWriter.CreateFile(String path, Boolean append, Boolean checkHost)
   at System.IO.StreamWriter..ctor(String path, Boolean append, Encoding encoding, Int32 bufferSize, Boolean checkHost)
   at System.IO.StreamWriter..ctor(String path, Boolean append)
   at ServiceStack.ServiceHost.FileExtensions.SaveTo(IFile file, String filePath)
   at VOESystem.Data.Business.DocumentOps.uploadFile(IDbConnection dbConn, IFile file, String userName, Nullable`1 OrderRequestId, Nullable`1 EmployerId, DocumentType doctype, Boolean UploadToEncompass, String LoanNumber, String filePathName, Nullable`1 DocumentContentTypeId, String baseUrl) in C:\Data\FirstMortgage\BitBucket\voesystem\VOEFrontend\VOESystem.Data\Business\DocumentOps.cs:line 265
2026-05-27 14:27:39.3717 ERROR Error Uploading Attachment to VOE System: C:\Temp\MailAttachments\AAkALgAAAAAAHYQDEapmEc2byACqACEWg0AXGp6OdBg0CxQrF5bBnBPAAHIkGPMgAAJuly 2024pdf 
2026-05-27 14:27:39.3993 ERROR System.Exception: Exception of type 'System.Exception' was thrown. System.Exception: Exception of type 'System.Exception' was thrown.
2026-05-27 14:27:39.4523 ERROR Error Uploading File 1081525845;C:\Temp\VOERepository\Documents\Upload\20260527142739452_1081525845_October 2024.pdf;October 2024.pdf 
2026-05-27 14:27:39.4793 ERROR System.IO.DirectoryNotFoundException: Could not find a part of the path 'C:\Temp\VOERepository\Documents\Upload\20260527142739452_1081525845_October 2024.pdf'.
   at System.IO.__Error.WinIOError(Int32 errorCode, String maybeFullPath)
   at System.IO.FileStream.Init(String path, FileMode mode, FileAccess access, Int32 rights, Boolean useRights, FileShare share, Int32 bufferSize, FileOptions options, SECURITY_ATTRIBUTES secAttrs, String msgPath, Boolean bFromProxy, Boolean useLongPath, Boolean checkHost)
   at System.IO.FileStream..ctor(String path, FileMode mode, FileAccess access, FileShare share, Int32 bufferSize, FileOptions options, String msgPath, Boolean bFromProxy, Boolean useLongPath, Boolean checkHost)
   at System.IO.StreamWriter.CreateFile(String path, Boolean append, Boolean checkHost)
   at System.IO.StreamWriter..ctor(String path, Boolean append, Encoding encoding, Int32 bufferSize, Boolean checkHost)
   at System.IO.StreamWriter..ctor(String path, Boolean append)
   at ServiceStack.ServiceHost.FileExtensions.SaveTo(IFile file, String filePath)
   at VOESystem.Data.Business.DocumentOps.uploadFile(IDbConnection dbConn, IFile file, String userName, Nullable`1 OrderRequestId, Nullable`1 EmployerId, DocumentType doctype, Boolean UploadToEncompass, String LoanNumber, String filePathName, Nullable`1 DocumentContentTypeId, String baseUrl) in C:\Data\FirstMortgage\BitBucket\voesystem\VOEFrontend\VOESystem.Data\Business\DocumentOps.cs:line 265 System.IO.DirectoryNotFoundException: Could not find a part of the path 'C:\Temp\VOERepository\Documents\Upload\20260527142739452_1081525845_October 2024.pdf'.
   at System.IO.__Error.WinIOError(Int32 errorCode, String maybeFullPath)
   at System.IO.FileStream.Init(String path, FileMode mode, FileAccess access, Int32 rights, Boolean useRights, FileShare share, Int32 bufferSize, FileOptions options, SECURITY_ATTRIBUTES secAttrs, String msgPath, Boolean bFromProxy, Boolean useLongPath, Boolean checkHost)
   at System.IO.FileStream..ctor(String path, FileMode mode, FileAccess access, FileShare share, Int32 bufferSize, FileOptions options, String msgPath, Boolean bFromProxy, Boolean useLongPath, Boolean checkHost)
   at System.IO.StreamWriter.CreateFile(String path, Boolean append, Boolean checkHost)
   at System.IO.StreamWriter..ctor(String path, Boolean append, Encoding encoding, Int32 bufferSize, Boolean checkHost)
   at System.IO.StreamWriter..ctor(String path, Boolean append)
   at ServiceStack.ServiceHost.FileExtensions.SaveTo(IFile file, String filePath)
   at VOESystem.Data.Business.DocumentOps.uploadFile(IDbConnection dbConn, IFile file, String userName, Nullable`1 OrderRequestId, Nullable`1 EmployerId, DocumentType doctype, Boolean UploadToEncompass, String LoanNumber, String filePathName, Nullable`1 DocumentContentTypeId, String baseUrl) in C:\Data\FirstMortgage\BitBucket\voesystem\VOEFrontend\VOESystem.Data\Business\DocumentOps.cs:line 265
2026-05-27 14:27:39.5053 ERROR Error Uploading Attachment to VOE System: C:\Temp\MailAttachments\AAkALgAAAAAAHYQDEapmEc2byACqACEWg0AXGp6OdBg0CxQrF5bBnBPAAHIkGPMgAAOctober 2024pdf 
2026-05-27 14:27:39.5323 ERROR System.Exception: Exception of type 'System.Exception' was thrown. System.Exception: Exception of type 'System.Exception' was thrown.
2026-05-27 14:27:39.5823 ERROR Error Uploading File 1081525845;C:\Temp\VOERepository\Documents\Upload\20260527142739581_1081525845_December 2024.pdf;December 2024.pdf 
2026-05-27 14:27:39.6073 ERROR System.IO.DirectoryNotFoundException: Could not find a part of the path 'C:\Temp\VOERepository\Documents\Upload\20260527142739581_1081525845_December 2024.pdf'.
   at System.IO.__Error.WinIOError(Int32 errorCode, String maybeFullPath)
   at System.IO.FileStream.Init(String path, FileMode mode, FileAccess access, Int32 rights, Boolean useRights, FileShare share, Int32 bufferSize, FileOptions options, SECURITY_ATTRIBUTES secAttrs, String msgPath, Boolean bFromProxy, Boolean useLongPath, Boolean checkHost)
   at System.IO.FileStream..ctor(String path, FileMode mode, FileAccess access, FileShare share, Int32 bufferSize, FileOptions options, String msgPath, Boolean bFromProxy, Boolean useLongPath, Boolean checkHost)
   at System.IO.StreamWriter.CreateFile(String path, Boolean append, Boolean checkHost)
   at System.IO.StreamWriter..ctor(String path, Boolean append, Encoding encoding, Int32 bufferSize, Boolean checkHost)
   at System.IO.StreamWriter..ctor(String path, Boolean append)
   at ServiceStack.ServiceHost.FileExtensions.SaveTo(IFile file, String filePath)
   at VOESystem.Data.Business.DocumentOps.uploadFile(IDbConnection dbConn, IFile file, String userName, Nullable`1 OrderRequestId, Nullable`1 EmployerId, DocumentType doctype, Boolean UploadToEncompass, String LoanNumber, String filePathName, Nullable`1 DocumentContentTypeId, String baseUrl) in C:\Data\FirstMortgage\BitBucket\voesystem\VOEFrontend\VOESystem.Data\Business\DocumentOps.cs:line 265 System.IO.DirectoryNotFoundException: Could not find a part of the path 'C:\Temp\VOERepository\Documents\Upload\20260527142739581_1081525845_December 2024.pdf'.
   at System.IO.__Error.WinIOError(Int32 errorCode, String maybeFullPath)
   at System.IO.FileStream.Init(String path, FileMode mode, FileAccess access, Int32 rights, Boolean useRights, FileShare share, Int32 bufferSize, FileOptions options, SECURITY_ATTRIBUTES secAttrs, String msgPath, Boolean bFromProxy, Boolean useLongPath, Boolean checkHost)
   at System.IO.FileStream..ctor(String path, FileMode mode, FileAccess access, FileShare share, Int32 bufferSize, FileOptions options, String msgPath, Boolean bFromProxy, Boolean useLongPath, Boolean checkHost)
   at System.IO.StreamWriter.CreateFile(String path, Boolean append, Boolean checkHost)
   at System.IO.StreamWriter..ctor(String path, Boolean append, Encoding encoding, Int32 bufferSize, Boolean checkHost)
   at System.IO.StreamWriter..ctor(String path, Boolean append)
   at ServiceStack.ServiceHost.FileExtensions.SaveTo(IFile file, String filePath)
   at VOESystem.Data.Business.DocumentOps.uploadFile(IDbConnection dbConn, IFile file, String userName, Nullable`1 OrderRequestId, Nullable`1 EmployerId, DocumentType doctype, Boolean UploadToEncompass, String LoanNumber, String filePathName, Nullable`1 DocumentContentTypeId, String baseUrl) in C:\Data\FirstMortgage\BitBucket\voesystem\VOEFrontend\VOESystem.Data\Business\DocumentOps.cs:line 265
2026-05-27 14:27:39.6353 ERROR Error Uploading Attachment to VOE System: C:\Temp\MailAttachments\AAkALgAAAAAAHYQDEapmEc2byACqACEWg0AXGp6OdBg0CxQrF5bBnBPAAHIkGPMgAADecember 2024pdf 
2026-05-27 14:27:39.6623 ERROR System.Exception: Exception of type 'System.Exception' was thrown. System.Exception: Exception of type 'System.Exception' was thrown.
2026-05-27 14:27:39.7243 ERROR Error Uploading File 1081525845;C:\Temp\VOERepository\Documents\Upload\20260527142739723_1081525845_February 2025.pdf;February 2025.pdf 
2026-05-27 14:27:39.7503 ERROR System.IO.DirectoryNotFoundException: Could not find a part of the path 'C:\Temp\VOERepository\Documents\Upload\20260527142739723_1081525845_February 2025.pdf'.
   at System.IO.__Error.WinIOError(Int32 errorCode, String maybeFullPath)
   at System.IO.FileStream.Init(String path, FileMode mode, FileAccess access, Int32 rights, Boolean useRights, FileShare share, Int32 bufferSize, FileOptions options, SECURITY_ATTRIBUTES secAttrs, String msgPath, Boolean bFromProxy, Boolean useLongPath, Boolean checkHost)
   at System.IO.FileStream..ctor(String path, FileMode mode, FileAccess access, FileShare share, Int32 bufferSize, FileOptions options, String msgPath, Boolean bFromProxy, Boolean useLongPath, Boolean checkHost)
   at System.IO.StreamWriter.CreateFile(String path, Boolean append, Boolean checkHost)
   at System.IO.StreamWriter..ctor(String path, Boolean append, Encoding encoding, Int32 bufferSize, Boolean checkHost)
   at System.IO.StreamWriter..ctor(String path, Boolean append)
   at ServiceStack.ServiceHost.FileExtensions.SaveTo(IFile file, String filePath)
   at VOESystem.Data.Business.DocumentOps.uploadFile(IDbConnection dbConn, IFile file, String userName, Nullable`1 OrderRequestId, Nullable`1 EmployerId, DocumentType doctype, Boolean UploadToEncompass, String LoanNumber, String filePathName, Nullable`1 DocumentContentTypeId, String baseUrl) in C:\Data\FirstMortgage\BitBucket\voesystem\VOEFrontend\VOESystem.Data\Business\DocumentOps.cs:line 265 System.IO.DirectoryNotFoundException: Could not find a part of the path 'C:\Temp\VOERepository\Documents\Upload\20260527142739723_1081525845_February 2025.pdf'.
   at System.IO.__Error.WinIOError(Int32 errorCode, String maybeFullPath)
   at System.IO.FileStream.Init(String path, FileMode mode, FileAccess access, Int32 rights, Boolean useRights, FileShare share, Int32 bufferSize, FileOptions options, SECURITY_ATTRIBUTES secAttrs, String msgPath, Boolean bFromProxy, Boolean useLongPath, Boolean checkHost)
   at System.IO.FileStream..ctor(String path, FileMode mode, FileAccess access, FileShare share, Int32 bufferSize, FileOptions options, String msgPath, Boolean bFromProxy, Boolean useLongPath, Boolean checkHost)
   at System.IO.StreamWriter.CreateFile(String path, Boolean append, Boolean checkHost)
   at System.IO.StreamWriter..ctor(String path, Boolean append, Encoding encoding, Int32 bufferSize, Boolean checkHost)
   at System.IO.StreamWriter..ctor(String path, Boolean append)
   at ServiceStack.ServiceHost.FileExtensions.SaveTo(IFile file, String filePath)
   at VOESystem.Data.Business.DocumentOps.uploadFile(IDbConnection dbConn, IFile file, String userName, Nullable`1 OrderRequestId, Nullable`1 EmployerId, DocumentType doctype, Boolean UploadToEncompass, String LoanNumber, String filePathName, Nullable`1 DocumentContentTypeId, String baseUrl) in C:\Data\FirstMortgage\BitBucket\voesystem\VOEFrontend\VOESystem.Data\Business\DocumentOps.cs:line 265
2026-05-27 14:27:39.7803 ERROR Error Uploading Attachment to VOE System: C:\Temp\MailAttachments\AAkALgAAAAAAHYQDEapmEc2byACqACEWg0AXGp6OdBg0CxQrF5bBnBPAAHIkGPMgAAFebruary 2025pdf 
2026-05-27 14:27:39.8081 ERROR System.Exception: Exception of type 'System.Exception' was thrown. System.Exception: Exception of type 'System.Exception' was thrown.
2026-05-27 14:27:39.8678 ERROR Error Uploading File 1081525845;C:\Temp\VOERepository\Documents\Upload\20260527142739867_1081525845_April 2025.pdf;April 2025.pdf 
2026-05-27 14:27:39.9008 ERROR System.IO.DirectoryNotFoundException: Could not find a part of the path 'C:\Temp\VOERepository\Documents\Upload\20260527142739867_1081525845_April 2025.pdf'.
   at System.IO.__Error.WinIOError(Int32 errorCode, String maybeFullPath)
   at System.IO.FileStream.Init(String path, FileMode mode, FileAccess access, Int32 rights, Boolean useRights, FileShare share, Int32 bufferSize, FileOptions options, SECURITY_ATTRIBUTES secAttrs, String msgPath, Boolean bFromProxy, Boolean useLongPath, Boolean checkHost)
   at System.IO.FileStream..ctor(String path, FileMode mode, FileAccess access, FileShare share, Int32 bufferSize, FileOptions options, String msgPath, Boolean bFromProxy, Boolean useLongPath, Boolean checkHost)
   at System.IO.StreamWriter.CreateFile(String path, Boolean append, Boolean checkHost)
   at System.IO.StreamWriter..ctor(String path, Boolean append, Encoding encoding, Int32 bufferSize, Boolean checkHost)
   at System.IO.StreamWriter..ctor(String path, Boolean append)
   at ServiceStack.ServiceHost.FileExtensions.SaveTo(IFile file, String filePath)
   at VOESystem.Data.Business.DocumentOps.uploadFile(IDbConnection dbConn, IFile file, String userName, Nullable`1 OrderRequestId, Nullable`1 EmployerId, DocumentType doctype, Boolean UploadToEncompass, String LoanNumber, String filePathName, Nullable`1 DocumentContentTypeId, String baseUrl) in C:\Data\FirstMortgage\BitBucket\voesystem\VOEFrontend\VOESystem.Data\Business\DocumentOps.cs:line 265 System.IO.DirectoryNotFoundException: Could not find a part of the path 'C:\Temp\VOERepository\Documents\Upload\20260527142739867_1081525845_April 2025.pdf'.
   at System.IO.__Error.WinIOError(Int32 errorCode, String maybeFullPath)
   at System.IO.FileStream.Init(String path, FileMode mode, FileAccess access, Int32 rights, Boolean useRights, FileShare share, Int32 bufferSize, FileOptions options, SECURITY_ATTRIBUTES secAttrs, String msgPath, Boolean bFromProxy, Boolean useLongPath, Boolean checkHost)
   at System.IO.FileStream..ctor(String path, FileMode mode, FileAccess access, FileShare share, Int32 bufferSize, FileOptions options, String msgPath, Boolean bFromProxy, Boolean useLongPath, Boolean checkHost)
   at System.IO.StreamWriter.CreateFile(String path, Boolean append, Boolean checkHost)
   at System.IO.StreamWriter..ctor(String path, Boolean append, Encoding encoding, Int32 bufferSize, Boolean checkHost)
   at System.IO.StreamWriter..ctor(String path, Boolean append)
   at ServiceStack.ServiceHost.FileExtensions.SaveTo(IFile file, String filePath)
   at VOESystem.Data.Business.DocumentOps.uploadFile(IDbConnection dbConn, IFile file, String userName, Nullable`1 OrderRequestId, Nullable`1 EmployerId, DocumentType doctype, Boolean UploadToEncompass, String LoanNumber, String filePathName, Nullable`1 DocumentContentTypeId, String baseUrl) in C:\Data\FirstMortgage\BitBucket\voesystem\VOEFrontend\VOESystem.Data\Business\DocumentOps.cs:line 265
2026-05-27 14:27:39.9278 ERROR Error Uploading Attachment to VOE System: C:\Temp\MailAttachments\AAkALgAAAAAAHYQDEapmEc2byACqACEWg0AXGp6OdBg0CxQrF5bBnBPAAHIkGPMgAAApril 2025pdf 
2026-05-27 14:27:39.9548 ERROR System.Exception: Exception of type 'System.Exception' was thrown. System.Exception: Exception of type 'System.Exception' was thrown.
2026-05-27 14:27:40.0058 ERROR Error Uploading File 1081525845;C:\Temp\VOERepository\Documents\Upload\20260527142740005_1081525845_July 2025.pdf;July 2025.pdf 
2026-05-27 14:27:40.0318 ERROR System.IO.DirectoryNotFoundException: Could not find a part of the path 'C:\Temp\VOERepository\Documents\Upload\20260527142740005_1081525845_July 2025.pdf'.
   at System.IO.__Error.WinIOError(Int32 errorCode, String maybeFullPath)
   at System.IO.FileStream.Init(String path, FileMode mode, FileAccess access, Int32 rights, Boolean useRights, FileShare share, Int32 bufferSize, FileOptions options, SECURITY_ATTRIBUTES secAttrs, String msgPath, Boolean bFromProxy, Boolean useLongPath, Boolean checkHost)
   at System.IO.FileStream..ctor(String path, FileMode mode, FileAccess access, FileShare share, Int32 bufferSize, FileOptions options, String msgPath, Boolean bFromProxy, Boolean useLongPath, Boolean checkHost)
   at System.IO.StreamWriter.CreateFile(String path, Boolean append, Boolean checkHost)
   at System.IO.StreamWriter..ctor(String path, Boolean append, Encoding encoding, Int32 bufferSize, Boolean checkHost)
   at System.IO.StreamWriter..ctor(String path, Boolean append)
   at ServiceStack.ServiceHost.FileExtensions.SaveTo(IFile file, String filePath)
   at VOESystem.Data.Business.DocumentOps.uploadFile(IDbConnection dbConn, IFile file, String userName, Nullable`1 OrderRequestId, Nullable`1 EmployerId, DocumentType doctype, Boolean UploadToEncompass, String LoanNumber, String filePathName, Nullable`1 DocumentContentTypeId, String baseUrl) in C:\Data\FirstMortgage\BitBucket\voesystem\VOEFrontend\VOESystem.Data\Business\DocumentOps.cs:line 265 System.IO.DirectoryNotFoundException: Could not find a part of the path 'C:\Temp\VOERepository\Documents\Upload\20260527142740005_1081525845_July 2025.pdf'.
   at System.IO.__Error.WinIOError(Int32 errorCode, String maybeFullPath)
   at System.IO.FileStream.Init(String path, FileMode mode, FileAccess access, Int32 rights, Boolean useRights, FileShare share, Int32 bufferSize, FileOptions options, SECURITY_ATTRIBUTES secAttrs, String msgPath, Boolean bFromProxy, Boolean useLongPath, Boolean checkHost)
   at System.IO.FileStream..ctor(String path, FileMode mode, FileAccess access, FileShare share, Int32 bufferSize, FileOptions options, String msgPath, Boolean bFromProxy, Boolean useLongPath, Boolean checkHost)
   at System.IO.StreamWriter.CreateFile(String path, Boolean append, Boolean checkHost)
   at System.IO.StreamWriter..ctor(String path, Boolean append, Encoding encoding, Int32 bufferSize, Boolean checkHost)
   at System.IO.StreamWriter..ctor(String path, Boolean append)
   at ServiceStack.ServiceHost.FileExtensions.SaveTo(IFile file, String filePath)
   at VOESystem.Data.Business.DocumentOps.uploadFile(IDbConnection dbConn, IFile file, String userName, Nullable`1 OrderRequestId, Nullable`1 EmployerId, DocumentType doctype, Boolean UploadToEncompass, String LoanNumber, String filePathName, Nullable`1 DocumentContentTypeId, String baseUrl) in C:\Data\FirstMortgage\BitBucket\voesystem\VOEFrontend\VOESystem.Data\Business\DocumentOps.cs:line 265
2026-05-27 14:27:40.0578 ERROR Error Uploading Attachment to VOE System: C:\Temp\MailAttachments\AAkALgAAAAAAHYQDEapmEc2byACqACEWg0AXGp6OdBg0CxQrF5bBnBPAAHIkGPMgAAJuly 2025pdf 
2026-05-27 14:27:40.0843 ERROR System.Exception: Exception of type 'System.Exception' was thrown. System.Exception: Exception of type 'System.Exception' was thrown.
2026-05-27 14:27:40.1361 ERROR Error Uploading File 1081525845;C:\Temp\VOERepository\Documents\Upload\20260527142740136_1081525845_October 2025.pdf;October 2025.pdf 
2026-05-27 14:27:40.1631 ERROR System.IO.DirectoryNotFoundException: Could not find a part of the path 'C:\Temp\VOERepository\Documents\Upload\20260527142740136_1081525845_October 2025.pdf'.
   at System.IO.__Error.WinIOError(Int32 errorCode, String maybeFullPath)
   at System.IO.FileStream.Init(String path, FileMode mode, FileAccess access, Int32 rights, Boolean useRights, FileShare share, Int32 bufferSize, FileOptions options, SECURITY_ATTRIBUTES secAttrs, String msgPath, Boolean bFromProxy, Boolean useLongPath, Boolean checkHost)
   at System.IO.FileStream..ctor(String path, FileMode mode, FileAccess access, FileShare share, Int32 bufferSize, FileOptions options, String msgPath, Boolean bFromProxy, Boolean useLongPath, Boolean checkHost)
   at System.IO.StreamWriter.CreateFile(String path, Boolean append, Boolean checkHost)
   at System.IO.StreamWriter..ctor(String path, Boolean append, Encoding encoding, Int32 bufferSize, Boolean checkHost)
   at System.IO.StreamWriter..ctor(String path, Boolean append)
   at ServiceStack.ServiceHost.FileExtensions.SaveTo(IFile file, String filePath)
   at VOESystem.Data.Business.DocumentOps.uploadFile(IDbConnection dbConn, IFile file, String userName, Nullable`1 OrderRequestId, Nullable`1 EmployerId, DocumentType doctype, Boolean UploadToEncompass, String LoanNumber, String filePathName, Nullable`1 DocumentContentTypeId, String baseUrl) in C:\Data\FirstMortgage\BitBucket\voesystem\VOEFrontend\VOESystem.Data\Business\DocumentOps.cs:line 265 System.IO.DirectoryNotFoundException: Could not find a part of the path 'C:\Temp\VOERepository\Documents\Upload\20260527142740136_1081525845_October 2025.pdf'.
   at System.IO.__Error.WinIOError(Int32 errorCode, String maybeFullPath)
   at System.IO.FileStream.Init(String path, FileMode mode, FileAccess access, Int32 rights, Boolean useRights, FileShare share, Int32 bufferSize, FileOptions options, SECURITY_ATTRIBUTES secAttrs, String msgPath, Boolean bFromProxy, Boolean useLongPath, Boolean checkHost)
   at System.IO.FileStream..ctor(String path, FileMode mode, FileAccess access, FileShare share, Int32 bufferSize, FileOptions options, String msgPath, Boolean bFromProxy, Boolean useLongPath, Boolean checkHost)
   at System.IO.StreamWriter.CreateFile(String path, Boolean append, Boolean checkHost)
   at System.IO.StreamWriter..ctor(String path, Boolean append, Encoding encoding, Int32 bufferSize, Boolean checkHost)
   at System.IO.StreamWriter..ctor(String path, Boolean append)
   at ServiceStack.ServiceHost.FileExtensions.SaveTo(IFile file, String filePath)
   at VOESystem.Data.Business.DocumentOps.uploadFile(IDbConnection dbConn, IFile file, String userName, Nullable`1 OrderRequestId, Nullable`1 EmployerId, DocumentType doctype, Boolean UploadToEncompass, String LoanNumber, String filePathName, Nullable`1 DocumentContentTypeId, String baseUrl) in C:\Data\FirstMortgage\BitBucket\voesystem\VOEFrontend\VOESystem.Data\Business\DocumentOps.cs:line 265
2026-05-27 14:27:40.1891 ERROR Error Uploading Attachment to VOE System: C:\Temp\MailAttachments\AAkALgAAAAAAHYQDEapmEc2byACqACEWg0AXGp6OdBg0CxQrF5bBnBPAAHIkGPMgAAOctober 2025pdf 
2026-05-27 14:27:40.2151 ERROR System.Exception: Exception of type 'System.Exception' was thrown. System.Exception: Exception of type 'System.Exception' was thrown.
2026-05-27 14:27:40.2641 ERROR Error Uploading File 1081525845;C:\Temp\VOERepository\Documents\Upload\20260527142740263_1081525845_September 2024.pdf;September 2024.pdf 
2026-05-27 14:27:40.2913 ERROR System.IO.DirectoryNotFoundException: Could not find a part of the path 'C:\Temp\VOERepository\Documents\Upload\20260527142740263_1081525845_September 2024.pdf'.
   at System.IO.__Error.WinIOError(Int32 errorCode, String maybeFullPath)
   at System.IO.FileStream.Init(String path, FileMode mode, FileAccess access, Int32 rights, Boolean useRights, FileShare share, Int32 bufferSize, FileOptions options, SECURITY_ATTRIBUTES secAttrs, String msgPath, Boolean bFromProxy, Boolean useLongPath, Boolean checkHost)
   at System.IO.FileStream..ctor(String path, FileMode mode, FileAccess access, FileShare share, Int32 bufferSize, FileOptions options, String msgPath, Boolean bFromProxy, Boolean useLongPath, Boolean checkHost)
   at System.IO.StreamWriter.CreateFile(String path, Boolean append, Boolean checkHost)
   at System.IO.StreamWriter..ctor(String path, Boolean append, Encoding encoding, Int32 bufferSize, Boolean checkHost)
   at System.IO.StreamWriter..ctor(String path, Boolean append)
   at ServiceStack.ServiceHost.FileExtensions.SaveTo(IFile file, String filePath)
   at VOESystem.Data.Business.DocumentOps.uploadFile(IDbConnection dbConn, IFile file, String userName, Nullable`1 OrderRequestId, Nullable`1 EmployerId, DocumentType doctype, Boolean UploadToEncompass, String LoanNumber, String filePathName, Nullable`1 DocumentContentTypeId, String baseUrl) in C:\Data\FirstMortgage\BitBucket\voesystem\VOEFrontend\VOESystem.Data\Business\DocumentOps.cs:line 265 System.IO.DirectoryNotFoundException: Could not find a part of the path 'C:\Temp\VOERepository\Documents\Upload\20260527142740263_1081525845_September 2024.pdf'.
   at System.IO.__Error.WinIOError(Int32 errorCode, String maybeFullPath)
   at System.IO.FileStream.Init(String path, FileMode mode, FileAccess access, Int32 rights, Boolean useRights, FileShare share, Int32 bufferSize, FileOptions options, SECURITY_ATTRIBUTES secAttrs, String msgPath, Boolean bFromProxy, Boolean useLongPath, Boolean checkHost)
   at System.IO.FileStream..ctor(String path, FileMode mode, FileAccess access, FileShare share, Int32 bufferSize, FileOptions options, String msgPath, Boolean bFromProxy, Boolean useLongPath, Boolean checkHost)
   at System.IO.StreamWriter.CreateFile(String path, Boolean append, Boolean checkHost)
   at System.IO.StreamWriter..ctor(String path, Boolean append, Encoding encoding, Int32 bufferSize, Boolean checkHost)
   at System.IO.StreamWriter..ctor(String path, Boolean append)
   at ServiceStack.ServiceHost.FileExtensions.SaveTo(IFile file, String filePath)
   at VOESystem.Data.Business.DocumentOps.uploadFile(IDbConnection dbConn, IFile file, String userName, Nullable`1 OrderRequestId, Nullable`1 EmployerId, DocumentType doctype, Boolean UploadToEncompass, String LoanNumber, String filePathName, Nullable`1 DocumentContentTypeId, String baseUrl) in C:\Data\FirstMortgage\BitBucket\voesystem\VOEFrontend\VOESystem.Data\Business\DocumentOps.cs:line 265
2026-05-27 14:27:40.3176 ERROR Error Uploading Attachment to VOE System: C:\Temp\MailAttachments\AAkALgAAAAAAHYQDEapmEc2byACqACEWg0AXGp6OdBg0CxQrF5bBnBPAAHIkGPMgAASeptember 2024pdf 
2026-05-27 14:27:40.3451 ERROR System.Exception: Exception of type 'System.Exception' was thrown. System.Exception: Exception of type 'System.Exception' was thrown.
2026-05-27 14:27:40.3941 ERROR Error Uploading File 1081525845;C:\Temp\VOERepository\Documents\Upload\20260527142740393_1081525845_June 2024.pdf;June 2024.pdf 
2026-05-27 14:27:40.4201 ERROR System.IO.DirectoryNotFoundException: Could not find a part of the path 'C:\Temp\VOERepository\Documents\Upload\20260527142740393_1081525845_June 2024.pdf'.
   at System.IO.__Error.WinIOError(Int32 errorCode, String maybeFullPath)
   at System.IO.FileStream.Init(String path, FileMode mode, FileAccess access, Int32 rights, Boolean useRights, FileShare share, Int32 bufferSize, FileOptions options, SECURITY_ATTRIBUTES secAttrs, String msgPath, Boolean bFromProxy, Boolean useLongPath, Boolean checkHost)
   at System.IO.FileStream..ctor(String path, FileMode mode, FileAccess access, FileShare share, Int32 bufferSize, FileOptions options, String msgPath, Boolean bFromProxy, Boolean useLongPath, Boolean checkHost)
   at System.IO.StreamWriter.CreateFile(String path, Boolean append, Boolean checkHost)
   at System.IO.StreamWriter..ctor(String path, Boolean append, Encoding encoding, Int32 bufferSize, Boolean checkHost)
   at System.IO.StreamWriter..ctor(String path, Boolean append)
   at ServiceStack.ServiceHost.FileExtensions.SaveTo(IFile file, String filePath)
   at VOESystem.Data.Business.DocumentOps.uploadFile(IDbConnection dbConn, IFile file, String userName, Nullable`1 OrderRequestId, Nullable`1 EmployerId, DocumentType doctype, Boolean UploadToEncompass, String LoanNumber, String filePathName, Nullable`1 DocumentContentTypeId, String baseUrl) in C:\Data\FirstMortgage\BitBucket\voesystem\VOEFrontend\VOESystem.Data\Business\DocumentOps.cs:line 265 System.IO.DirectoryNotFoundException: Could not find a part of the path 'C:\Temp\VOERepository\Documents\Upload\20260527142740393_1081525845_June 2024.pdf'.
   at System.IO.__Error.WinIOError(Int32 errorCode, String maybeFullPath)
   at System.IO.FileStream.Init(String path, FileMode mode, FileAccess access, Int32 rights, Boolean useRights, FileShare share, Int32 bufferSize, FileOptions options, SECURITY_ATTRIBUTES secAttrs, String msgPath, Boolean bFromProxy, Boolean useLongPath, Boolean checkHost)
   at System.IO.FileStream..ctor(String path, FileMode mode, FileAccess access, FileShare share, Int32 bufferSize, FileOptions options, String msgPath, Boolean bFromProxy, Boolean useLongPath, Boolean checkHost)
   at System.IO.StreamWriter.CreateFile(String path, Boolean append, Boolean checkHost)
   at System.IO.StreamWriter..ctor(String path, Boolean append, Encoding encoding, Int32 bufferSize, Boolean checkHost)
   at System.IO.StreamWriter..ctor(String path, Boolean append)
   at ServiceStack.ServiceHost.FileExtensions.SaveTo(IFile file, String filePath)
   at VOESystem.Data.Business.DocumentOps.uploadFile(IDbConnection dbConn, IFile file, String userName, Nullable`1 OrderRequestId, Nullable`1 EmployerId, DocumentType doctype, Boolean UploadToEncompass, String LoanNumber, String filePathName, Nullable`1 DocumentContentTypeId, String baseUrl) in C:\Data\FirstMortgage\BitBucket\voesystem\VOEFrontend\VOESystem.Data\Business\DocumentOps.cs:line 265
2026-05-27 14:27:40.4491 ERROR Error Uploading Attachment to VOE System: C:\Temp\MailAttachments\AAkALgAAAAAAHYQDEapmEc2byACqACEWg0AXGp6OdBg0CxQrF5bBnBPAAHIkGPMgAAJune 2024pdf 
2026-05-27 14:27:40.4751 ERROR System.Exception: Exception of type 'System.Exception' was thrown. System.Exception: Exception of type 'System.Exception' was thrown.
2026-05-27 14:27:40.5311 ERROR Error Uploading File 1081525845;C:\Temp\VOERepository\Documents\Upload\20260527142740531_1081525845_August 2024.pdf;August 2024.pdf 
2026-05-27 14:27:40.5581 ERROR System.IO.DirectoryNotFoundException: Could not find a part of the path 'C:\Temp\VOERepository\Documents\Upload\20260527142740531_1081525845_August 2024.pdf'.
   at System.IO.__Error.WinIOError(Int32 errorCode, String maybeFullPath)
   at System.IO.FileStream.Init(String path, FileMode mode, FileAccess access, Int32 rights, Boolean useRights, FileShare share, Int32 bufferSize, FileOptions options, SECURITY_ATTRIBUTES secAttrs, String msgPath, Boolean bFromProxy, Boolean useLongPath, Boolean checkHost)
   at System.IO.FileStream..ctor(String path, FileMode mode, FileAccess access, FileShare share, Int32 bufferSize, FileOptions options, String msgPath, Boolean bFromProxy, Boolean useLongPath, Boolean checkHost)
   at System.IO.StreamWriter.CreateFile(String path, Boolean append, Boolean checkHost)
   at System.IO.StreamWriter..ctor(String path, Boolean append, Encoding encoding, Int32 bufferSize, Boolean checkHost)
   at System.IO.StreamWriter..ctor(String path, Boolean append)
   at ServiceStack.ServiceHost.FileExtensions.SaveTo(IFile file, String filePath)
   at VOESystem.Data.Business.DocumentOps.uploadFile(IDbConnection dbConn, IFile file, String userName, Nullable`1 OrderRequestId, Nullable`1 EmployerId, DocumentType doctype, Boolean UploadToEncompass, String LoanNumber, String filePathName, Nullable`1 DocumentContentTypeId, String baseUrl) in C:\Data\FirstMortgage\BitBucket\voesystem\VOEFrontend\VOESystem.Data\Business\DocumentOps.cs:line 265 System.IO.DirectoryNotFoundException: Could not find a part of the path 'C:\Temp\VOERepository\Documents\Upload\20260527142740531_1081525845_August 2024.pdf'.
   at System.IO.__Error.WinIOError(Int32 errorCode, String maybeFullPath)
   at System.IO.FileStream.Init(String path, FileMode mode, FileAccess access, Int32 rights, Boolean useRights, FileShare share, Int32 bufferSize, FileOptions options, SECURITY_ATTRIBUTES secAttrs, String msgPath, Boolean bFromProxy, Boolean useLongPath, Boolean checkHost)
   at System.IO.FileStream..ctor(String path, FileMode mode, FileAccess access, FileShare share, Int32 bufferSize, FileOptions options, String msgPath, Boolean bFromProxy, Boolean useLongPath, Boolean checkHost)
   at System.IO.StreamWriter.CreateFile(String path, Boolean append, Boolean checkHost)
   at System.IO.StreamWriter..ctor(String path, Boolean append, Encoding encoding, Int32 bufferSize, Boolean checkHost)
   at System.IO.StreamWriter..ctor(String path, Boolean append)
   at ServiceStack.ServiceHost.FileExtensions.SaveTo(IFile file, String filePath)
   at VOESystem.Data.Business.DocumentOps.uploadFile(IDbConnection dbConn, IFile file, String userName, Nullable`1 OrderRequestId, Nullable`1 EmployerId, DocumentType doctype, Boolean UploadToEncompass, String LoanNumber, String filePathName, Nullable`1 DocumentContentTypeId, String baseUrl) in C:\Data\FirstMortgage\BitBucket\voesystem\VOEFrontend\VOESystem.Data\Business\DocumentOps.cs:line 265
2026-05-27 14:27:40.5861 ERROR Error Uploading Attachment to VOE System: C:\Temp\MailAttachments\AAkALgAAAAAAHYQDEapmEc2byACqACEWg0AXGp6OdBg0CxQrF5bBnBPAAHIkGPMgAAAugust 2024pdf 
2026-05-27 14:27:40.6131 ERROR System.Exception: Exception of type 'System.Exception' was thrown. System.Exception: Exception of type 'System.Exception' was thrown.
2026-05-27 14:27:40.6661 ERROR Error Uploading File 1081525845;C:\Temp\VOERepository\Documents\Upload\20260527142740665_1081525845_November 2024.pdf;November 2024.pdf 
2026-05-27 14:27:40.6921 ERROR System.IO.DirectoryNotFoundException: Could not find a part of the path 'C:\Temp\VOERepository\Documents\Upload\20260527142740665_1081525845_November 2024.pdf'.
   at System.IO.__Error.WinIOError(Int32 errorCode, String maybeFullPath)
   at System.IO.FileStream.Init(String path, FileMode mode, FileAccess access, Int32 rights, Boolean useRights, FileShare share, Int32 bufferSize, FileOptions options, SECURITY_ATTRIBUTES secAttrs, String msgPath, Boolean bFromProxy, Boolean useLongPath, Boolean checkHost)
   at System.IO.FileStream..ctor(String path, FileMode mode, FileAccess access, FileShare share, Int32 bufferSize, FileOptions options, String msgPath, Boolean bFromProxy, Boolean useLongPath, Boolean checkHost)
   at System.IO.StreamWriter.CreateFile(String path, Boolean append, Boolean checkHost)
   at System.IO.StreamWriter..ctor(String path, Boolean append, Encoding encoding, Int32 bufferSize, Boolean checkHost)
   at System.IO.StreamWriter..ctor(String path, Boolean append)
   at ServiceStack.ServiceHost.FileExtensions.SaveTo(IFile file, String filePath)
   at VOESystem.Data.Business.DocumentOps.uploadFile(IDbConnection dbConn, IFile file, String userName, Nullable`1 OrderRequestId, Nullable`1 EmployerId, DocumentType doctype, Boolean UploadToEncompass, String LoanNumber, String filePathName, Nullable`1 DocumentContentTypeId, String baseUrl) in C:\Data\FirstMortgage\BitBucket\voesystem\VOEFrontend\VOESystem.Data\Business\DocumentOps.cs:line 265 System.IO.DirectoryNotFoundException: Could not find a part of the path 'C:\Temp\VOERepository\Documents\Upload\20260527142740665_1081525845_November 2024.pdf'.
   at System.IO.__Error.WinIOError(Int32 errorCode, String maybeFullPath)
   at System.IO.FileStream.Init(String path, FileMode mode, FileAccess access, Int32 rights, Boolean useRights, FileShare share, Int32 bufferSize, FileOptions options, SECURITY_ATTRIBUTES secAttrs, String msgPath, Boolean bFromProxy, Boolean useLongPath, Boolean checkHost)
   at System.IO.FileStream..ctor(String path, FileMode mode, FileAccess access, FileShare share, Int32 bufferSize, FileOptions options, String msgPath, Boolean bFromProxy, Boolean useLongPath, Boolean checkHost)
   at System.IO.StreamWriter.CreateFile(String path, Boolean append, Boolean checkHost)
   at System.IO.StreamWriter..ctor(String path, Boolean append, Encoding encoding, Int32 bufferSize, Boolean checkHost)
   at System.IO.StreamWriter..ctor(String path, Boolean append)
   at ServiceStack.ServiceHost.FileExtensions.SaveTo(IFile file, String filePath)
   at VOESystem.Data.Business.DocumentOps.uploadFile(IDbConnection dbConn, IFile file, String userName, Nullable`1 OrderRequestId, Nullable`1 EmployerId, DocumentType doctype, Boolean UploadToEncompass, String LoanNumber, String filePathName, Nullable`1 DocumentContentTypeId, String baseUrl) in C:\Data\FirstMortgage\BitBucket\voesystem\VOEFrontend\VOESystem.Data\Business\DocumentOps.cs:line 265
2026-05-27 14:27:40.7181 ERROR Error Uploading Attachment to VOE System: C:\Temp\MailAttachments\AAkALgAAAAAAHYQDEapmEc2byACqACEWg0AXGp6OdBg0CxQrF5bBnBPAAHIkGPMgAANovember 2024pdf 
2026-05-27 14:27:40.7441 ERROR System.Exception: Exception of type 'System.Exception' was thrown. System.Exception: Exception of type 'System.Exception' was thrown.
2026-05-27 14:27:40.7931 ERROR Error Uploading File 1081525845;C:\Temp\VOERepository\Documents\Upload\20260527142740792_1081525845_January 2025.pdf;January 2025.pdf 
2026-05-27 14:27:40.8197 ERROR System.IO.DirectoryNotFoundException: Could not find a part of the path 'C:\Temp\VOERepository\Documents\Upload\20260527142740792_1081525845_January 2025.pdf'.
   at System.IO.__Error.WinIOError(Int32 errorCode, String maybeFullPath)
   at System.IO.FileStream.Init(String path, FileMode mode, FileAccess access, Int32 rights, Boolean useRights, FileShare share, Int32 bufferSize, FileOptions options, SECURITY_ATTRIBUTES secAttrs, String msgPath, Boolean bFromProxy, Boolean useLongPath, Boolean checkHost)
   at System.IO.FileStream..ctor(String path, FileMode mode, FileAccess access, FileShare share, Int32 bufferSize, FileOptions options, String msgPath, Boolean bFromProxy, Boolean useLongPath, Boolean checkHost)
   at System.IO.StreamWriter.CreateFile(String path, Boolean append, Boolean checkHost)
   at System.IO.StreamWriter..ctor(String path, Boolean append, Encoding encoding, Int32 bufferSize, Boolean checkHost)
   at System.IO.StreamWriter..ctor(String path, Boolean append)
   at ServiceStack.ServiceHost.FileExtensions.SaveTo(IFile file, String filePath)
   at VOESystem.Data.Business.DocumentOps.uploadFile(IDbConnection dbConn, IFile file, String userName, Nullable`1 OrderRequestId, Nullable`1 EmployerId, DocumentType doctype, Boolean UploadToEncompass, String LoanNumber, String filePathName, Nullable`1 DocumentContentTypeId, String baseUrl) in C:\Data\FirstMortgage\BitBucket\voesystem\VOEFrontend\VOESystem.Data\Business\DocumentOps.cs:line 265 System.IO.DirectoryNotFoundException: Could not find a part of the path 'C:\Temp\VOERepository\Documents\Upload\20260527142740792_1081525845_January 2025.pdf'.
   at System.IO.__Error.WinIOError(Int32 errorCode, String maybeFullPath)
   at System.IO.FileStream.Init(String path, FileMode mode, FileAccess access, Int32 rights, Boolean useRights, FileShare share, Int32 bufferSize, FileOptions options, SECURITY_ATTRIBUTES secAttrs, String msgPath, Boolean bFromProxy, Boolean useLongPath, Boolean checkHost)
   at System.IO.FileStream..ctor(String path, FileMode mode, FileAccess access, FileShare share, Int32 bufferSize, FileOptions options, String msgPath, Boolean bFromProxy, Boolean useLongPath, Boolean checkHost)
   at System.IO.StreamWriter.CreateFile(String path, Boolean append, Boolean checkHost)
   at System.IO.StreamWriter..ctor(String path, Boolean append, Encoding encoding, Int32 bufferSize, Boolean checkHost)
   at System.IO.StreamWriter..ctor(String path, Boolean append)
   at ServiceStack.ServiceHost.FileExtensions.SaveTo(IFile file, String filePath)
   at VOESystem.Data.Business.DocumentOps.uploadFile(IDbConnection dbConn, IFile file, String userName, Nullable`1 OrderRequestId, Nullable`1 EmployerId, DocumentType doctype, Boolean UploadToEncompass, String LoanNumber, String filePathName, Nullable`1 DocumentContentTypeId, String baseUrl) in C:\Data\FirstMortgage\BitBucket\voesystem\VOEFrontend\VOESystem.Data\Business\DocumentOps.cs:line 265
2026-05-27 14:27:40.8447 ERROR Error Uploading Attachment to VOE System: C:\Temp\MailAttachments\AAkALgAAAAAAHYQDEapmEc2byACqACEWg0AXGp6OdBg0CxQrF5bBnBPAAHIkGPMgAAJanuary 2025pdf 
2026-05-27 14:27:40.8717 ERROR System.Exception: Exception of type 'System.Exception' was thrown. System.Exception: Exception of type 'System.Exception' was thrown.
2026-05-27 14:27:40.9217 ERROR Error Uploading File 1081525845;C:\Temp\VOERepository\Documents\Upload\20260527142740920_1081525845_March 2025.pdf;March 2025.pdf 
2026-05-27 14:27:40.9487 ERROR System.IO.DirectoryNotFoundException: Could not find a part of the path 'C:\Temp\VOERepository\Documents\Upload\20260527142740920_1081525845_March 2025.pdf'.
   at System.IO.__Error.WinIOError(Int32 errorCode, String maybeFullPath)
   at System.IO.FileStream.Init(String path, FileMode mode, FileAccess access, Int32 rights, Boolean useRights, FileShare share, Int32 bufferSize, FileOptions options, SECURITY_ATTRIBUTES secAttrs, String msgPath, Boolean bFromProxy, Boolean useLongPath, Boolean checkHost)
   at System.IO.FileStream..ctor(String path, FileMode mode, FileAccess access, FileShare share, Int32 bufferSize, FileOptions options, String msgPath, Boolean bFromProxy, Boolean useLongPath, Boolean checkHost)
   at System.IO.StreamWriter.CreateFile(String path, Boolean append, Boolean checkHost)
   at System.IO.StreamWriter..ctor(String path, Boolean append, Encoding encoding, Int32 bufferSize, Boolean checkHost)
   at System.IO.StreamWriter..ctor(String path, Boolean append)
   at ServiceStack.ServiceHost.FileExtensions.SaveTo(IFile file, String filePath)
   at VOESystem.Data.Business.DocumentOps.uploadFile(IDbConnection dbConn, IFile file, String userName, Nullable`1 OrderRequestId, Nullable`1 EmployerId, DocumentType doctype, Boolean UploadToEncompass, String LoanNumber, String filePathName, Nullable`1 DocumentContentTypeId, String baseUrl) in C:\Data\FirstMortgage\BitBucket\voesystem\VOEFrontend\VOESystem.Data\Business\DocumentOps.cs:line 265 System.IO.DirectoryNotFoundException: Could not find a part of the path 'C:\Temp\VOERepository\Documents\Upload\20260527142740920_1081525845_March 2025.pdf'.
   at System.IO.__Error.WinIOError(Int32 errorCode, String maybeFullPath)
   at System.IO.FileStream.Init(String path, FileMode mode, FileAccess access, Int32 rights, Boolean useRights, FileShare share, Int32 bufferSize, FileOptions options, SECURITY_ATTRIBUTES secAttrs, String msgPath, Boolean bFromProxy, Boolean useLongPath, Boolean checkHost)
   at System.IO.FileStream..ctor(String path, FileMode mode, FileAccess access, FileShare share, Int32 bufferSize, FileOptions options, String msgPath, Boolean bFromProxy, Boolean useLongPath, Boolean checkHost)
   at System.IO.StreamWriter.CreateFile(String path, Boolean append, Boolean checkHost)
   at System.IO.StreamWriter..ctor(String path, Boolean append, Encoding encoding, Int32 bufferSize, Boolean checkHost)
   at System.IO.StreamWriter..ctor(String path, Boolean append)
   at ServiceStack.ServiceHost.FileExtensions.SaveTo(IFile file, String filePath)
   at VOESystem.Data.Business.DocumentOps.uploadFile(IDbConnection dbConn, IFile file, String userName, Nullable`1 OrderRequestId, Nullable`1 EmployerId, DocumentType doctype, Boolean UploadToEncompass, String LoanNumber, String filePathName, Nullable`1 DocumentContentTypeId, String baseUrl) in C:\Data\FirstMortgage\BitBucket\voesystem\VOEFrontend\VOESystem.Data\Business\DocumentOps.cs:line 265
2026-05-27 14:27:40.9747 ERROR Error Uploading Attachment to VOE System: C:\Temp\MailAttachments\AAkALgAAAAAAHYQDEapmEc2byACqACEWg0AXGp6OdBg0CxQrF5bBnBPAAHIkGPMgAAMarch 2025pdf 
2026-05-27 14:27:40.9997 ERROR System.Exception: Exception of type 'System.Exception' was thrown. System.Exception: Exception of type 'System.Exception' was thrown.
2026-05-27 14:27:41.0487 ERROR Error Uploading File 1081525845;C:\Temp\VOERepository\Documents\Upload\20260527142741047_1081525845_May 2025.pdf;May 2025.pdf 
2026-05-27 14:27:41.0747 ERROR System.IO.DirectoryNotFoundException: Could not find a part of the path 'C:\Temp\VOERepository\Documents\Upload\20260527142741047_1081525845_May 2025.pdf'.
   at System.IO.__Error.WinIOError(Int32 errorCode, String maybeFullPath)
   at System.IO.FileStream.Init(String path, FileMode mode, FileAccess access, Int32 rights, Boolean useRights, FileShare share, Int32 bufferSize, FileOptions options, SECURITY_ATTRIBUTES secAttrs, String msgPath, Boolean bFromProxy, Boolean useLongPath, Boolean checkHost)
   at System.IO.FileStream..ctor(String path, FileMode mode, FileAccess access, FileShare share, Int32 bufferSize, FileOptions options, String msgPath, Boolean bFromProxy, Boolean useLongPath, Boolean checkHost)
   at System.IO.StreamWriter.CreateFile(String path, Boolean append, Boolean checkHost)
   at System.IO.StreamWriter..ctor(String path, Boolean append, Encoding encoding, Int32 bufferSize, Boolean checkHost)
   at System.IO.StreamWriter..ctor(String path, Boolean append)
   at ServiceStack.ServiceHost.FileExtensions.SaveTo(IFile file, String filePath)
   at VOESystem.Data.Business.DocumentOps.uploadFile(IDbConnection dbConn, IFile file, String userName, Nullable`1 OrderRequestId, Nullable`1 EmployerId, DocumentType doctype, Boolean UploadToEncompass, String LoanNumber, String filePathName, Nullable`1 DocumentContentTypeId, String baseUrl) in C:\Data\FirstMortgage\BitBucket\voesystem\VOEFrontend\VOESystem.Data\Business\DocumentOps.cs:line 265 System.IO.DirectoryNotFoundException: Could not find a part of the path 'C:\Temp\VOERepository\Documents\Upload\20260527142741047_1081525845_May 2025.pdf'.
   at System.IO.__Error.WinIOError(Int32 errorCode, String maybeFullPath)
   at System.IO.FileStream.Init(String path, FileMode mode, FileAccess access, Int32 rights, Boolean useRights, FileShare share, Int32 bufferSize, FileOptions options, SECURITY_ATTRIBUTES secAttrs, String msgPath, Boolean bFromProxy, Boolean useLongPath, Boolean checkHost)
   at System.IO.FileStream..ctor(String path, FileMode mode, FileAccess access, FileShare share, Int32 bufferSize, FileOptions options, String msgPath, Boolean bFromProxy, Boolean useLongPath, Boolean checkHost)
   at System.IO.StreamWriter.CreateFile(String path, Boolean append, Boolean checkHost)
   at System.IO.StreamWriter..ctor(String path, Boolean append, Encoding encoding, Int32 bufferSize, Boolean checkHost)
   at System.IO.StreamWriter..ctor(String path, Boolean append)
   at ServiceStack.ServiceHost.FileExtensions.SaveTo(IFile file, String filePath)
   at VOESystem.Data.Business.DocumentOps.uploadFile(IDbConnection dbConn, IFile file, String userName, Nullable`1 OrderRequestId, Nullable`1 EmployerId, DocumentType doctype, Boolean UploadToEncompass, String LoanNumber, String filePathName, Nullable`1 DocumentContentTypeId, String baseUrl) in C:\Data\FirstMortgage\BitBucket\voesystem\VOEFrontend\VOESystem.Data\Business\DocumentOps.cs:line 265
2026-05-27 14:27:41.1023 ERROR Error Uploading Attachment to VOE System: C:\Temp\MailAttachments\AAkALgAAAAAAHYQDEapmEc2byACqACEWg0AXGp6OdBg0CxQrF5bBnBPAAHIkGPMgAAMay 2025pdf 
2026-05-27 14:27:41.1353 ERROR System.Exception: Exception of type 'System.Exception' was thrown. System.Exception: Exception of type 'System.Exception' was thrown.
2026-05-27 14:27:41.1864 ERROR Error Uploading File 1081525845;C:\Temp\VOERepository\Documents\Upload\20260527142741185_1081525845_August 2025.pdf;August 2025.pdf 
2026-05-27 14:27:41.2144 ERROR System.IO.DirectoryNotFoundException: Could not find a part of the path 'C:\Temp\VOERepository\Documents\Upload\20260527142741185_1081525845_August 2025.pdf'.
   at System.IO.__Error.WinIOError(Int32 errorCode, String maybeFullPath)
   at System.IO.FileStream.Init(String path, FileMode mode, FileAccess access, Int32 rights, Boolean useRights, FileShare share, Int32 bufferSize, FileOptions options, SECURITY_ATTRIBUTES secAttrs, String msgPath, Boolean bFromProxy, Boolean useLongPath, Boolean checkHost)
   at System.IO.FileStream..ctor(String path, FileMode mode, FileAccess access, FileShare share, Int32 bufferSize, FileOptions options, String msgPath, Boolean bFromProxy, Boolean useLongPath, Boolean checkHost)
   at System.IO.StreamWriter.CreateFile(String path, Boolean append, Boolean checkHost)
   at System.IO.StreamWriter..ctor(String path, Boolean append, Encoding encoding, Int32 bufferSize, Boolean checkHost)
   at System.IO.StreamWriter..ctor(String path, Boolean append)
   at ServiceStack.ServiceHost.FileExtensions.SaveTo(IFile file, String filePath)
   at VOESystem.Data.Business.DocumentOps.uploadFile(IDbConnection dbConn, IFile file, String userName, Nullable`1 OrderRequestId, Nullable`1 EmployerId, DocumentType doctype, Boolean UploadToEncompass, String LoanNumber, String filePathName, Nullable`1 DocumentContentTypeId, String baseUrl) in C:\Data\FirstMortgage\BitBucket\voesystem\VOEFrontend\VOESystem.Data\Business\DocumentOps.cs:line 265 System.IO.DirectoryNotFoundException: Could not find a part of the path 'C:\Temp\VOERepository\Documents\Upload\20260527142741185_1081525845_August 2025.pdf'.
   at System.IO.__Error.WinIOError(Int32 errorCode, String maybeFullPath)
   at System.IO.FileStream.Init(String path, FileMode mode, FileAccess access, Int32 rights, Boolean useRights, FileShare share, Int32 bufferSize, FileOptions options, SECURITY_ATTRIBUTES secAttrs, String msgPath, Boolean bFromProxy, Boolean useLongPath, Boolean checkHost)
   at System.IO.FileStream..ctor(String path, FileMode mode, FileAccess access, FileShare share, Int32 bufferSize, FileOptions options, String msgPath, Boolean bFromProxy, Boolean useLongPath, Boolean checkHost)
   at System.IO.StreamWriter.CreateFile(String path, Boolean append, Boolean checkHost)
   at System.IO.StreamWriter..ctor(String path, Boolean append, Encoding encoding, Int32 bufferSize, Boolean checkHost)
   at System.IO.StreamWriter..ctor(String path, Boolean append)
   at ServiceStack.ServiceHost.FileExtensions.SaveTo(IFile file, String filePath)
   at VOESystem.Data.Business.DocumentOps.uploadFile(IDbConnection dbConn, IFile file, String userName, Nullable`1 OrderRequestId, Nullable`1 EmployerId, DocumentType doctype, Boolean UploadToEncompass, String LoanNumber, String filePathName, Nullable`1 DocumentContentTypeId, String baseUrl) in C:\Data\FirstMortgage\BitBucket\voesystem\VOEFrontend\VOESystem.Data\Business\DocumentOps.cs:line 265
2026-05-27 14:27:41.2499 ERROR Error Uploading Attachment to VOE System: C:\Temp\MailAttachments\AAkALgAAAAAAHYQDEapmEc2byACqACEWg0AXGp6OdBg0CxQrF5bBnBPAAHIkGPMgAAAugust 2025pdf 
2026-05-27 14:27:41.2779 ERROR System.Exception: Exception of type 'System.Exception' was thrown. System.Exception: Exception of type 'System.Exception' was thrown.
2026-05-27 14:27:41.4004 ERROR Error Uploading File 1081525845;C:\Temp\VOERepository\Documents\Upload\20260527142741400_1081525845_November 2025.pdf;November 2025.pdf 
2026-05-27 14:27:41.4294 ERROR System.IO.DirectoryNotFoundException: Could not find a part of the path 'C:\Temp\VOERepository\Documents\Upload\20260527142741400_1081525845_November 2025.pdf'.
   at System.IO.__Error.WinIOError(Int32 errorCode, String maybeFullPath)
   at System.IO.FileStream.Init(String path, FileMode mode, FileAccess access, Int32 rights, Boolean useRights, FileShare share, Int32 bufferSize, FileOptions options, SECURITY_ATTRIBUTES secAttrs, String msgPath, Boolean bFromProxy, Boolean useLongPath, Boolean checkHost)
   at System.IO.FileStream..ctor(String path, FileMode mode, FileAccess access, FileShare share, Int32 bufferSize, FileOptions options, String msgPath, Boolean bFromProxy, Boolean useLongPath, Boolean checkHost)
   at System.IO.StreamWriter.CreateFile(String path, Boolean append, Boolean checkHost)
   at System.IO.StreamWriter..ctor(String path, Boolean append, Encoding encoding, Int32 bufferSize, Boolean checkHost)
   at System.IO.StreamWriter..ctor(String path, Boolean append)
   at ServiceStack.ServiceHost.FileExtensions.SaveTo(IFile file, String filePath)
   at VOESystem.Data.Business.DocumentOps.uploadFile(IDbConnection dbConn, IFile file, String userName, Nullable`1 OrderRequestId, Nullable`1 EmployerId, DocumentType doctype, Boolean UploadToEncompass, String LoanNumber, String filePathName, Nullable`1 DocumentContentTypeId, String baseUrl) in C:\Data\FirstMortgage\BitBucket\voesystem\VOEFrontend\VOESystem.Data\Business\DocumentOps.cs:line 265 System.IO.DirectoryNotFoundException: Could not find a part of the path 'C:\Temp\VOERepository\Documents\Upload\20260527142741400_1081525845_November 2025.pdf'.
   at System.IO.__Error.WinIOError(Int32 errorCode, String maybeFullPath)
   at System.IO.FileStream.Init(String path, FileMode mode, FileAccess access, Int32 rights, Boolean useRights, FileShare share, Int32 bufferSize, FileOptions options, SECURITY_ATTRIBUTES secAttrs, String msgPath, Boolean bFromProxy, Boolean useLongPath, Boolean checkHost)
   at System.IO.FileStream..ctor(String path, FileMode mode, FileAccess access, FileShare share, Int32 bufferSize, FileOptions options, String msgPath, Boolean bFromProxy, Boolean useLongPath, Boolean checkHost)
   at System.IO.StreamWriter.CreateFile(String path, Boolean append, Boolean checkHost)
   at System.IO.StreamWriter..ctor(String path, Boolean append, Encoding encoding, Int32 bufferSize, Boolean checkHost)
   at System.IO.StreamWriter..ctor(String path, Boolean append)
   at ServiceStack.ServiceHost.FileExtensions.SaveTo(IFile file, String filePath)
   at VOESystem.Data.Business.DocumentOps.uploadFile(IDbConnection dbConn, IFile file, String userName, Nullable`1 OrderRequestId, Nullable`1 EmployerId, DocumentType doctype, Boolean UploadToEncompass, String LoanNumber, String filePathName, Nullable`1 DocumentContentTypeId, String baseUrl) in C:\Data\FirstMortgage\BitBucket\voesystem\VOEFrontend\VOESystem.Data\Business\DocumentOps.cs:line 265
2026-05-27 14:27:41.4565 ERROR Error Uploading Attachment to VOE System: C:\Temp\MailAttachments\AAkALgAAAAAAHYQDEapmEc2byACqACEWg0AXGp6OdBg0CxQrF5bBnBPAAHIkGPMgAANovember 2025pdf 
2026-05-27 14:27:41.4825 ERROR System.Exception: Exception of type 'System.Exception' was thrown. System.Exception: Exception of type 'System.Exception' was thrown.
2026-05-27 14:27:41.5094 INFO Skipping Attachment - DisallowedFileType: image001.png in AAkALgAAAAAAHYQDEapmEc2byACqAC-EWg0A-XGp6OdBg0CxQrF5bBnBPAAHIkGPMgAA 
2026-05-27 14:27:41.5564 INFO Email Logged: RE: VOE Order for Koray Caglayan [1081525845-03] 
2026-05-27 14:27:41.5895 INFO Email Logged to Database: AAkALgAAAAAAHYQDEapmEc2byACqAC-EWg0A-XGp6OdBg0CxQrF5bBnBPAAHIkGPMgAA RE: VOE Order for Koray Caglayan [1081525845-03] 1:16 PM 
2026-05-27 14:27:41.6174 INFO Getting message voe@firsthome.com: AAkALgAAAAAAHYQDEapmEc2byACqAC-EWg0A-XGp6OdBg0CxQrF5bBnBPAAHIkGPGwAA 
2026-05-27 14:27:42.0071 INFO Getting message HTML voe@firsthome.com: AAkALgAAAAAAHYQDEapmEc2byACqAC-EWg0A-XGp6OdBg0CxQrF5bBnBPAAHIkGPGwAA 
2026-05-27 14:27:42.0381 INFO Getting message voe@firsthome.com: AAkALgAAAAAAHYQDEapmEc2byACqAC-EWg0A-XGp6OdBg0CxQrF5bBnBPAAHIkGPGwAA 
2026-05-27 14:27:42.2926 INFO Email Not Matched: AAkALgAAAAAAHYQDEapmEc2byACqAC-EWg0A-XGp6OdBg0CxQrF5bBnBPAAHIkGPGwAA Improve collaboration with Comments 1:15 PM 
2026-05-27 14:27:42.3391 INFO Getting message voe@firsthome.com: AAkALgAAAAAAHYQDEapmEc2byACqAC-EWg0A-XGp6OdBg0CxQrF5bBnBPAAHIkGNFQAA 
2026-05-27 14:27:42.4965 INFO Getting message HTML voe@firsthome.com: AAkALgAAAAAAHYQDEapmEc2byACqAC-EWg0A-XGp6OdBg0CxQrF5bBnBPAAHIkGNFQAA 
2026-05-27 14:27:42.5246 INFO Getting message voe@firsthome.com: AAkALgAAAAAAHYQDEapmEc2byACqAC-EWg0A-XGp6OdBg0CxQrF5bBnBPAAHIkGNFQAA 
2026-05-27 14:27:42.8252 INFO Email Logged: Re: Assistance Requested - Truv Reverification [1010517616-04] 
2026-05-27 14:27:42.8606 INFO Email Logged to Database: AAkALgAAAAAAHYQDEapmEc2byACqAC-EWg0A-XGp6OdBg0CxQrF5bBnBPAAHIkGNFQAA Re: Assistance Requested - Truv Reverification [1010517616-04] 1:13 PM 
2026-05-27 14:27:42.8882 INFO Getting message voe@firsthome.com: AAkALgAAAAAAHYQDEapmEc2byACqAC-EWg0A-XGp6OdBg0CxQrF5bBnBPAAHIkGL6AAA 
2026-05-27 14:27:43.0512 INFO Getting message HTML voe@firsthome.com: AAkALgAAAAAAHYQDEapmEc2byACqAC-EWg0A-XGp6OdBg0CxQrF5bBnBPAAHIkGL6AAA 
2026-05-27 14:27:43.0792 INFO Getting message voe@firsthome.com: AAkALgAAAAAAHYQDEapmEc2byACqAC-EWg0A-XGp6OdBg0CxQrF5bBnBPAAHIkGL6AAA 
2026-05-27 14:27:43.4009 INFO Email Logged: Re: MyBiz Verification of Employment [1083525502-01] 
2026-05-27 14:27:43.4339 INFO Email Logged to Database: AAkALgAAAAAAHYQDEapmEc2byACqAC-EWg0A-XGp6OdBg0CxQrF5bBnBPAAHIkGL6AAA Re: MyBiz Verification of Employment [1083525502-01] 1:11 PM 
2026-05-27 14:27:43.4609 INFO Getting message voe@firsthome.com: AAkALgAAAAAAHYQDEapmEc2byACqAC-EWg0A-XGp6OdBg0CxQrF5bBnBPAAHIkGLvgAA 
2026-05-27 14:27:43.6169 INFO Getting message HTML voe@firsthome.com: AAkALgAAAAAAHYQDEapmEc2byACqAC-EWg0A-XGp6OdBg0CxQrF5bBnBPAAHIkGLvgAA 
2026-05-27 14:27:43.6429 INFO Getting message voe@firsthome.com: AAkALgAAAAAAHYQDEapmEc2byACqAC-EWg0A-XGp6OdBg0CxQrF5bBnBPAAHIkGLvgAA 
2026-05-27 14:27:44.1551 INFO Skipping Attachment - Possible Signature Image: 3635fe1e-ba17-4617-9f62-d9e613ea5a5f.png(9619K) in AAkALgAAAAAAHYQDEapmEc2byACqAC-EWg0A-XGp6OdBg0CxQrF5bBnBPAAHIkGLvgAA 
2026-05-27 14:27:44.1821 INFO Skipping Attachment - DisallowedFileType: d79b6648-58bb-44ba-9085-0efa0b686884.png in AAkALgAAAAAAHYQDEapmEc2byACqAC-EWg0A-XGp6OdBg0CxQrF5bBnBPAAHIkGLvgAA 
2026-05-27 14:27:44.2081 INFO Skipping Attachment - Possible Signature Image: 19be0498-156c-4a9b-966f-23cead87382c.png(844K) in AAkALgAAAAAAHYQDEapmEc2byACqAC-EWg0A-XGp6OdBg0CxQrF5bBnBPAAHIkGLvgAA 
2026-05-27 14:27:44.2331 INFO Skipping Attachment - Possible Signature Image: 75fd1fce-cca0-459a-b32c-f86ece631887.png(2510K) in AAkALgAAAAAAHYQDEapmEc2byACqAC-EWg0A-XGp6OdBg0CxQrF5bBnBPAAHIkGLvgAA 
2026-05-27 14:27:44.2591 INFO Skipping Attachment - Possible Signature Image: 9a0ebd68-03f2-4f0c-9f30-bd9717d76019.png(797K) in AAkALgAAAAAAHYQDEapmEc2byACqAC-EWg0A-XGp6OdBg0CxQrF5bBnBPAAHIkGLvgAA 
2026-05-27 14:27:44.2837 INFO Skipping Attachment - Possible Signature Image: b6f30c2d-663a-4d9b-a1bb-6b18f2d72245.png(6331K) in AAkALgAAAAAAHYQDEapmEc2byACqAC-EWg0A-XGp6OdBg0CxQrF5bBnBPAAHIkGLvgAA 
2026-05-27 14:27:44.5878 ERROR Error Uploading File 1024524470;C:\Temp\VOERepository\Documents\Upload\20260527142744587_1024524470_Brenda Hobbs Employment Verification.pdf;Brenda Hobbs Employment Verification.pdf 
2026-05-27 14:27:44.6168 ERROR System.IO.DirectoryNotFoundException: Could not find a part of the path 'C:\Temp\VOERepository\Documents\Upload\20260527142744587_1024524470_Brenda Hobbs Employment Verification.pdf'.
   at System.IO.__Error.WinIOError(Int32 errorCode, String maybeFullPath)
   at System.IO.FileStream.Init(String path, FileMode mode, FileAccess access, Int32 rights, Boolean useRights, FileShare share, Int32 bufferSize, FileOptions options, SECURITY_ATTRIBUTES secAttrs, String msgPath, Boolean bFromProxy, Boolean useLongPath, Boolean checkHost)
   at System.IO.FileStream..ctor(String path, FileMode mode, FileAccess access, FileShare share, Int32 bufferSize, FileOptions options, String msgPath, Boolean bFromProxy, Boolean useLongPath, Boolean checkHost)
   at System.IO.StreamWriter.CreateFile(String path, Boolean append, Boolean checkHost)
   at System.IO.StreamWriter..ctor(String path, Boolean append, Encoding encoding, Int32 bufferSize, Boolean checkHost)
   at System.IO.StreamWriter..ctor(String path, Boolean append)
   at ServiceStack.ServiceHost.FileExtensions.SaveTo(IFile file, String filePath)
   at VOESystem.Data.Business.DocumentOps.uploadFile(IDbConnection dbConn, IFile file, String userName, Nullable`1 OrderRequestId, Nullable`1 EmployerId, DocumentType doctype, Boolean UploadToEncompass, String LoanNumber, String filePathName, Nullable`1 DocumentContentTypeId, String baseUrl) in C:\Data\FirstMortgage\BitBucket\voesystem\VOEFrontend\VOESystem.Data\Business\DocumentOps.cs:line 265 System.IO.DirectoryNotFoundException: Could not find a part of the path 'C:\Temp\VOERepository\Documents\Upload\20260527142744587_1024524470_Brenda Hobbs Employment Verification.pdf'.
   at System.IO.__Error.WinIOError(Int32 errorCode, String maybeFullPath)
   at System.IO.FileStream.Init(String path, FileMode mode, FileAccess access, Int32 rights, Boolean useRights, FileShare share, Int32 bufferSize, FileOptions options, SECURITY_ATTRIBUTES secAttrs, String msgPath, Boolean bFromProxy, Boolean useLongPath, Boolean checkHost)
   at System.IO.FileStream..ctor(String path, FileMode mode, FileAccess access, FileShare share, Int32 bufferSize, FileOptions options, String msgPath, Boolean bFromProxy, Boolean useLongPath, Boolean checkHost)
   at System.IO.StreamWriter.CreateFile(String path, Boolean append, Boolean checkHost)
   at System.IO.StreamWriter..ctor(String path, Boolean append, Encoding encoding, Int32 bufferSize, Boolean checkHost)
   at System.IO.StreamWriter..ctor(String path, Boolean append)
   at ServiceStack.ServiceHost.FileExtensions.SaveTo(IFile file, String filePath)
   at VOESystem.Data.Business.DocumentOps.uploadFile(IDbConnection dbConn, IFile file, String userName, Nullable`1 OrderRequestId, Nullable`1 EmployerId, DocumentType doctype, Boolean UploadToEncompass, String LoanNumber, String filePathName, Nullable`1 DocumentContentTypeId, String baseUrl) in C:\Data\FirstMortgage\BitBucket\voesystem\VOEFrontend\VOESystem.Data\Business\DocumentOps.cs:line 265
2026-05-27 14:27:44.6438 ERROR Error Uploading Attachment to VOE System: C:\Temp\MailAttachments\AAkALgAAAAAAHYQDEapmEc2byACqACEWg0AXGp6OdBg0CxQrF5bBnBPAAHIkGLvgAABrenda Hobbs Employment Verificationpdf 
2026-05-27 14:27:44.6708 ERROR System.Exception: Exception of type 'System.Exception' was thrown. System.Exception: Exception of type 'System.Exception' was thrown.
2026-05-27 14:27:44.7408 INFO Email Logged: Re: <External> Verification of Employment Request Brenda L Hobbs [1024524470-01] 
2026-05-27 14:27:44.7849 INFO Email Logged to Database: AAkALgAAAAAAHYQDEapmEc2byACqAC-EWg0A-XGp6OdBg0CxQrF5bBnBPAAHIkGLvgAA Re: <External> Verification of Employment Request Brenda L Hobbs [1024524470-01] 1:02 PM 
2026-05-27 14:27:44.8123 INFO Getting message voe@firsthome.com: AAkALgAAAAAAHYQDEapmEc2byACqAC-EWg0A-XGp6OdBg0CxQrF5bBnBPAAHIkGLsAAA 
2026-05-27 14:27:44.9709 INFO Getting message HTML voe@firsthome.com: AAkALgAAAAAAHYQDEapmEc2byACqAC-EWg0A-XGp6OdBg0CxQrF5bBnBPAAHIkGLsAAA 
2026-05-27 14:27:45.0009 INFO Getting message voe@firsthome.com: AAkALgAAAAAAHYQDEapmEc2byACqAC-EWg0A-XGp6OdBg0CxQrF5bBnBPAAHIkGLsAAA 
2026-05-27 14:27:45.4755 ERROR Error Uploading File 5012525349;C:\Temp\VOERepository\Documents\Upload\20260527142745474_5012525349_image002.jpg;image002.jpg 
2026-05-27 14:27:45.5045 ERROR System.IO.DirectoryNotFoundException: Could not find a part of the path 'C:\Temp\VOERepository\Documents\Upload\20260527142745474_5012525349_image002.jpg'.
   at System.IO.__Error.WinIOError(Int32 errorCode, String maybeFullPath)
   at System.IO.FileStream.Init(String path, FileMode mode, FileAccess access, Int32 rights, Boolean useRights, FileShare share, Int32 bufferSize, FileOptions options, SECURITY_ATTRIBUTES secAttrs, String msgPath, Boolean bFromProxy, Boolean useLongPath, Boolean checkHost)
   at System.IO.FileStream..ctor(String path, FileMode mode, FileAccess access, FileShare share, Int32 bufferSize, FileOptions options, String msgPath, Boolean bFromProxy, Boolean useLongPath, Boolean checkHost)
   at System.IO.StreamWriter.CreateFile(String path, Boolean append, Boolean checkHost)
   at System.IO.StreamWriter..ctor(String path, Boolean append, Encoding encoding, Int32 bufferSize, Boolean checkHost)
   at System.IO.StreamWriter..ctor(String path, Boolean append)
   at ServiceStack.ServiceHost.FileExtensions.SaveTo(IFile file, String filePath)
   at VOESystem.Data.Business.DocumentOps.uploadFile(IDbConnection dbConn, IFile file, String userName, Nullable`1 OrderRequestId, Nullable`1 EmployerId, DocumentType doctype, Boolean UploadToEncompass, String LoanNumber, String filePathName, Nullable`1 DocumentContentTypeId, String baseUrl) in C:\Data\FirstMortgage\BitBucket\voesystem\VOEFrontend\VOESystem.Data\Business\DocumentOps.cs:line 265 System.IO.DirectoryNotFoundException: Could not find a part of the path 'C:\Temp\VOERepository\Documents\Upload\20260527142745474_5012525349_image002.jpg'.
   at System.IO.__Error.WinIOError(Int32 errorCode, String maybeFullPath)
   at System.IO.FileStream.Init(String path, FileMode mode, FileAccess access, Int32 rights, Boolean useRights, FileShare share, Int32 bufferSize, FileOptions options, SECURITY_ATTRIBUTES secAttrs, String msgPath, Boolean bFromProxy, Boolean useLongPath, Boolean checkHost)
   at System.IO.FileStream..ctor(String path, FileMode mode, FileAccess access, FileShare share, Int32 bufferSize, FileOptions options, String msgPath, Boolean bFromProxy, Boolean useLongPath, Boolean checkHost)
   at System.IO.StreamWriter.CreateFile(String path, Boolean append, Boolean checkHost)
   at System.IO.StreamWriter..ctor(String path, Boolean append, Encoding encoding, Int32 bufferSize, Boolean checkHost)
   at System.IO.StreamWriter..ctor(String path, Boolean append)
   at ServiceStack.ServiceHost.FileExtensions.SaveTo(IFile file, String filePath)
   at VOESystem.Data.Business.DocumentOps.uploadFile(IDbConnection dbConn, IFile file, String userName, Nullable`1 OrderRequestId, Nullable`1 EmployerId, DocumentType doctype, Boolean UploadToEncompass, String LoanNumber, String filePathName, Nullable`1 DocumentContentTypeId, String baseUrl) in C:\Data\FirstMortgage\BitBucket\voesystem\VOEFrontend\VOESystem.Data\Business\DocumentOps.cs:line 265
2026-05-27 14:27:45.5315 ERROR Error Uploading Attachment to VOE System: C:\Temp\MailAttachments\AAkALgAAAAAAHYQDEapmEc2byACqACEWg0AXGp6OdBg0CxQrF5bBnBPAAHIkGLsAAAimage002jpg 
2026-05-27 14:27:45.5575 ERROR System.Exception: Exception of type 'System.Exception' was thrown. System.Exception: Exception of type 'System.Exception' was thrown.
2026-05-27 14:27:45.5855 INFO Skipping Attachment - Possible Signature Image: image004.jpg(1624K) in AAkALgAAAAAAHYQDEapmEc2byACqAC-EWg0A-XGp6OdBg0CxQrF5bBnBPAAHIkGLsAAA 
2026-05-27 14:27:45.6115 INFO Skipping Attachment - Possible Signature Image: image005.jpg(1676K) in AAkALgAAAAAAHYQDEapmEc2byACqAC-EWg0A-XGp6OdBg0CxQrF5bBnBPAAHIkGLsAAA 
2026-05-27 14:27:45.6375 INFO Skipping Attachment - Possible Signature Image: image006.jpg(1520K) in AAkALgAAAAAAHYQDEapmEc2byACqAC-EWg0A-XGp6OdBg0CxQrF5bBnBPAAHIkGLsAAA 
2026-05-27 14:27:45.6645 INFO Skipping Attachment - Possible Signature Image: image007.jpg(1643K) in AAkALgAAAAAAHYQDEapmEc2byACqAC-EWg0A-XGp6OdBg0CxQrF5bBnBPAAHIkGLsAAA 
2026-05-27 14:27:45.6925 INFO Skipping Attachment - Possible Signature Image: image001.png(462K) in AAkALgAAAAAAHYQDEapmEc2byACqAC-EWg0A-XGp6OdBg0CxQrF5bBnBPAAHIkGLsAAA 
2026-05-27 14:27:45.7395 INFO Email Logged: RE: Secure_URGENT - Verification of Employment Request Ryan Benton [5012525349-01] 
2026-05-27 14:27:46.0662 TRACE {"__type":"FHMC.Graph.Email+MailMessage, FHMC.Graph","Subject":"REPLY ERROR - 5012525349-01 RE: Secure_URGENT - Verification of Employment Request Ryan Benton [5012525349-01]","ReceivedDateTime":"\/Date(-62135596800000-0000)\/","Attachments":[],"Body":"This order has been APPROVED and new emails are no longer monitored for this VOE.  \n\nCurrent Employment Status: Current-Active\n\nPlease contact VOE@firsthome with the order number -found in the subject line of this email - in order to address your inquiry/concerns.\r\n\r\nSincerely,\r\nFirst Home Mortgage Verification Team\r\n6211 Greenleigh Avenue, Suite 300, Baltimore MD 21220  \r\n\r\n(For questions or concerns on the status of your VOE please check the VOE pipeline at http://aze-app-1v/voesystem/pipeline)\r\n\r\n\r\n\r\nCONFIDENTIALITY NOTICE\r\nThe information contained in this electronic message is confidential information intended for the use of the individual or entity named above. If the reader of this message is not the intended recipient, or an employee or agent responsible for delivering this electronic message to the intended recipient, you are hereby notified that any dissemination, or copying of this communication is strictly prohibited. If this message contains non-public personal information about any consumer or customer of the sender or intended recipient, you are further prohibited under penalty of law from using or disclosing the information to any third party by provisions of the federal Gramm-Leach-Bliley Act. If you have received this electronic message in error, please immediately notify us by return email destroy the original message to assure that it is not read, copied, or distributed by others.\r\n\r\n\n\n\n\r\n\r\nSincerely,\r\nFirst Home Mortgage Verification Team\r\n6211 Greenleigh Avenue, Suite 300, Baltimore MD 21220  \r\n\r\n(For questions or concerns on the status of your VOE please check the VOE pipeline at http://aze-app-1v/voesystem/pipeline)\n\n---------Original Message----------------------\nFrom: keller@thesouthern.bank\nSent: Wed, May 27, 2026 01:01 PM\nTo: YPhipps@firsthome.com, VOE@firsthome.com\nCc: \nSubject: RE: Secure_URGENT - Verification of Employment Request Ryan Benton [5012525349-01]\n\n*** This message originated outside the organization ***\r\n\r\n________________________________\r\nGood morning, Yasmim.    At this time, the bank has not determined schedule or increase % for 2027 and cannot provide the information for next pay increase or date.\r\n\r\nThank you.\r\n\r\nKristi A. Eller\r\nChief Administrative Officer\r\nO: 864-406-8319\r\nM: 704-437-6615\r\n[cid:image002.jpg@01DCEDD8.E0F73B10]<https://url.usb.m.mimecastprotect.com/s/fWUtCwnNkRfvjDwoCVfVUJxuD8?domain=thesouthern.bank/>\r\n\r\n\r\nFrom: Yasmim Phipps <YPhipps@firsthome.com>\r\nSent: Wednesday, May 27, 2026 12:17 PM\r\nTo: Kristi A. Eller <keller@thesouthern.bank>\r\nCc: First Home VOE <VOE@firsthome.com>\r\nSubject: RE: Secure_URGENT - Verification of Employment Request Ryan Benton [5012525349-01]\r\n\r\n!!Caution: This email is from an external source. Beware of links, attachments, or urgent instructions!!\r\n\r\nGood morning Kristi,\r\n\r\nThank you for sending this back to us. Are you able to complete Boxes 16 and 17? If not, can you please comment via email you cannot provide the information?\r\n\r\nThank you so much,\r\n\r\n\r\n[cid:image001.png@01DCEDD8.E10FCC20]Yasmim Phipps\r\nVerification Specialist\r\nCorporate NMLS ID # 71603\r\nOffice: 410.933.3100 | Direct: 443.725.7043 | Fax: 443.725.0492 | Ext: 1033\r\nWebsite: www.firsthome.com<https://url.usb.m.mimecastprotect.com/s/0O9WCxo0l7SLl2WZcvhVUyhBXU?domain=urldefense.proofpoint.com>\r\n6211 Greenleigh Ave, Suite 300 Baltimore MD 21220\r\n[A picture containing object, first-aid kit    Description automatically generated]<https://url.usb.m.mimecastprotect.com/s/ryAzCyp4mJf71lBYcQivUx5fhQ?domain=urldefense.proofpoint.com>  [cid:image005.jpg@01DCEDD8.E0F73B10] <https://url.usb.m.mimecastprotect.com/s/K6k7Czq8nxFG10jKcKsLU9hYGq?domain=urldefense.proofpoint.com>    [A close up of a logo    Description automatically generated] <https://url.usb.m.mimecastprotect.com/s/Qq2oCA8Lm9fZQvDjcQtAUGny-E?domain=urldefense.proofpoint.com>    [A picture containing clipart    Description automatically generated] <https://url.usb.m.mimecastprotect.com/s/phA4CB1MnRFDGgLvH1u5U2Q919?domain=urldefense.proofpoint.com>\r\n\r\nCONFIDENTIALITY NOTICE\r\nThe information contained in this electronic message is confidential information intended for the use of the individual or entity named above. If the reader of this message is not the intended recipient, or an employee or agent responsible for delivering this electronic message to the intended recipient, you are hereby notified that any dissemination, or copying of this communication is strictly prohibited. If this message contains non-public personal information about any consumer or customer of the sender or intended recipient, you are further prohibited under penalty of law from using or disclosing the information to any third party by provisions of the federal Gramm-Leach-Bliley Act. If you have received this electronic message in error, please immediately notify us by return email and destroy the original message to assure that it is not read, copied, or distributed by others.\r\n\r\nFrom: Kristi A. Eller <keller@thesouthern.bank<mailto:keller@thesouthern.bank>>\r\nSent: Tuesday, May 26, 2026 4:54 PM\r\nTo: Yasmim Phipps <YPhipps@firsthome.com<mailto:YPhipps@firsthome.com>>\r\nSubject: RE: Secure_URGENT - Verification of Employment Request Ryan Benton [5012525349-01]\r\n\r\n\r\n*** This message originated outside the organization ***\r\n\r\n________________________________\r\nPlease find attached the VOE for Ryan Benton as requested.\r\n\r\nThank you.\r\n\r\nKristi A. Eller\r\nChief Administrative Officer\r\nO: 864-406-8319\r\nM: 704-437-6615\r\n[cid:image002.jpg@01DCEDD8.E0F73B10]<https://url.usb.m.mimecastprotect.com/s/fWUtCwnNkRfvjDwoCVfVUJxuD8?domain=thesouthern.bank/>\r\n\r\n\r\nFrom: First Home VOE <VOE@firsthome.com<mailto:VOE@firsthome.com>>\r\nSent: Tuesday, May 26, 2026 12:50 PM\r\nTo: HR <HR@thesouthern.bank<mailto:HR@thesouthern.bank>>; Yasmim Phipps <YPhipps@firsthome.com<mailto:YPhipps@firsthome.com>>\r\nSubject: URGENT - Verification of Employment Request Ryan Benton [5012525349-01]\r\n\r\n!!Caution: This email is from an external source. Beware of links, attachments, or urgent instructions!!\r\n\r\n\r\nHello,\r\n\r\n\r\n\r\nCould you please confirm receipt of the email below? If possible, we would also appreciate an estimated turnaround time for your response.\r\n\r\nWe understand your time is valuable and sincerely appreciate your assistance. Thank you in advance.\r\n\r\n\r\n\r\nSincerely,\r\n\r\n\r\n\r\nYasmim Phipps\r\n\r\nFirst Home Mortgage Verification Team\r\n\r\nvoe@firsthome.com<mailto:voe@firsthome.com>\r\n\r\nPhone: 443-725-7043\r\n\r\nFax: 443-725-0492\r\n\r\n6211 Greenleigh Avenue, Suite 300, Baltimore MD 21220\r\n\r\n\r\n\r\n\r\n\r\n---------Original Message----------------------\r\n\r\nFrom: YPhipps@firsthome.com<mailto:YPhipps@firsthome.com>\r\n\r\nSent: Fri, May 22, 2026 09:46 AM\r\n\r\nTo: HR@thesouthern.bank<mailto:HR@thesouthern.bank>, VOE@firsthome.com<mailto:VOE@firsthome.com>\r\n\r\nCc:\r\n\r\nSubject: Verification of Employment Request Ryan Benton [5012525349-01]\r\n\r\n\r\n\r\nFirst Home Mortgage is requesting a written verification of employment for Ryan Benton.\r\n\r\n\r\n\r\n**Please note: We cannot accept electronic signatures. This must be sent back with a handwritten signature or certificate ID through Adobe on the form. If you are unable to do so please let me know and I will send a DocuSign. Or, please state you are unable to provide a handwritten signature at this time.**\r\n\r\n\r\n\r\nThe following documents are attached as standard procedure for written verification of employment:\r\n\r\n\r\n\r\n*Instructions for completing the VOE\r\n\r\n*Borrower's Authorization Form\r\n\r\n*Written Verification of Employment Form\r\n\r\n\r\n\r\nPlease complete the Written Verification of Employment Form and return it promptly either via fax or e-mail by replying to this message.\r\n\r\n\r\n\r\nCONFIDENTIALITY NOTICE\r\n\r\nThe information contained in this electronic message is confidential information intended for the use of the individual or entity named above. If the reader of this message is not the intended recipient, or an employee or agent responsible for delivering this electronic message to the intended recipient, you are hereby notified that any dissemination, or copying of this communication is strictly prohibited. If this message contains non-public personal information about any consumer or customer of the sender or intended recipient, you are further prohibited under penalty of law from using or disclosing the information to any third party by provisions of the federal Gramm-Leach-Bliley Act. If you have received this electronic message in error, please immediately notify us by return email destroy the original message to assure that it is not read, copied, or distributed by others.\r\n\r\n\r\n\r\n[cid:image002.png@01DCE9CF.CA269320]Yasmim Phipps\r\n\r\nVerification Specialist\r\n\r\nCorporate NMLS ID # 71603\r\n\r\nOffice: 410.933.3100 | Direct: 443.725.7043 | Fax: 443.725.0492 | Ext: 1033\r\n\r\nWebsite: www.firsthome.com<https://url.usb.m.mimecastprotect.com/s/rI46CDwO0Jfo9R8XcRCrUjW9X-?domain=urldefense.proofpoint.com>\r\n\r\n6211 Greenleigh Ave, Suite 300 Baltimore MD 21220\r\n\r\n[A picture containing object, first-aid kit Description automatically generated] [cid:image004.jpg@01DCE9CF.CA269320] [A close up of a logo Description automatically generated] [A picture containing clipart Description automatically generated]\r\n\r\n\r\n\r\nCONFIDENTIALITY NOTICE\r\n\r\nThe information contained in this electronic message is confidential information intended for the use of the individual or entity named above. If the reader of this message is not the intended recipient, or an employee or agent responsible for delivering this electronic message to the intended recipient, you are hereby notified that any dissemination, or copying of this communication is strictly prohibited. If this message contains non-public personal information about any consumer or customer of the sender or intended recipient, you are further prohibited under penalty of law from using or disclosing the information to any third party by provisions of the federal Gramm-Leach-Bliley Act. If you have received this electronic message in error, please immediately notify us by return email and destroy the original message to assure that it is not read, copied, or distributed by others.\r\nThis email and any files transmitted with it are confidential and are intended solely for the use of the individual or entity to whom they are addressed. This communication represents the originator's personal views and opinions, which do not necessarily reflect those of Southern Bank. If you are not the original recipient or the person responsible for delivering the email to the intended recipient, be advised that you have received this email in error, and that any use, dissemination, forwarding, printing, or copying of this email is strictly prohibited. If you received this email in error, please immediately notify postmaster@southernbankga.com<mailto:postmaster@southernbankga.com>\r\nThis email and any files transmitted with it are confidential and are intended solely for the use of the individual or entity to whom they are addressed. This communication represents the originator's personal views and opinions, which do not necessarily reflect those of Southern Bank. If you are not the original recipient or the person responsible for delivering the email to the intended recipient, be advised that you have received this email in error, and that any use, dissemination, forwarding, printing, or copying of this email is strictly prohibited. If you received this email in error, please immediately notify postmaster@southernbankga.com\r\n","IsBodyHTML":false,"CustomSendHeaders":{"X-Message-ID":"<3d4edb16-a918-4a35-907d-b1b6f19ac92a@HQExc4V.firsthomemtg.com>"},"IsReadReceiptRequested":false,"ToRecipients":[{"__type":"FHMC.Graph.Email+MailRecipient, FHMC.Graph","EmailAddress":"YPhipps@firsthome.com"}],"CcRecipients":[],"BccRecipients":[],"ReplyToList":[]} 
2026-05-27 14:27:46.1437 TRACE {"Id":null,"Subject":"REPLY ERROR - 5012525349-01 RE: Secure_URGENT - Verification of Employment Request Ryan Benton [5012525349-01]","ReceivedDateTime":"0001-01-01T00:00:00","Attachments":[],"Body":"This order has been APPROVED and new emails are no longer monitored for this VOE.  \n\nCurrent Employment Status: Current-Active\n\nPlease contact VOE@firsthome with the order number -found in the subject line of this email - in order to address your inquiry/concerns.\r\n\r\nSincerely,\r\nFirst Home Mortgage Verification Team\r\n6211 Greenleigh Avenue, Suite 300, Baltimore MD 21220  \r\n\r\n(For questions or concerns on the status of your VOE please check the VOE pipeline at http://aze-app-1v/voesystem/pipeline)\r\n\r\n\r\n\r\nCONFIDENTIALITY NOTICE\r\nThe information contained in this electronic message is confidential information intended for the use of the individual or entity named above. If the reader of this message is not the intended recipient, or an employee or agent responsible for delivering this electronic message to the intended recipient, you are hereby notified that any dissemination, or copying of this communication is strictly prohibited. If this message contains non-public personal information about any consumer or customer of the sender or intended recipient, you are further prohibited under penalty of law from using or disclosing the information to any third party by provisions of the federal Gramm-Leach-Bliley Act. If you have received this electronic message in error, please immediately notify us by return email destroy the original message to assure that it is not read, copied, or distributed by others.\r\n\r\n\n\n\n\r\n\r\nSincerely,\r\nFirst Home Mortgage Verification Team\r\n6211 Greenleigh Avenue, Suite 300, Baltimore MD 21220  \r\n\r\n(For questions or concerns on the status of your VOE please check the VOE pipeline at http://aze-app-1v/voesystem/pipeline)\n\n---------Original Message----------------------\nFrom: keller@thesouthern.bank\nSent: Wed, May 27, 2026 01:01 PM\nTo: YPhipps@firsthome.com, VOE@firsthome.com\nCc: \nSubject: RE: Secure_URGENT - Verification of Employment Request Ryan Benton [5012525349-01]\n\n*** This message originated outside the organization ***\r\n\r\n________________________________\r\nGood morning, Yasmim.    At this time, the bank has not determined schedule or increase % for 2027 and cannot provide the information for next pay increase or date.\r\n\r\nThank you.\r\n\r\nKristi A. Eller\r\nChief Administrative Officer\r\nO: 864-406-8319\r\nM: 704-437-6615\r\n[cid:image002.jpg@01DCEDD8.E0F73B10]<https://url.usb.m.mimecastprotect.com/s/fWUtCwnNkRfvjDwoCVfVUJxuD8?domain=thesouthern.bank/>\r\n\r\n\r\nFrom: Yasmim Phipps <YPhipps@firsthome.com>\r\nSent: Wednesday, May 27, 2026 12:17 PM\r\nTo: Kristi A. Eller <keller@thesouthern.bank>\r\nCc: First Home VOE <VOE@firsthome.com>\r\nSubject: RE: Secure_URGENT - Verification of Employment Request Ryan Benton [5012525349-01]\r\n\r\n!!Caution: This email is from an external source. Beware of links, attachments, or urgent instructions!!\r\n\r\nGood morning Kristi,\r\n\r\nThank you for sending this back to us. Are you able to complete Boxes 16 and 17? If not, can you please comment via email you cannot provide the information?\r\n\r\nThank you so much,\r\n\r\n\r\n[cid:image001.png@01DCEDD8.E10FCC20]Yasmim Phipps\r\nVerification Specialist\r\nCorporate NMLS ID # 71603\r\nOffice: 410.933.3100 | Direct: 443.725.7043 | Fax: 443.725.0492 | Ext: 1033\r\nWebsite: www.firsthome.com<https://url.usb.m.mimecastprotect.com/s/0O9WCxo0l7SLl2WZcvhVUyhBXU?domain=urldefense.proofpoint.com>\r\n6211 Greenleigh Ave, Suite 300 Baltimore MD 21220\r\n[A picture containing object, first-aid kit    Description automatically generated]<https://url.usb.m.mimecastprotect.com/s/ryAzCyp4mJf71lBYcQivUx5fhQ?domain=urldefense.proofpoint.com>  [cid:image005.jpg@01DCEDD8.E0F73B10] <https://url.usb.m.mimecastprotect.com/s/K6k7Czq8nxFG10jKcKsLU9hYGq?domain=urldefense.proofpoint.com>    [A close up of a logo    Description automatically generated] <https://url.usb.m.mimecastprotect.com/s/Qq2oCA8Lm9fZQvDjcQtAUGny-E?domain=urldefense.proofpoint.com>    [A picture containing clipart    Description automatically generated] <https://url.usb.m.mimecastprotect.com/s/phA4CB1MnRFDGgLvH1u5U2Q919?domain=urldefense.proofpoint.com>\r\n\r\nCONFIDENTIALITY NOTICE\r\nThe information contained in this electronic message is confidential information intended for the use of the individual or entity named above. If the reader of this message is not the intended recipient, or an employee or agent responsible for delivering this electronic message to the intended recipient, you are hereby notified that any dissemination, or copying of this communication is strictly prohibited. If this message contains non-public personal information about any consumer or customer of the sender or intended recipient, you are further prohibited under penalty of law from using or disclosing the information to any third party by provisions of the federal Gramm-Leach-Bliley Act. If you have received this electronic message in error, please immediately notify us by return email and destroy the original message to assure that it is not read, copied, or distributed by others.\r\n\r\nFrom: Kristi A. Eller <keller@thesouthern.bank<mailto:keller@thesouthern.bank>>\r\nSent: Tuesday, May 26, 2026 4:54 PM\r\nTo: Yasmim Phipps <YPhipps@firsthome.com<mailto:YPhipps@firsthome.com>>\r\nSubject: RE: Secure_URGENT - Verification of Employment Request Ryan Benton [5012525349-01]\r\n\r\n\r\n*** This message originated outside the organization ***\r\n\r\n________________________________\r\nPlease find attached the VOE for Ryan Benton as requested.\r\n\r\nThank you.\r\n\r\nKristi A. Eller\r\nChief Administrative Officer\r\nO: 864-406-8319\r\nM: 704-437-6615\r\n[cid:image002.jpg@01DCEDD8.E0F73B10]<https://url.usb.m.mimecastprotect.com/s/fWUtCwnNkRfvjDwoCVfVUJxuD8?domain=thesouthern.bank/>\r\n\r\n\r\nFrom: First Home VOE <VOE@firsthome.com<mailto:VOE@firsthome.com>>\r\nSent: Tuesday, May 26, 2026 12:50 PM\r\nTo: HR <HR@thesouthern.bank<mailto:HR@thesouthern.bank>>; Yasmim Phipps <YPhipps@firsthome.com<mailto:YPhipps@firsthome.com>>\r\nSubject: URGENT - Verification of Employment Request Ryan Benton [5012525349-01]\r\n\r\n!!Caution: This email is from an external source. Beware of links, attachments, or urgent instructions!!\r\n\r\n\r\nHello,\r\n\r\n\r\n\r\nCould you please confirm receipt of the email below? If possible, we would also appreciate an estimated turnaround time for your response.\r\n\r\nWe understand your time is valuable and sincerely appreciate your assistance. Thank you in advance.\r\n\r\n\r\n\r\nSincerely,\r\n\r\n\r\n\r\nYasmim Phipps\r\n\r\nFirst Home Mortgage Verification Team\r\n\r\nvoe@firsthome.com<mailto:voe@firsthome.com>\r\n\r\nPhone: 443-725-7043\r\n\r\nFax: 443-725-0492\r\n\r\n6211 Greenleigh Avenue, Suite 300, Baltimore MD 21220\r\n\r\n\r\n\r\n\r\n\r\n---------Original Message----------------------\r\n\r\nFrom: YPhipps@firsthome.com<mailto:YPhipps@firsthome.com>\r\n\r\nSent: Fri, May 22, 2026 09:46 AM\r\n\r\nTo: HR@thesouthern.bank<mailto:HR@thesouthern.bank>, VOE@firsthome.com<mailto:VOE@firsthome.com>\r\n\r\nCc:\r\n\r\nSubject: Verification of Employment Request Ryan Benton [5012525349-01]\r\n\r\n\r\n\r\nFirst Home Mortgage is requesting a written verification of employment for Ryan Benton.\r\n\r\n\r\n\r\n**Please note: We cannot accept electronic signatures. This must be sent back with a handwritten signature or certificate ID through Adobe on the form. If you are unable to do so please let me know and I will send a DocuSign. Or, please state you are unable to provide a handwritten signature at this time.**\r\n\r\n\r\n\r\nThe following documents are attached as standard procedure for written verification of employment:\r\n\r\n\r\n\r\n*Instructions for completing the VOE\r\n\r\n*Borrower's Authorization Form\r\n\r\n*Written Verification of Employment Form\r\n\r\n\r\n\r\nPlease complete the Written Verification of Employment Form and return it promptly either via fax or e-mail by replying to this message.\r\n\r\n\r\n\r\nCONFIDENTIALITY NOTICE\r\n\r\nThe information contained in this electronic message is confidential information intended for the use of the individual or entity named above. If the reader of this message is not the intended recipient, or an employee or agent responsible for delivering this electronic message to the intended recipient, you are hereby notified that any dissemination, or copying of this communication is strictly prohibited. If this message contains non-public personal information about any consumer or customer of the sender or intended recipient, you are further prohibited under penalty of law from using or disclosing the information to any third party by provisions of the federal Gramm-Leach-Bliley Act. If you have received this electronic message in error, please immediately notify us by return email destroy the original message to assure that it is not read, copied, or distributed by others.\r\n\r\n\r\n\r\n[cid:image002.png@01DCE9CF.CA269320]Yasmim Phipps\r\n\r\nVerification Specialist\r\n\r\nCorporate NMLS ID # 71603\r\n\r\nOffice: 410.933.3100 | Direct: 443.725.7043 | Fax: 443.725.0492 | Ext: 1033\r\n\r\nWebsite: www.firsthome.com<https://url.usb.m.mimecastprotect.com/s/rI46CDwO0Jfo9R8XcRCrUjW9X-?domain=urldefense.proofpoint.com>\r\n\r\n6211 Greenleigh Ave, Suite 300 Baltimore MD 21220\r\n\r\n[A picture containing object, first-aid kit Description automatically generated] [cid:image004.jpg@01DCE9CF.CA269320] [A close up of a logo Description automatically generated] [A picture containing clipart Description automatically generated]\r\n\r\n\r\n\r\nCONFIDENTIALITY NOTICE\r\n\r\nThe information contained in this electronic message is confidential information intended for the use of the individual or entity named above. If the reader of this message is not the intended recipient, or an employee or agent responsible for delivering this electronic message to the intended recipient, you are hereby notified that any dissemination, or copying of this communication is strictly prohibited. If this message contains non-public personal information about any consumer or customer of the sender or intended recipient, you are further prohibited under penalty of law from using or disclosing the information to any third party by provisions of the federal Gramm-Leach-Bliley Act. If you have received this electronic message in error, please immediately notify us by return email and destroy the original message to assure that it is not read, copied, or distributed by others.\r\nThis email and any files transmitted with it are confidential and are intended solely for the use of the individual or entity to whom they are addressed. This communication represents the originator's personal views and opinions, which do not necessarily reflect those of Southern Bank. If you are not the original recipient or the person responsible for delivering the email to the intended recipient, be advised that you have received this email in error, and that any use, dissemination, forwarding, printing, or copying of this email is strictly prohibited. If you received this email in error, please immediately notify postmaster@southernbankga.com<mailto:postmaster@southernbankga.com>\r\nThis email and any files transmitted with it are confidential and are intended solely for the use of the individual or entity to whom they are addressed. This communication represents the originator's personal views and opinions, which do not necessarily reflect those of Southern Bank. If you are not the original recipient or the person responsible for delivering the email to the intended recipient, be advised that you have received this email in error, and that any use, dissemination, forwarding, printing, or copying of this email is strictly prohibited. If you received this email in error, please immediately notify postmaster@southernbankga.com\r\n","IsBodyHTML":false,"BodyHTML":null,"SenderEmailAddress":null,"SenderEmailName":null,"RawReceiptHeaders":null,"CustomSendHeaders":{"X-Message-ID":"<3d4edb16-a918-4a35-907d-b1b6f19ac92a@HQExc4V.firsthomemtg.com>"},"IsReadReceiptRequested":false,"Importance":null,"ToRecipients":[{"EmailAddress":"YPhipps@firsthome.com"}],"CcRecipients":[],"BccRecipients":[],"ReplyToList":[]} 
2026-05-27 14:27:46.9954 INFO Sending MIME message for voe@firsthome.com: REPLY ERROR - 5012525349-01 RE: Secure_URGENT - Verification of Employment Request Ryan Benton [5012525349-01] 
2026-05-27 14:27:47.0268 TRACE From: "voe@firsthome.com" <voe@firsthome.com>
Date: Wed, 27 May 2026 14:27:47 -0400
Subject: REPLY ERROR - 5012525349-01 RE: Secure_URGENT - Verification of
 Employment Request Ryan Benton [5012525349-01]
Message-Id: <5BTYHHSJDTU4.E3ZHTW7AP4XY1@aze-dev-1v>
To: "YPhipps@firsthome.com" <YPhipps@firsthome.com>
X-Message-ID: <3d4edb16-a918-4a35-907d-b1b6f19ac92a@HQExc4V.firsthomemtg.com>
MIME-Version: 1.0
Content-Type: multipart/alternative; boundary="=-oK73ms3mdMgQljvTmBnVNw=="

--=-oK73ms3mdMgQljvTmBnVNw==
Content-Type: text/plain; charset=utf-8

This order has been APPROVED and new emails are no longer monitored for this VOE.  

Current Employment Status: Current-Active

Please contact VOE@firsthome with the order number -found in the subject line of this email - in order to address your inquiry/concerns.

Sincerely,
First Home Mortgage Verification Team
6211 Greenleigh Avenue, Suite 300, Baltimore MD 21220  

(For questions or concerns on the status of your VOE please check the VOE pipeline at http://aze-app-1v/voesystem/pipeline)



CONFIDENTIALITY NOTICE
The information contained in this electronic message is confidential information intended for the use of the individual or entity named above. If the reader of this message is not the intended recipient, or an employee or agent responsible for delivering this electronic message to the intended recipient, you are hereby notified that any dissemination, or copying of this communication is strictly prohibited. If this message contains non-public personal information about any consumer or customer of the sender or intended recipient, you are further prohibited under penalty of law from using or disclosing the information to any third party by provisions of the federal Gramm-Leach-Bliley Act. If you have received this electronic message in error, please immediately notify us by return email destroy the original message to assure that it is not read, copied, or distributed by others.






Sincerely,
First Home Mortgage Verification Team
6211 Greenleigh Avenue, Suite 300, Baltimore MD 21220  

(For questions or concerns on the status of your VOE please check the VOE pipeline at http://aze-app-1v/voesystem/pipeline)

---------Original Message----------------------
From: keller@thesouthern.bank
Sent: Wed, May 27, 2026 01:01 PM
To: YPhipps@firsthome.com, VOE@firsthome.com
Cc: 
Subject: RE: Secure_URGENT - Verification of Employment Request Ryan Benton [5012525349-01]

*** This message originated outside the organization ***

________________________________
Good morning, Yasmim.    At this time, the bank has not determined schedule or increase % for 2027 and cannot provide the information for next pay increase or date.

Thank you.

Kristi A. Eller
Chief Administrative Officer
O: 864-406-8319
M: 704-437-6615
[cid:image002.jpg@01DCEDD8.E0F73B10]<https://url.usb.m.mimecastprotect.com/s/fWUtCwnNkRfvjDwoCVfVUJxuD8?domain=thesouthern.bank/>


From: Yasmim Phipps <YPhipps@firsthome.com>
Sent: Wednesday, May 27, 2026 12:17 PM
To: Kristi A. Eller <keller@thesouthern.bank>
Cc: First Home VOE <VOE@firsthome.com>
Subject: RE: Secure_URGENT - Verification of Employment Request Ryan Benton [5012525349-01]

!!Caution: This email is from an external source. Beware of links, attachments, or urgent instructions!!

Good morning Kristi,

Thank you for sending this back to us. Are you able to complete Boxes 16 and 17? If not, can you please comment via email you cannot provide the information?

Thank you so much,


[cid:image001.png@01DCEDD8.E10FCC20]Yasmim Phipps
Verification Specialist
Corporate NMLS ID # 71603
Office: 410.933.3100 | Direct: 443.725.7043 | Fax: 443.725.0492 | Ext: 1033
Website: www.firsthome.com<https://url.usb.m.mimecastprotect.com/s/0O9WCxo0l7SLl2WZcvhVUyhBXU?domain=urldefense.proofpoint.com>
6211 Greenleigh Ave, Suite 300 Baltimore MD 21220
[A picture containing object, first-aid kit    Description automatically generated]<https://url.usb.m.mimecastprotect.com/s/ryAzCyp4mJf71lBYcQivUx5fhQ?domain=urldefense.proofpoint.com>  [cid:image005.jpg@01DCEDD8.E0F73B10] <https://url.usb.m.mimecastprotect.com/s/K6k7Czq8nxFG10jKcKsLU9hYGq?domain=urldefense.proofpoint.com>    [A close up of a logo    Description automatically generated] <https://url.usb.m.mimecastprotect.com/s/Qq2oCA8Lm9fZQvDjcQtAUGny-E?domain=urldefense.proofpoint.com>    [A picture containing clipart    Description automatically generated] <https://url.usb.m.mimecastprotect.com/s/phA4CB1MnRFDGgLvH1u5U2Q919?domain=urldefense.proofpoint.com>

CONFIDENTIALITY NOTICE
The information contained in this electronic message is confidential information intended for the use of the individual or entity named above. If the reader of this message is not the intended recipient, or an employee or agent responsible for delivering this electronic message to the intended recipient, you are hereby notified that any dissemination, or copying of this communication is strictly prohibited. If this message contains non-public personal information about any consumer or customer of the sender or intended recipient, you are further prohibited under penalty of law from using or disclosing the information to any third party by provisions of the federal Gramm-Leach-Bliley Act. If you have received this electronic message in error, please immediately notify us by return email and destroy the original message to assure that it is not read, copied, or distributed by others.

From: Kristi A. Eller <keller@thesouthern.bank<mailto:keller@thesouthern.bank>>
Sent: Tuesday, May 26, 2026 4:54 PM
To: Yasmim Phipps <YPhipps@firsthome.com<mailto:YPhipps@firsthome.com>>
Subject: RE: Secure_URGENT - Verification of Employment Request Ryan Benton [5012525349-01]


*** This message originated outside the organization ***

________________________________
Please find attached the VOE for Ryan Benton as requested.

Thank you.

Kristi A. Eller
Chief Administrative Officer
O: 864-406-8319
M: 704-437-6615
[cid:image002.jpg@01DCEDD8.E0F73B10]<https://url.usb.m.mimecastprotect.com/s/fWUtCwnNkRfvjDwoCVfVUJxuD8?domain=thesouthern.bank/>


From: First Home VOE <VOE@firsthome.com<mailto:VOE@firsthome.com>>
Sent: Tuesday, May 26, 2026 12:50 PM
To: HR <HR@thesouthern.bank<mailto:HR@thesouthern.bank>>; Yasmim Phipps <YPhipps@firsthome.com<mailto:YPhipps@firsthome.com>>
Subject: URGENT - Verification of Employment Request Ryan Benton [5012525349-01]

!!Caution: This email is from an external source. Beware of links, attachments, or urgent instructions!!


Hello,



Could you please confirm receipt of the email below? If possible, we would also appreciate an estimated turnaround time for your response.

We understand your time is valuable and sincerely appreciate your assistance. Thank you in advance.



Sincerely,



Yasmim Phipps

First Home Mortgage Verification Team

voe@firsthome.com<mailto:voe@firsthome.com>

Phone: 443-725-7043

Fax: 443-725-0492

6211 Greenleigh Avenue, Suite 300, Baltimore MD 21220





---------Original Message----------------------

From: YPhipps@firsthome.com<mailto:YPhipps@firsthome.com>

Sent: Fri, May 22, 2026 09:46 AM

To: HR@thesouthern.bank<mailto:HR@thesouthern.bank>, VOE@firsthome.com<mailto:VOE@firsthome.com>

Cc:

Subject: Verification of Employment Request Ryan Benton [5012525349-01]



First Home Mortgage is requesting a written verification of employment for Ryan Benton.



**Please note: We cannot accept electronic signatures. This must be sent back with a handwritten signature or certificate ID through Adobe on the form. If you are unable to do so please let me know and I will send a DocuSign. Or, please state you are unable to provide a handwritten signature at this time.**



The following documents are attached as standard procedure for written verification of employment:



*Instructions for completing the VOE

*Borrower's Authorization Form

*Written Verification of Employment Form



Please complete the Written Verification of Employment Form and return it promptly either via fax or e-mail by replying to this message.



CONFIDENTIALITY NOTICE

The information contained in this electronic message is confidential information intended for the use of the individual or entity named above. If the reader of this message is not the intended recipient, or an employee or agent responsible for delivering this electronic message to the intended recipient, you are hereby notified that any dissemination, or copying of this communication is strictly prohibited. If this message contains non-public personal information about any consumer or customer of the sender or intended recipient, you are further prohibited under penalty of law from using or disclosing the information to any third party by provisions of the federal Gramm-Leach-Bliley Act. If you have received this electronic message in error, please immediately notify us by return email destroy the original message to assure that it is not read, copied, or distributed by others.



[cid:image002.png@01DCE9CF.CA269320]Yasmim Phipps

Verification Specialist

Corporate NMLS ID # 71603

Office: 410.933.3100 | Direct: 443.725.7043 | Fax: 443.725.0492 | Ext: 1033

Website: www.firsthome.com<https://url.usb.m.mimecastprotect.com/s/rI46CDwO0Jfo9R8XcRCrUjW9X-?domain=urldefense.proofpoint.com>

6211 Greenleigh Ave, Suite 300 Baltimore MD 21220

[A picture containing object, first-aid kit Description automatically generated] [cid:image004.jpg@01DCE9CF.CA269320] [A close up of a logo Description automatically generated] [A picture containing clipart Description automatically generated]



CONFIDENTIALITY NOTICE

The information contained in this electronic message is confidential information intended for the use of the individual or entity named above. If the reader of this message is not the intended recipient, or an employee or agent responsible for delivering this electronic message to the intended recipient, you are hereby notified that any dissemination, or copying of this communication is strictly prohibited. If this message contains non-public personal information about any consumer or customer of the sender or intended recipient, you are further prohibited under penalty of law from using or disclosing the information to any third party by provisions of the federal Gramm-Leach-Bliley Act. If you have received this electronic message in error, please immediately notify us by return email and destroy the original message to assure that it is not read, copied, or distributed by others.
This email and any files transmitted with it are confidential and are intended solely for the use of the individual or entity to whom they are addressed. This communication represents the originator's personal views and opinions, which do not necessarily reflect those of Southern Bank. If you are not the original recipient or the person responsible for delivering the email to the intended recipient, be advised that you have received this email in error, and that any use, dissemination, forwarding, printing, or copying of this email is strictly prohibited. If you received this email in error, please immediately notify postmaster@southernbankga.com<mailto:postmaster@southernbankga.com>
This email and any files transmitted with it are confidential and are intended solely for the use of the individual or entity to whom they are addressed. This communication represents the originator's personal views and opinions, which do not necessarily reflect those of Southern Bank. If you are not the original recipient or the person responsible for delivering the email to the intended recipient, be advised that you have received this email in error, and that any use, dissemination, forwarding, printing, or copying of this email is strictly prohibited. If you received this email in error, please immediately notify postmaster@southernbankga.com

--=-oK73ms3mdMgQljvTmBnVNw==--
 
2026-05-27 14:27:47.2780 INFO Email Sent - Subject: REPLY ERROR - 5012525349-01 RE: Secure_URGENT - Verification of Employment Request Ryan Benton [5012525349-01] 
2026-05-27 14:27:47.3050 INFO Email Notification Sent: REPLY ERROR - 5012525349-01 RE: Secure_URGENT - Verification of Employment Request Ryan Benton [5012525349-01] 
2026-05-27 14:27:47.3300 INFO This order has been APPROVED and new emails are no longer monitored for this VOE.  

Current Employment Status: Current-Active

Please contact VOE@firsthome with the order number -found in the subject line of this email - in order to address your inquiry/concerns.

Sincerely,
First Home Mortgage Verification Team
6211 Greenleigh Avenue, Suite 300, Baltimore MD 21220  

(For questions or concerns on the status of your VOE please check the VOE pipeline at http://aze-app-1v/voesystem/pipeline)



CONFIDENTIALITY NOTICE
The information contained in this electronic message is confidential information intended for the use of the individual or entity named above. If the reader of this message is not the intended recipient, or an employee or agent responsible for delivering this electronic message to the intended recipient, you are hereby notified that any dissemination, or copying of this communication is strictly prohibited. If this message contains non-public personal information about any consumer or customer of the sender or intended recipient, you are further prohibited under penalty of law from using or disclosing the information to any third party by provisions of the federal Gramm-Leach-Bliley Act. If you have received this electronic message in error, please immediately notify us by return email destroy the original message to assure that it is not read, copied, or distributed by others.






Sincerely,
First Home Mortgage Verification Team
6211 Greenleigh Avenue, Suite 300, Baltimore MD 21220  

(For questions or concerns on the status of your VOE please check the VOE pipeline at http://aze-app-1v/voesystem/pipeline)

---------Original Message----------------------
From: keller@thesouthern.bank
Sent: Wed, May 27, 2026 01:01 PM
To: YPhipps@firsthome.com, VOE@firsthome.com
Cc: 
Subject: RE: Secure_URGENT - Verification of Employment Request Ryan Benton [5012525349-01]

*** This message originated outside the organization ***

________________________________
Good morning, Yasmim.    At this time, the bank has not determined schedule or increase % for 2027 and cannot provide the information for next pay increase or date.

Thank you.

Kristi A. Eller
Chief Administrative Officer
O: 864-406-8319
M: 704-437-6615
[cid:image002.jpg@01DCEDD8.E0F73B10]<https://url.usb.m.mimecastprotect.com/s/fWUtCwnNkRfvjDwoCVfVUJxuD8?domain=thesouthern.bank/>


From: Yasmim Phipps <YPhipps@firsthome.com>
Sent: Wednesday, May 27, 2026 12:17 PM
To: Kristi A. Eller <keller@thesouthern.bank>
Cc: First Home VOE <VOE@firsthome.com>
Subject: RE: Secure_URGENT - Verification of Employment Request Ryan Benton [5012525349-01]

!!Caution: This email is from an external source. Beware of links, attachments, or urgent instructions!!

Good morning Kristi,

Thank you for sending this back to us. Are you able to complete Boxes 16 and 17? If not, can you please comment via email you cannot provide the information?

Thank you so much,


[cid:image001.png@01DCEDD8.E10FCC20]Yasmim Phipps
Verification Specialist
Corporate NMLS ID # 71603
Office: 410.933.3100 | Direct: 443.725.7043 | Fax: 443.725.0492 | Ext: 1033
Website: www.firsthome.com<https://url.usb.m.mimecastprotect.com/s/0O9WCxo0l7SLl2WZcvhVUyhBXU?domain=urldefense.proofpoint.com>
6211 Greenleigh Ave, Suite 300 Baltimore MD 21220
[A picture containing object, first-aid kit    Description automatically generated]<https://url.usb.m.mimecastprotect.com/s/ryAzCyp4mJf71lBYcQivUx5fhQ?domain=urldefense.proofpoint.com>  [cid:image005.jpg@01DCEDD8.E0F73B10] <https://url.usb.m.mimecastprotect.com/s/K6k7Czq8nxFG10jKcKsLU9hYGq?domain=urldefense.proofpoint.com>    [A close up of a logo    Description automatically generated] <https://url.usb.m.mimecastprotect.com/s/Qq2oCA8Lm9fZQvDjcQtAUGny-E?domain=urldefense.proofpoint.com>    [A picture containing clipart    Description automatically generated] <https://url.usb.m.mimecastprotect.com/s/phA4CB1MnRFDGgLvH1u5U2Q919?domain=urldefense.proofpoint.com>

CONFIDENTIALITY NOTICE
The information contained in this electronic message is confidential information intended for the use of the individual or entity named above. If the reader of this message is not the intended recipient, or an employee or agent responsible for delivering this electronic message to the intended recipient, you are hereby notified that any dissemination, or copying of this communication is strictly prohibited. If this message contains non-public personal information about any consumer or customer of the sender or intended recipient, you are further prohibited under penalty of law from using or disclosing the information to any third party by provisions of the federal Gramm-Leach-Bliley Act. If you have received this electronic message in error, please immediately notify us by return email and destroy the original message to assure that it is not read, copied, or distributed by others.

From: Kristi A. Eller <keller@thesouthern.bank<mailto:keller@thesouthern.bank>>
Sent: Tuesday, May 26, 2026 4:54 PM
To: Yasmim Phipps <YPhipps@firsthome.com<mailto:YPhipps@firsthome.com>>
Subject: RE: Secure_URGENT - Verification of Employment Request Ryan Benton [5012525349-01]


*** This message originated outside the organization ***

________________________________
Please find attached the VOE for Ryan Benton as requested.

Thank you.

Kristi A. Eller
Chief Administrative Officer
O: 864-406-8319
M: 704-437-6615
[cid:image002.jpg@01DCEDD8.E0F73B10]<https://url.usb.m.mimecastprotect.com/s/fWUtCwnNkRfvjDwoCVfVUJxuD8?domain=thesouthern.bank/>


From: First Home VOE <VOE@firsthome.com<mailto:VOE@firsthome.com>>
Sent: Tuesday, May 26, 2026 12:50 PM
To: HR <HR@thesouthern.bank<mailto:HR@thesouthern.bank>>; Yasmim Phipps <YPhipps@firsthome.com<mailto:YPhipps@firsthome.com>>
Subject: URGENT - Verification of Employment Request Ryan Benton [5012525349-01]

!!Caution: This email is from an external source. Beware of links, attachments, or urgent instructions!!


Hello,



Could you please confirm receipt of the email below? If possible, we would also appreciate an estimated turnaround time for your response.

We understand your time is valuable and sincerely appreciate your assistance. Thank you in advance.



Sincerely,



Yasmim Phipps

First Home Mortgage Verification Team

voe@firsthome.com<mailto:voe@firsthome.com>

Phone: 443-725-7043

Fax: 443-725-0492

6211 Greenleigh Avenue, Suite 300, Baltimore MD 21220





---------Original Message----------------------

From: YPhipps@firsthome.com<mailto:YPhipps@firsthome.com>

Sent: Fri, May 22, 2026 09:46 AM

To: HR@thesouthern.bank<mailto:HR@thesouthern.bank>, VOE@firsthome.com<mailto:VOE@firsthome.com>

Cc:

Subject: Verification of Employment Request Ryan Benton [5012525349-01]



First Home Mortgage is requesting a written verification of employment for Ryan Benton.



**Please note: We cannot accept electronic signatures. This must be sent back with a handwritten signature or certificate ID through Adobe on the form. If you are unable to do so please let me know and I will send a DocuSign. Or, please state you are unable to provide a handwritten signature at this time.**



The following documents are attached as standard procedure for written verification of employment:



*Instructions for completing the VOE

*Borrower's Authorization Form

*Written Verification of Employment Form



Please complete the Written Verification of Employment Form and return it promptly either via fax or e-mail by replying to this message.



CONFIDENTIALITY NOTICE

The information contained in this electronic message is confidential information intended for the use of the individual or entity named above. If the reader of this message is not the intended recipient, or an employee or agent responsible for delivering this electronic message to the intended recipient, you are hereby notified that any dissemination, or copying of this communication is strictly prohibited. If this message contains non-public personal information about any consumer or customer of the sender or intended recipient, you are further prohibited under penalty of law from using or disclosing the information to any third party by provisions of the federal Gramm-Leach-Bliley Act. If you have received this electronic message in error, please immediately notify us by return email destroy the original message to assure that it is not read, copied, or distributed by others.



[cid:image002.png@01DCE9CF.CA269320]Yasmim Phipps

Verification Specialist

Corporate NMLS ID # 71603

Office: 410.933.3100 | Direct: 443.725.7043 | Fax: 443.725.0492 | Ext: 1033

Website: www.firsthome.com<https://url.usb.m.mimecastprotect.com/s/rI46CDwO0Jfo9R8XcRCrUjW9X-?domain=urldefense.proofpoint.com>

6211 Greenleigh Ave, Suite 300 Baltimore MD 21220

[A picture containing object, first-aid kit Description automatically generated] [cid:image004.jpg@01DCE9CF.CA269320] [A close up of a logo Description automatically generated] [A picture containing clipart Description automatically generated]



CONFIDENTIALITY NOTICE

The information contained in this electronic message is confidential information intended for the use of the individual or entity named above. If the reader of this message is not the intended recipient, or an employee or agent responsible for delivering this electronic message to the intended recipient, you are hereby notified that any dissemination, or copying of this communication is strictly prohibited. If this message contains non-public personal information about any consumer or customer of the sender or intended recipient, you are further prohibited under penalty of law from using or disclosing the information to any third party by provisions of the federal Gramm-Leach-Bliley Act. If you have received this electronic message in error, please immediately notify us by return email and destroy the original message to assure that it is not read, copied, or distributed by others.
This email and any files transmitted with it are confidential and are intended solely for the use of the individual or entity to whom they are addressed. This communication represents the originator's personal views and opinions, which do not necessarily reflect those of Southern Bank. If you are not the original recipient or the person responsible for delivering the email to the intended recipient, be advised that you have received this email in error, and that any use, dissemination, forwarding, printing, or copying of this email is strictly prohibited. If you received this email in error, please immediately notify postmaster@southernbankga.com<mailto:postmaster@southernbankga.com>
This email and any files transmitted with it are confidential and are intended solely for the use of the individual or entity to whom they are addressed. This communication represents the originator's personal views and opinions, which do not necessarily reflect those of Southern Bank. If you are not the original recipient or the person responsible for delivering the email to the intended recipient, be advised that you have received this email in error, and that any use, dissemination, forwarding, printing, or copying of this email is strictly prohibited. If you received this email in error, please immediately notify postmaster@southernbankga.com
 
2026-05-27 14:27:47.3690 INFO Email Logged: REPLY ERROR - 5012525349-01 RE: Secure_URGENT - Verification of Employment Request Ryan Benton [5012525349-01] 
2026-05-27 14:27:47.4010 INFO Email Logged to Database: AAkALgAAAAAAHYQDEapmEc2byACqAC-EWg0A-XGp6OdBg0CxQrF5bBnBPAAHIkGLsAAA RE: Secure_URGENT - Verification of Employment Request Ryan Benton [5012525349-01] 1:01 PM 
2026-05-27 14:56:10.1663 INFO Getting messages for folder voe@firsthome.com: Inbox 
2026-05-27 14:56:12.0851 INFO Getting message voe@firsthome.com: AAkALgAAAAAAHYQDEapmEc2byACqAC-EWg0A-XGp6OdBg0CxQrF5bBnBPAAHIkGRvgAA 
2026-05-27 14:56:12.3346 INFO Getting message HTML voe@firsthome.com: AAkALgAAAAAAHYQDEapmEc2byACqAC-EWg0A-XGp6OdBg0CxQrF5bBnBPAAHIkGRvgAA 
2026-05-27 14:56:12.3636 INFO Getting message voe@firsthome.com: AAkALgAAAAAAHYQDEapmEc2byACqAC-EWg0A-XGp6OdBg0CxQrF5bBnBPAAHIkGRvgAA 
2026-05-27 14:56:22.9649 INFO Email Logged: Rachel L Green, First Home Mortgage would like to verify your income and employment 
2026-05-27 14:56:23.0099 INFO Email Logged to Database: AAkALgAAAAAAHYQDEapmEc2byACqAC-EWg0A-XGp6OdBg0CxQrF5bBnBPAAHIkGRvgAA Rachel L Green, First Home Mortgage would like to verify your income and employment 2:55 PM 
2026-05-27 14:56:23.0379 INFO Getting message voe@firsthome.com: AAkALgAAAAAAHYQDEapmEc2byACqAC-EWg0A-XGp6OdBg0CxQrF5bBnBPAAHIkGRugAA 
2026-05-27 14:56:23.2075 INFO Getting message HTML voe@firsthome.com: AAkALgAAAAAAHYQDEapmEc2byACqAC-EWg0A-XGp6OdBg0CxQrF5bBnBPAAHIkGRugAA 
2026-05-27 14:56:23.2355 INFO Getting message voe@firsthome.com: AAkALgAAAAAAHYQDEapmEc2byACqAC-EWg0A-XGp6OdBg0CxQrF5bBnBPAAHIkGRugAA 
2026-05-27 14:56:35.0620 INFO Email Logged: Corey N Green, First Home Mortgage would like to verify your income and employment 
2026-05-27 14:56:35.1041 INFO Email Logged to Database: AAkALgAAAAAAHYQDEapmEc2byACqAC-EWg0A-XGp6OdBg0CxQrF5bBnBPAAHIkGRugAA Corey N Green, First Home Mortgage would like to verify your income and employment 2:55 PM 
2026-05-27 14:56:35.1321 INFO Getting message voe@firsthome.com: AAkALgAAAAAAHYQDEapmEc2byACqAC-EWg0A-XGp6OdBg0CxQrF5bBnBPAAHIkGRoAAA 
2026-05-27 14:56:35.2917 INFO Getting message HTML voe@firsthome.com: AAkALgAAAAAAHYQDEapmEc2byACqAC-EWg0A-XGp6OdBg0CxQrF5bBnBPAAHIkGRoAAA 
2026-05-27 14:56:35.3207 INFO Getting message voe@firsthome.com: AAkALgAAAAAAHYQDEapmEc2byACqAC-EWg0A-XGp6OdBg0CxQrF5bBnBPAAHIkGRoAAA 
2026-05-27 14:56:35.6647 INFO Email Logged: Read: Assistance Needed - Your Verification of Employment [1081523811-02] 
2026-05-27 14:56:35.7137 INFO Email Logged to Database: AAkALgAAAAAAHYQDEapmEc2byACqAC-EWg0A-XGp6OdBg0CxQrF5bBnBPAAHIkGRoAAA Read: Assistance Needed - Your Verification of Employment [1081523811-02] 2:54 PM 
2026-05-27 14:56:35.7427 INFO Getting message voe@firsthome.com: AAkALgAAAAAAHYQDEapmEc2byACqAC-EWg0A-XGp6OdBg0CxQrF5bBnBPAAHIkGRlQAA 
2026-05-27 14:56:35.9007 INFO Getting message HTML voe@firsthome.com: AAkALgAAAAAAHYQDEapmEc2byACqAC-EWg0A-XGp6OdBg0CxQrF5bBnBPAAHIkGRlQAA 
2026-05-27 14:56:35.9338 INFO Getting message voe@firsthome.com: AAkALgAAAAAAHYQDEapmEc2byACqAC-EWg0A-XGp6OdBg0CxQrF5bBnBPAAHIkGRlQAA 
2026-05-27 14:56:36.2690 INFO Email Logged: RE: Request for Rush Order has been Approved [1083522884-14] 
2026-05-27 14:56:36.3046 INFO Email Logged to Database: AAkALgAAAAAAHYQDEapmEc2byACqAC-EWg0A-XGp6OdBg0CxQrF5bBnBPAAHIkGRlQAA RE: Request for Rush Order has been Approved [1083522884-14] 2:52 PM 
2026-05-27 14:56:36.3436 INFO Getting message voe@firsthome.com: AAkALgAAAAAAHYQDEapmEc2byACqAC-EWg0A-XGp6OdBg0CxQrF5bBnBPAAHIkGRjgAA 
2026-05-27 14:56:36.5106 INFO Getting message HTML voe@firsthome.com: AAkALgAAAAAAHYQDEapmEc2byACqAC-EWg0A-XGp6OdBg0CxQrF5bBnBPAAHIkGRjgAA 
2026-05-27 14:56:36.5496 INFO Getting message voe@firsthome.com: AAkALgAAAAAAHYQDEapmEc2byACqAC-EWg0A-XGp6OdBg0CxQrF5bBnBPAAHIkGRjgAA 
2026-05-27 14:56:36.9547 INFO Email Logged: Re: MyBiz Verification of Employment [1017521572-01] 
2026-05-27 14:56:36.9877 INFO Email Logged to Database: AAkALgAAAAAAHYQDEapmEc2byACqAC-EWg0A-XGp6OdBg0CxQrF5bBnBPAAHIkGRjgAA Re: MyBiz Verification of Employment [1017521572-01] 2:50 PM 
2026-05-27 14:56:37.0307 INFO Getting message voe@firsthome.com: AAkALgAAAAAAHYQDEapmEc2byACqAC-EWg0A-XGp6OdBg0CxQrF5bBnBPAAHIkGRhgAA 
2026-05-27 14:56:37.1828 INFO Getting message HTML voe@firsthome.com: AAkALgAAAAAAHYQDEapmEc2byACqAC-EWg0A-XGp6OdBg0CxQrF5bBnBPAAHIkGRhgAA 
2026-05-27 14:56:37.2228 INFO Getting message voe@firsthome.com: AAkALgAAAAAAHYQDEapmEc2byACqAC-EWg0A-XGp6OdBg0CxQrF5bBnBPAAHIkGRhgAA 
2026-05-27 14:58:17.5510 ERROR Error making web redirect request: https://url.usb.m.mimecastprotect.com/s/FhR0C0An9Xckxzj1iWsBU9H9cM?domain=url4970.truv.com 
2026-05-27 14:58:17.5923 ERROR System.Net.WebException: The operation has timed out
   at System.Net.HttpWebRequest.GetResponse()
   at VOESystem.Data.Business.BusinessBase.getWebRequestRedirect(String URL) in C:\Data\FirstMortgage\BitBucket\voesystem\VOEFrontend\VOESystem.Data\Business\BusinessBase.cs:line 607 System.Net.WebException: The operation has timed out
   at System.Net.HttpWebRequest.GetResponse()
   at VOESystem.Data.Business.BusinessBase.getWebRequestRedirect(String URL) in C:\Data\FirstMortgage\BitBucket\voesystem\VOEFrontend\VOESystem.Data\Business\BusinessBase.cs:line 607
2026-05-27 14:58:17.7133 INFO Retrying Redirect URL: The operation has timed out 
2026-05-27 14:59:57.7608 ERROR Error making web redirect request: https://url.usb.m.mimecastprotect.com/s/FhR0C0An9Xckxzj1iWsBU9H9cM?domain=url4970.truv.com 
2026-05-27 14:59:57.8054 ERROR System.Net.WebException: The operation has timed out
   at System.Net.HttpWebRequest.GetResponse()
   at VOESystem.Data.Business.BusinessBase.getWebRequestRedirect(String URL) in C:\Data\FirstMortgage\BitBucket\voesystem\VOEFrontend\VOESystem.Data\Business\BusinessBase.cs:line 607 System.Net.WebException: The operation has timed out
   at System.Net.HttpWebRequest.GetResponse()
   at VOESystem.Data.Business.BusinessBase.getWebRequestRedirect(String URL) in C:\Data\FirstMortgage\BitBucket\voesystem\VOEFrontend\VOESystem.Data\Business\BusinessBase.cs:line 607
2026-05-27 14:59:57.8534 INFO Retrying Redirect URL: The operation has timed out 
2026-05-27 15:01:37.9168 ERROR Error making web redirect request: https://url.usb.m.mimecastprotect.com/s/FhR0C0An9Xckxzj1iWsBU9H9cM?domain=url4970.truv.com 
2026-05-27 15:01:37.9541 ERROR System.Net.WebException: The operation has timed out
   at System.Net.HttpWebRequest.GetResponse()
   at VOESystem.Data.Business.BusinessBase.getWebRequestRedirect(String URL) in C:\Data\FirstMortgage\BitBucket\voesystem\VOEFrontend\VOESystem.Data\Business\BusinessBase.cs:line 607 System.Net.WebException: The operation has timed out
   at System.Net.HttpWebRequest.GetResponse()
   at VOESystem.Data.Business.BusinessBase.getWebRequestRedirect(String URL) in C:\Data\FirstMortgage\BitBucket\voesystem\VOEFrontend\VOESystem.Data\Business\BusinessBase.cs:line 607
2026-05-27 15:01:37.9928 INFO Retrying Redirect URL: The operation has timed out 
2026-05-27 15:01:38.0308 ERROR Error Importing Email: AAkALgAAAAAAHYQDEapmEc2byACqAC-EWg0A-XGp6OdBg0CxQrF5bBnBPAAHIkGRhgAA Christopher Brett Henderson, First Home Mortgage would like to verify your employment 2:50 PM 
2026-05-27 15:01:38.0583 ERROR System.Exception: Truv Redirect Order URL Not Found
   at VOEBackend.Email.BaseClass.getOrderRequestFromTruvRedirect(IDbConnection dbConn, String emailBody) in T:\Griffin\SVNDev\VOESystem\VOEBackend\VOEBackend.Email\BaseClass.cs:line 298
   at VOEBackend.Email.EmailOps.insertMail(IMailMessage msg) in T:\Griffin\SVNDev\VOESystem\VOEBackend\VOEBackend.Email\EmailOps.cs:line 73 System.Exception: Truv Redirect Order URL Not Found
   at VOEBackend.Email.BaseClass.getOrderRequestFromTruvRedirect(IDbConnection dbConn, String emailBody) in T:\Griffin\SVNDev\VOESystem\VOEBackend\VOEBackend.Email\BaseClass.cs:line 298
   at VOEBackend.Email.EmailOps.insertMail(IMailMessage msg) in T:\Griffin\SVNDev\VOESystem\VOEBackend\VOEBackend.Email\EmailOps.cs:line 73
2026-05-27 15:01:38.1149 INFO Getting message voe@firsthome.com: AAkALgAAAAAAHYQDEapmEc2byACqAC-EWg0A-XGp6OdBg0CxQrF5bBnBPAAHIkGRggAA 
2026-05-27 15:01:38.2784 INFO Getting message HTML voe@firsthome.com: AAkALgAAAAAAHYQDEapmEc2byACqAC-EWg0A-XGp6OdBg0CxQrF5bBnBPAAHIkGRggAA 
2026-05-27 15:01:38.3064 INFO Getting message voe@firsthome.com: AAkALgAAAAAAHYQDEapmEc2byACqAC-EWg0A-XGp6OdBg0CxQrF5bBnBPAAHIkGRggAA 
2026-05-27 15:03:18.6030 ERROR Error making web redirect request: https://url.usb.m.mimecastprotect.com/s/urW6C8Xy9BSXGg9RsMsvUyMEQI?domain=url4970.truv.com 
2026-05-27 15:03:18.6560 ERROR System.Net.WebException: The operation has timed out
   at System.Net.HttpWebRequest.GetResponse()
   at VOESystem.Data.Business.BusinessBase.getWebRequestRedirect(String URL) in C:\Data\FirstMortgage\BitBucket\voesystem\VOEFrontend\VOESystem.Data\Business\BusinessBase.cs:line 607 System.Net.WebException: The operation has timed out
   at System.Net.HttpWebRequest.GetResponse()
   at VOESystem.Data.Business.BusinessBase.getWebRequestRedirect(String URL) in C:\Data\FirstMortgage\BitBucket\voesystem\VOEFrontend\VOESystem.Data\Business\BusinessBase.cs:line 607
2026-05-27 15:03:18.7050 INFO Retrying Redirect URL: The operation has timed out 
2026-05-27 15:04:58.7757 ERROR Error making web redirect request: https://url.usb.m.mimecastprotect.com/s/urW6C8Xy9BSXGg9RsMsvUyMEQI?domain=url4970.truv.com 
2026-05-27 15:04:58.8190 ERROR System.Net.WebException: The operation has timed out
   at System.Net.HttpWebRequest.GetResponse()
   at VOESystem.Data.Business.BusinessBase.getWebRequestRedirect(String URL) in C:\Data\FirstMortgage\BitBucket\voesystem\VOEFrontend\VOESystem.Data\Business\BusinessBase.cs:line 607 System.Net.WebException: The operation has timed out
   at System.Net.HttpWebRequest.GetResponse()
   at VOESystem.Data.Business.BusinessBase.getWebRequestRedirect(String URL) in C:\Data\FirstMortgage\BitBucket\voesystem\VOEFrontend\VOESystem.Data\Business\BusinessBase.cs:line 607
2026-05-27 15:04:58.8580 INFO Retrying Redirect URL: The operation has timed out 
2026-05-27 15:06:38.9067 ERROR Error making web redirect request: https://url.usb.m.mimecastprotect.com/s/urW6C8Xy9BSXGg9RsMsvUyMEQI?domain=url4970.truv.com 
2026-05-27 15:06:38.9467 ERROR System.Net.WebException: The operation has timed out
   at System.Net.HttpWebRequest.GetResponse()
   at VOESystem.Data.Business.BusinessBase.getWebRequestRedirect(String URL) in C:\Data\FirstMortgage\BitBucket\voesystem\VOEFrontend\VOESystem.Data\Business\BusinessBase.cs:line 607 System.Net.WebException: The operation has timed out
   at System.Net.HttpWebRequest.GetResponse()
   at VOESystem.Data.Business.BusinessBase.getWebRequestRedirect(String URL) in C:\Data\FirstMortgage\BitBucket\voesystem\VOEFrontend\VOESystem.Data\Business\BusinessBase.cs:line 607
2026-05-27 15:06:38.9904 INFO Retrying Redirect URL: The operation has timed out 
2026-05-27 15:06:39.0328 ERROR Error Importing Email: AAkALgAAAAAAHYQDEapmEc2byACqAC-EWg0A-XGp6OdBg0CxQrF5bBnBPAAHIkGRggAA Gabriella LePore, First Home Mortgage would like to verify your income and employment 2:50 PM 
2026-05-27 15:06:39.0668 ERROR System.Exception: Truv Redirect Order URL Not Found
   at VOEBackend.Email.BaseClass.getOrderRequestFromTruvRedirect(IDbConnection dbConn, String emailBody) in T:\Griffin\SVNDev\VOESystem\VOEBackend\VOEBackend.Email\BaseClass.cs:line 298
   at VOEBackend.Email.EmailOps.insertMail(IMailMessage msg) in T:\Griffin\SVNDev\VOESystem\VOEBackend\VOEBackend.Email\EmailOps.cs:line 73 System.Exception: Truv Redirect Order URL Not Found
   at VOEBackend.Email.BaseClass.getOrderRequestFromTruvRedirect(IDbConnection dbConn, String emailBody) in T:\Griffin\SVNDev\VOESystem\VOEBackend\VOEBackend.Email\BaseClass.cs:line 298
   at VOEBackend.Email.EmailOps.insertMail(IMailMessage msg) in T:\Griffin\SVNDev\VOESystem\VOEBackend\VOEBackend.Email\EmailOps.cs:line 73
2026-05-27 15:06:39.1084 INFO Getting message voe@firsthome.com: AAkALgAAAAAAHYQDEapmEc2byACqAC-EWg0A-XGp6OdBg0CxQrF5bBnBPAAHIkGRfQAA 
2026-05-27 15:06:39.3065 INFO Getting message HTML voe@firsthome.com: AAkALgAAAAAAHYQDEapmEc2byACqAC-EWg0A-XGp6OdBg0CxQrF5bBnBPAAHIkGRfQAA 
2026-05-27 15:06:39.3409 INFO Getting message voe@firsthome.com: AAkALgAAAAAAHYQDEapmEc2byACqAC-EWg0A-XGp6OdBg0CxQrF5bBnBPAAHIkGRfQAA 
2026-05-27 15:06:40.0731 ERROR Error Uploading File 1010525453;C:\Temp\VOERepository\Documents\Upload\20260527150640062_1010525453_VOE Brandon Sims.pdf;VOE Brandon Sims.pdf 
2026-05-27 15:06:40.1072 ERROR System.IO.DirectoryNotFoundException: Could not find a part of the path 'C:\Temp\VOERepository\Documents\Upload\20260527150640062_1010525453_VOE Brandon Sims.pdf'.
   at System.IO.__Error.WinIOError(Int32 errorCode, String maybeFullPath)
   at System.IO.FileStream.Init(String path, FileMode mode, FileAccess access, Int32 rights, Boolean useRights, FileShare share, Int32 bufferSize, FileOptions options, SECURITY_ATTRIBUTES secAttrs, String msgPath, Boolean bFromProxy, Boolean useLongPath, Boolean checkHost)
   at System.IO.FileStream..ctor(String path, FileMode mode, FileAccess access, FileShare share, Int32 bufferSize, FileOptions options, String msgPath, Boolean bFromProxy, Boolean useLongPath, Boolean checkHost)
   at System.IO.StreamWriter.CreateFile(String path, Boolean append, Boolean checkHost)
   at System.IO.StreamWriter..ctor(String path, Boolean append, Encoding encoding, Int32 bufferSize, Boolean checkHost)
   at System.IO.StreamWriter..ctor(String path, Boolean append)
   at ServiceStack.ServiceHost.FileExtensions.SaveTo(IFile file, String filePath)
   at VOESystem.Data.Business.DocumentOps.uploadFile(IDbConnection dbConn, IFile file, String userName, Nullable`1 OrderRequestId, Nullable`1 EmployerId, DocumentType doctype, Boolean UploadToEncompass, String LoanNumber, String filePathName, Nullable`1 DocumentContentTypeId, String baseUrl) in C:\Data\FirstMortgage\BitBucket\voesystem\VOEFrontend\VOESystem.Data\Business\DocumentOps.cs:line 265 System.IO.DirectoryNotFoundException: Could not find a part of the path 'C:\Temp\VOERepository\Documents\Upload\20260527150640062_1010525453_VOE Brandon Sims.pdf'.
   at System.IO.__Error.WinIOError(Int32 errorCode, String maybeFullPath)
   at System.IO.FileStream.Init(String path, FileMode mode, FileAccess access, Int32 rights, Boolean useRights, FileShare share, Int32 bufferSize, FileOptions options, SECURITY_ATTRIBUTES secAttrs, String msgPath, Boolean bFromProxy, Boolean useLongPath, Boolean checkHost)
   at System.IO.FileStream..ctor(String path, FileMode mode, FileAccess access, FileShare share, Int32 bufferSize, FileOptions options, String msgPath, Boolean bFromProxy, Boolean useLongPath, Boolean checkHost)
   at System.IO.StreamWriter.CreateFile(String path, Boolean append, Boolean checkHost)
   at System.IO.StreamWriter..ctor(String path, Boolean append, Encoding encoding, Int32 bufferSize, Boolean checkHost)
   at System.IO.StreamWriter..ctor(String path, Boolean append)
   at ServiceStack.ServiceHost.FileExtensions.SaveTo(IFile file, String filePath)
   at VOESystem.Data.Business.DocumentOps.uploadFile(IDbConnection dbConn, IFile file, String userName, Nullable`1 OrderRequestId, Nullable`1 EmployerId, DocumentType doctype, Boolean UploadToEncompass, String LoanNumber, String filePathName, Nullable`1 DocumentContentTypeId, String baseUrl) in C:\Data\FirstMortgage\BitBucket\voesystem\VOEFrontend\VOESystem.Data\Business\DocumentOps.cs:line 265
2026-05-27 15:06:40.1602 ERROR Error Uploading Attachment to VOE System: C:\Temp\MailAttachments\AAkALgAAAAAAHYQDEapmEc2byACqACEWg0AXGp6OdBg0CxQrF5bBnBPAAHIkGRfQAAVOE Brandon Simspdf 
2026-05-27 15:06:40.1912 ERROR System.Exception: Exception of type 'System.Exception' was thrown. System.Exception: Exception of type 'System.Exception' was thrown.
2026-05-27 15:06:40.2422 INFO Email Logged: Re: Verification of Employment Request Brandon Sims [1010525453-01] 
2026-05-27 15:06:40.2818 INFO Email Logged to Database: AAkALgAAAAAAHYQDEapmEc2byACqAC-EWg0A-XGp6OdBg0CxQrF5bBnBPAAHIkGRfQAA Re: Verification of Employment Request Brandon Sims [1010525453-01] 2:47 PM 
2026-05-27 15:06:40.3132 INFO Getting message voe@firsthome.com: AAkALgAAAAAAHYQDEapmEc2byACqAC-EWg0A-XGp6OdBg0CxQrF5bBnBPAAHIkGRdQAA 
2026-05-27 15:06:40.4482 INFO Getting message HTML voe@firsthome.com: AAkALgAAAAAAHYQDEapmEc2byACqAC-EWg0A-XGp6OdBg0CxQrF5bBnBPAAHIkGRdQAA 
2026-05-27 15:06:40.4882 INFO Getting message voe@firsthome.com: AAkALgAAAAAAHYQDEapmEc2byACqAC-EWg0A-XGp6OdBg0CxQrF5bBnBPAAHIkGRdQAA 
2026-05-27 15:06:40.8432 INFO Skipping Attachment - DisallowedFileType: image001.png in AAkALgAAAAAAHYQDEapmEc2byACqAC-EWg0A-XGp6OdBg0CxQrF5bBnBPAAHIkGRdQAA 
2026-05-27 15:06:40.8762 INFO Skipping Attachment - DisallowedFileType: image002.png in AAkALgAAAAAAHYQDEapmEc2byACqAC-EWg0A-XGp6OdBg0CxQrF5bBnBPAAHIkGRdQAA 
2026-05-27 15:06:40.9452 INFO Email Logged: RE: MyBiz Verification of Employment [1017521572-01] 
2026-05-27 15:06:40.9896 INFO Email Logged to Database: AAkALgAAAAAAHYQDEapmEc2byACqAC-EWg0A-XGp6OdBg0CxQrF5bBnBPAAHIkGRdQAA RE: MyBiz Verification of Employment [1017521572-01] 2:46 PM 
2026-05-27 15:06:41.0202 INFO Getting message voe@firsthome.com: AAkALgAAAAAAHYQDEapmEc2byACqAC-EWg0A-XGp6OdBg0CxQrF5bBnBPAAHIkGRaAAA 
2026-05-27 15:06:41.1563 INFO Getting message HTML voe@firsthome.com: AAkALgAAAAAAHYQDEapmEc2byACqAC-EWg0A-XGp6OdBg0CxQrF5bBnBPAAHIkGRaAAA 
2026-05-27 15:06:41.1873 INFO Getting message voe@firsthome.com: AAkALgAAAAAAHYQDEapmEc2byACqAC-EWg0A-XGp6OdBg0CxQrF5bBnBPAAHIkGRaAAA 
2026-05-27 15:06:41.5793 INFO Email Logged: Re: MyBiz Verification of Employment [1017521572-01] 
2026-05-27 15:06:41.6163 INFO Email Logged to Database: AAkALgAAAAAAHYQDEapmEc2byACqAC-EWg0A-XGp6OdBg0CxQrF5bBnBPAAHIkGRaAAA Re: MyBiz Verification of Employment [1017521572-01] 2:45 PM 
2026-05-27 15:06:41.6493 INFO Getting message voe@firsthome.com: AAkALgAAAAAAHYQDEapmEc2byACqAC-EWg0A-XGp6OdBg0CxQrF5bBnBPAAHIkGRYwAA 
2026-05-27 15:06:42.0610 INFO Getting message HTML voe@firsthome.com: AAkALgAAAAAAHYQDEapmEc2byACqAC-EWg0A-XGp6OdBg0CxQrF5bBnBPAAHIkGRYwAA 
2026-05-27 15:06:42.0920 INFO Getting message voe@firsthome.com: AAkALgAAAAAAHYQDEapmEc2byACqAC-EWg0A-XGp6OdBg0CxQrF5bBnBPAAHIkGRYwAA 
2026-05-27 15:06:42.4335 INFO Email Not Matched: AAkALgAAAAAAHYQDEapmEc2byACqAC-EWg0A-XGp6OdBg0CxQrF5bBnBPAAHIkGRYwAA Employment Verification for Jacob T Mattison 2:42 PM 
2026-05-27 15:06:42.4755 INFO Getting message voe@firsthome.com: AAkALgAAAAAAHYQDEapmEc2byACqAC-EWg0A-XGp6OdBg0CxQrF5bBnBPAAHIkGRXwAA 
2026-05-27 15:06:42.6115 INFO Getting message HTML voe@firsthome.com: AAkALgAAAAAAHYQDEapmEc2byACqAC-EWg0A-XGp6OdBg0CxQrF5bBnBPAAHIkGRXwAA 
2026-05-27 15:06:42.6415 INFO Getting message voe@firsthome.com: AAkALgAAAAAAHYQDEapmEc2byACqAC-EWg0A-XGp6OdBg0CxQrF5bBnBPAAHIkGRXwAA 
2026-05-27 15:06:42.9816 INFO Email Logged: Re: Salary Key Request Ashley Barr [1014520918-05] 
2026-05-27 15:06:43.0216 INFO Email Logged to Database: AAkALgAAAAAAHYQDEapmEc2byACqAC-EWg0A-XGp6OdBg0CxQrF5bBnBPAAHIkGRXwAA Re: Salary Key Request Ashley Barr [1014520918-05] 2:40 PM 
2026-05-27 15:06:43.0656 INFO Getting message voe@firsthome.com: AAkALgAAAAAAHYQDEapmEc2byACqAC-EWg0A-XGp6OdBg0CxQrF5bBnBPAAHIkGRWwAA 
2026-05-27 15:06:43.2065 INFO Getting message HTML voe@firsthome.com: AAkALgAAAAAAHYQDEapmEc2byACqAC-EWg0A-XGp6OdBg0CxQrF5bBnBPAAHIkGRWwAA 
2026-05-27 15:06:43.2422 INFO Getting message voe@firsthome.com: AAkALgAAAAAAHYQDEapmEc2byACqAC-EWg0A-XGp6OdBg0CxQrF5bBnBPAAHIkGRWwAA 
2026-05-27 15:06:43.5752 INFO Skipping Attachment - Possible Signature Image: image001.png(7091K) in AAkALgAAAAAAHYQDEapmEc2byACqAC-EWg0A-XGp6OdBg0CxQrF5bBnBPAAHIkGRWwAA 
2026-05-27 15:06:43.6272 INFO Skipping Attachment - Possible Signature Image: image003.jpg(1650K) in AAkALgAAAAAAHYQDEapmEc2byACqAC-EWg0A-XGp6OdBg0CxQrF5bBnBPAAHIkGRWwAA 
2026-05-27 15:06:43.6647 INFO Skipping Attachment - Possible Signature Image: image004.jpg(1702K) in AAkALgAAAAAAHYQDEapmEc2byACqAC-EWg0A-XGp6OdBg0CxQrF5bBnBPAAHIkGRWwAA 
2026-05-27 15:06:43.6978 INFO Skipping Attachment - Possible Signature Image: image005.jpg(1546K) in AAkALgAAAAAAHYQDEapmEc2byACqAC-EWg0A-XGp6OdBg0CxQrF5bBnBPAAHIkGRWwAA 
2026-05-27 15:06:43.7378 INFO Skipping Attachment - Possible Signature Image: image006.jpg(1669K) in AAkALgAAAAAAHYQDEapmEc2byACqAC-EWg0A-XGp6OdBg0CxQrF5bBnBPAAHIkGRWwAA 
2026-05-27 15:06:43.9253 ERROR Error Uploading File 1004525493;C:\Temp\VOERepository\Documents\Upload\20260527150643925_1004525493_Paystub.pdf;Paystub.pdf 
2026-05-27 15:06:43.9963 ERROR System.IO.DirectoryNotFoundException: Could not find a part of the path 'C:\Temp\VOERepository\Documents\Upload\20260527150643925_1004525493_Paystub.pdf'.
   at System.IO.__Error.WinIOError(Int32 errorCode, String maybeFullPath)
   at System.IO.FileStream.Init(String path, FileMode mode, FileAccess access, Int32 rights, Boolean useRights, FileShare share, Int32 bufferSize, FileOptions options, SECURITY_ATTRIBUTES secAttrs, String msgPath, Boolean bFromProxy, Boolean useLongPath, Boolean checkHost)
   at System.IO.FileStream..ctor(String path, FileMode mode, FileAccess access, FileShare share, Int32 bufferSize, FileOptions options, String msgPath, Boolean bFromProxy, Boolean useLongPath, Boolean checkHost)
   at System.IO.StreamWriter.CreateFile(String path, Boolean append, Boolean checkHost)
   at System.IO.StreamWriter..ctor(String path, Boolean append, Encoding encoding, Int32 bufferSize, Boolean checkHost)
   at System.IO.StreamWriter..ctor(String path, Boolean append)
   at ServiceStack.ServiceHost.FileExtensions.SaveTo(IFile file, String filePath)
   at VOESystem.Data.Business.DocumentOps.uploadFile(IDbConnection dbConn, IFile file, String userName, Nullable`1 OrderRequestId, Nullable`1 EmployerId, DocumentType doctype, Boolean UploadToEncompass, String LoanNumber, String filePathName, Nullable`1 DocumentContentTypeId, String baseUrl) in C:\Data\FirstMortgage\BitBucket\voesystem\VOEFrontend\VOESystem.Data\Business\DocumentOps.cs:line 265 System.IO.DirectoryNotFoundException: Could not find a part of the path 'C:\Temp\VOERepository\Documents\Upload\20260527150643925_1004525493_Paystub.pdf'.
   at System.IO.__Error.WinIOError(Int32 errorCode, String maybeFullPath)
   at System.IO.FileStream.Init(String path, FileMode mode, FileAccess access, Int32 rights, Boolean useRights, FileShare share, Int32 bufferSize, FileOptions options, SECURITY_ATTRIBUTES secAttrs, String msgPath, Boolean bFromProxy, Boolean useLongPath, Boolean checkHost)
   at System.IO.FileStream..ctor(String path, FileMode mode, FileAccess access, FileShare share, Int32 bufferSize, FileOptions options, String msgPath, Boolean bFromProxy, Boolean useLongPath, Boolean checkHost)
   at System.IO.StreamWriter.CreateFile(String path, Boolean append, Boolean checkHost)
   at System.IO.StreamWriter..ctor(String path, Boolean append, Encoding encoding, Int32 bufferSize, Boolean checkHost)
   at System.IO.StreamWriter..ctor(String path, Boolean append)
   at ServiceStack.ServiceHost.FileExtensions.SaveTo(IFile file, String filePath)
   at VOESystem.Data.Business.DocumentOps.uploadFile(IDbConnection dbConn, IFile file, String userName, Nullable`1 OrderRequestId, Nullable`1 EmployerId, DocumentType doctype, Boolean UploadToEncompass, String LoanNumber, String filePathName, Nullable`1 DocumentContentTypeId, String baseUrl) in C:\Data\FirstMortgage\BitBucket\voesystem\VOEFrontend\VOESystem.Data\Business\DocumentOps.cs:line 265
2026-05-27 15:06:44.0463 ERROR Error Uploading Attachment to VOE System: C:\Temp\MailAttachments\AAkALgAAAAAAHYQDEapmEc2byACqACEWg0AXGp6OdBg0CxQrF5bBnBPAAHIkGRWwAAPaystubpdf 
2026-05-27 15:06:44.1169 ERROR System.Exception: Exception of type 'System.Exception' was thrown. System.Exception: Exception of type 'System.Exception' was thrown.
2026-05-27 15:06:44.1679 INFO Skipping Attachment - Possible Signature Image: image007.png(9278K) in AAkALgAAAAAAHYQDEapmEc2byACqAC-EWg0A-XGp6OdBg0CxQrF5bBnBPAAHIkGRWwAA 
2026-05-27 15:06:44.2399 INFO Email Logged: RE: VOE Update-Angela Hargrove-1004525493-02-Kaiser Permanente [1004525493-02] 
2026-05-27 15:06:44.2909 INFO Email Logged to Database: AAkALgAAAAAAHYQDEapmEc2byACqAC-EWg0A-XGp6OdBg0CxQrF5bBnBPAAHIkGRWwAA RE: VOE Update-Angela Hargrove-1004525493-02-Kaiser Permanente [1004525493-02] 2:39 PM 
2026-05-27 15:38:42.6080 INFO Getting messages for folder voe@firsthome.com: Inbox 
2026-05-27 15:38:45.8227 INFO Getting message voe@firsthome.com: AAkALgAAAAAAHYQDEapmEc2byACqAC-EWg0A-XGp6OdBg0CxQrF5bBnBPAAHIkGTVwAA 
2026-05-27 15:38:46.0660 INFO Getting message HTML voe@firsthome.com: AAkALgAAAAAAHYQDEapmEc2byACqAC-EWg0A-XGp6OdBg0CxQrF5bBnBPAAHIkGTVwAA 
2026-05-27 15:38:46.1010 INFO Getting message voe@firsthome.com: AAkALgAAAAAAHYQDEapmEc2byACqAC-EWg0A-XGp6OdBg0CxQrF5bBnBPAAHIkGTVwAA 
2026-05-27 15:38:48.9976 INFO Skipping Attachment - DisallowedFileType: image001.png in AAkALgAAAAAAHYQDEapmEc2byACqAC-EWg0A-XGp6OdBg0CxQrF5bBnBPAAHIkGTVwAA 
2026-05-27 15:38:49.0247 INFO Skipping Attachment - Possible Signature Image: image003.jpg(1650K) in AAkALgAAAAAAHYQDEapmEc2byACqAC-EWg0A-XGp6OdBg0CxQrF5bBnBPAAHIkGTVwAA 
2026-05-27 15:38:49.0508 INFO Skipping Attachment - Possible Signature Image: image004.jpg(1702K) in AAkALgAAAAAAHYQDEapmEc2byACqAC-EWg0A-XGp6OdBg0CxQrF5bBnBPAAHIkGTVwAA 
2026-05-27 15:38:49.0753 INFO Skipping Attachment - Possible Signature Image: image005.jpg(1546K) in AAkALgAAAAAAHYQDEapmEc2byACqAC-EWg0A-XGp6OdBg0CxQrF5bBnBPAAHIkGTVwAA 
2026-05-27 15:38:49.1014 INFO Skipping Attachment - Possible Signature Image: image006.jpg(1669K) in AAkALgAAAAAAHYQDEapmEc2byACqAC-EWg0A-XGp6OdBg0CxQrF5bBnBPAAHIkGTVwAA 
2026-05-27 15:38:49.1274 INFO Skipping Attachment - DisallowedFileType: image007.png in AAkALgAAAAAAHYQDEapmEc2byACqAC-EWg0A-XGp6OdBg0CxQrF5bBnBPAAHIkGTVwAA 
2026-05-27 15:38:49.2721 INFO Email Logged: RE: Request for Rush Order has been Approved [1083522884-14] 
2026-05-27 15:38:49.3251 INFO Email Logged to Database: AAkALgAAAAAAHYQDEapmEc2byACqAC-EWg0A-XGp6OdBg0CxQrF5bBnBPAAHIkGTVwAA RE: Request for Rush Order has been Approved [1083522884-14] 3:31 PM 
2026-05-27 15:38:49.3521 INFO Getting message voe@firsthome.com: AAkALgAAAAAAHYQDEapmEc2byACqAC-EWg0A-XGp6OdBg0CxQrF5bBnBPAAHIkGTTgAA 
2026-05-27 15:38:49.5151 INFO Getting message HTML voe@firsthome.com: AAkALgAAAAAAHYQDEapmEc2byACqAC-EWg0A-XGp6OdBg0CxQrF5bBnBPAAHIkGTTgAA 
2026-05-27 15:38:49.5433 INFO Getting message voe@firsthome.com: AAkALgAAAAAAHYQDEapmEc2byACqAC-EWg0A-XGp6OdBg0CxQrF5bBnBPAAHIkGTTgAA 
2026-05-27 15:38:49.8752 INFO Skipping Attachment - DisallowedFileType: image002.png in AAkALgAAAAAAHYQDEapmEc2byACqAC-EWg0A-XGp6OdBg0CxQrF5bBnBPAAHIkGTTgAA 
2026-05-27 15:38:49.9052 INFO Skipping Attachment - Possible Signature Image: image004.jpg(1650K) in AAkALgAAAAAAHYQDEapmEc2byACqAC-EWg0A-XGp6OdBg0CxQrF5bBnBPAAHIkGTTgAA 
2026-05-27 15:38:49.9312 INFO Skipping Attachment - Possible Signature Image: image005.jpg(1702K) in AAkALgAAAAAAHYQDEapmEc2byACqAC-EWg0A-XGp6OdBg0CxQrF5bBnBPAAHIkGTTgAA 
2026-05-27 15:38:49.9562 INFO Skipping Attachment - Possible Signature Image: image006.jpg(1546K) in AAkALgAAAAAAHYQDEapmEc2byACqAC-EWg0A-XGp6OdBg0CxQrF5bBnBPAAHIkGTTgAA 
2026-05-27 15:38:49.9822 INFO Skipping Attachment - Possible Signature Image: image007.jpg(1669K) in AAkALgAAAAAAHYQDEapmEc2byACqAC-EWg0A-XGp6OdBg0CxQrF5bBnBPAAHIkGTTgAA 
2026-05-27 15:38:50.0072 INFO Skipping Attachment - DisallowedFileType: image008.png in AAkALgAAAAAAHYQDEapmEc2byACqAC-EWg0A-XGp6OdBg0CxQrF5bBnBPAAHIkGTTgAA 
2026-05-27 15:38:50.0332 INFO Skipping Attachment - DisallowedFileType: image001.png in AAkALgAAAAAAHYQDEapmEc2byACqAC-EWg0A-XGp6OdBg0CxQrF5bBnBPAAHIkGTTgAA 
2026-05-27 15:38:50.0792 INFO Email Logged: RE: URGENT!!!!Assistance Needed - Your Verification of Employment [1081489417-01] 
2026-05-27 15:38:50.1112 INFO Email Logged to Database: AAkALgAAAAAAHYQDEapmEc2byACqAC-EWg0A-XGp6OdBg0CxQrF5bBnBPAAHIkGTTgAA RE: URGENT!!!!Assistance Needed - Your Verification of Employment [1081489417-01] 3:30 PM 
2026-05-27 15:38:50.1372 INFO Getting message voe@firsthome.com: AAkALgAAAAAAHYQDEapmEc2byACqAC-EWg0A-XGp6OdBg0CxQrF5bBnBPAAHIkGTNQAA 
2026-05-27 15:38:50.7339 INFO Getting message HTML voe@firsthome.com: AAkALgAAAAAAHYQDEapmEc2byACqAC-EWg0A-XGp6OdBg0CxQrF5bBnBPAAHIkGTNQAA 
2026-05-27 15:38:50.7709 INFO Getting message voe@firsthome.com: AAkALgAAAAAAHYQDEapmEc2byACqAC-EWg0A-XGp6OdBg0CxQrF5bBnBPAAHIkGTNQAA 
2026-05-27 15:38:51.1189 INFO Email Not Matched: AAkALgAAAAAAHYQDEapmEc2byACqAC-EWg0A-XGp6OdBg0CxQrF5bBnBPAAHIkGTNQAA  3:27 PM 
2026-05-27 15:38:51.1620 INFO Getting message voe@firsthome.com: AAkALgAAAAAAHYQDEapmEc2byACqAC-EWg0A-XGp6OdBg0CxQrF5bBnBPAAHIkGTMgAA 
2026-05-27 15:38:51.3333 INFO Getting message HTML voe@firsthome.com: AAkALgAAAAAAHYQDEapmEc2byACqAC-EWg0A-XGp6OdBg0CxQrF5bBnBPAAHIkGTMgAA 
2026-05-27 15:38:51.3630 INFO Getting message voe@firsthome.com: AAkALgAAAAAAHYQDEapmEc2byACqAC-EWg0A-XGp6OdBg0CxQrF5bBnBPAAHIkGTMgAA 
2026-05-27 15:38:51.7031 INFO Email Logged: Re: Request for Rush Order has been Approved [1083522884-14] 
2026-05-27 15:38:51.7351 INFO Email Logged to Database: AAkALgAAAAAAHYQDEapmEc2byACqAC-EWg0A-XGp6OdBg0CxQrF5bBnBPAAHIkGTMgAA Re: Request for Rush Order has been Approved [1083522884-14] 3:27 PM 
2026-05-27 15:38:51.7591 INFO Getting message voe@firsthome.com: AAkALgAAAAAAHYQDEapmEc2byACqAC-EWg0A-XGp6OdBg0CxQrF5bBnBPAAHIkGTKgAA 
2026-05-27 15:38:51.9241 INFO Getting message HTML voe@firsthome.com: AAkALgAAAAAAHYQDEapmEc2byACqAC-EWg0A-XGp6OdBg0CxQrF5bBnBPAAHIkGTKgAA 
2026-05-27 15:38:51.9501 INFO Getting message voe@firsthome.com: AAkALgAAAAAAHYQDEapmEc2byACqAC-EWg0A-XGp6OdBg0CxQrF5bBnBPAAHIkGTKgAA 
2026-05-27 15:38:52.2786 INFO Email Logged: RE: Request for Rush Order has been Approved [1083522884-14] 
2026-05-27 15:38:52.3106 INFO Email Logged to Database: AAkALgAAAAAAHYQDEapmEc2byACqAC-EWg0A-XGp6OdBg0CxQrF5bBnBPAAHIkGTKgAA RE: Request for Rush Order has been Approved [1083522884-14] 3:26 PM 
2026-05-27 15:38:52.3356 INFO Getting message voe@firsthome.com: AAkALgAAAAAAHYQDEapmEc2byACqAC-EWg0A-XGp6OdBg0CxQrF5bBnBPAAHIkGTJgAA 
2026-05-27 15:38:52.5247 INFO Getting message HTML voe@firsthome.com: AAkALgAAAAAAHYQDEapmEc2byACqAC-EWg0A-XGp6OdBg0CxQrF5bBnBPAAHIkGTJgAA 
2026-05-27 15:38:52.5627 INFO Getting message voe@firsthome.com: AAkALgAAAAAAHYQDEapmEc2byACqAC-EWg0A-XGp6OdBg0CxQrF5bBnBPAAHIkGTJgAA 
2026-05-27 15:38:59.1617 INFO Email Logged: Tyler Bennett, First Home Mortgage would like to verify your income and employment 
2026-05-27 15:38:59.2017 INFO Email Logged to Database: AAkALgAAAAAAHYQDEapmEc2byACqAC-EWg0A-XGp6OdBg0CxQrF5bBnBPAAHIkGTJgAA Tyler Bennett, First Home Mortgage would like to verify your income and employment 3:25 PM 
2026-05-27 15:38:59.2287 INFO Getting message voe@firsthome.com: AAkALgAAAAAAHYQDEapmEc2byACqAC-EWg0A-XGp6OdBg0CxQrF5bBnBPAAHIkGTDwAA 
2026-05-27 15:38:59.3827 INFO Getting message HTML voe@firsthome.com: AAkALgAAAAAAHYQDEapmEc2byACqAC-EWg0A-XGp6OdBg0CxQrF5bBnBPAAHIkGTDwAA 
2026-05-27 15:38:59.4125 INFO Getting message voe@firsthome.com: AAkALgAAAAAAHYQDEapmEc2byACqAC-EWg0A-XGp6OdBg0CxQrF5bBnBPAAHIkGTDwAA 
2026-05-27 15:38:59.8099 INFO Email Logged: Re: Final Verification MyBiz Request [5012524434-02] 
2026-05-27 15:38:59.8453 INFO Email Logged to Database: AAkALgAAAAAAHYQDEapmEc2byACqAC-EWg0A-XGp6OdBg0CxQrF5bBnBPAAHIkGTDwAA Re: Final Verification MyBiz Request [5012524434-02] 3:21 PM 
2026-05-27 15:38:59.8719 INFO Getting message voe@firsthome.com: AAkALgAAAAAAHYQDEapmEc2byACqAC-EWg0A-XGp6OdBg0CxQrF5bBnBPAAHIkGTCgAA 
2026-05-27 15:39:00.0039 INFO Getting message HTML voe@firsthome.com: AAkALgAAAAAAHYQDEapmEc2byACqAC-EWg0A-XGp6OdBg0CxQrF5bBnBPAAHIkGTCgAA 
2026-05-27 15:39:00.0369 INFO Getting message voe@firsthome.com: AAkALgAAAAAAHYQDEapmEc2byACqAC-EWg0A-XGp6OdBg0CxQrF5bBnBPAAHIkGTCgAA 
2026-05-27 15:39:00.3470 INFO Email Not Matched: AAkALgAAAAAAHYQDEapmEc2byACqAC-EWg0A-XGp6OdBg0CxQrF5bBnBPAAHIkGTCgAA Employment Verification for William C Moore 3:18 PM 
2026-05-27 15:39:00.3920 INFO Getting message voe@firsthome.com: AAkALgAAAAAAHYQDEapmEc2byACqAC-EWg0A-XGp6OdBg0CxQrF5bBnBPAAHIkGS9gAA 
2026-05-27 15:39:00.7850 INFO Getting message HTML voe@firsthome.com: AAkALgAAAAAAHYQDEapmEc2byACqAC-EWg0A-XGp6OdBg0CxQrF5bBnBPAAHIkGS9gAA 
2026-05-27 15:39:00.8130 INFO Getting message voe@firsthome.com: AAkALgAAAAAAHYQDEapmEc2byACqAC-EWg0A-XGp6OdBg0CxQrF5bBnBPAAHIkGS9gAA 
2026-05-27 15:39:01.1348 INFO Skipping Attachment - DisallowedFileType: ATT00001.png in AAkALgAAAAAAHYQDEapmEc2byACqAC-EWg0A-XGp6OdBg0CxQrF5bBnBPAAHIkGS9gAA 
2026-05-27 15:39:01.1774 INFO Email Logged: Re: [External] Verification of Employment Request Mindy Benoit [7040522828-05] 
2026-05-27 15:39:01.2088 INFO Email Logged to Database: AAkALgAAAAAAHYQDEapmEc2byACqAC-EWg0A-XGp6OdBg0CxQrF5bBnBPAAHIkGS9gAA Re: [External] Verification of Employment Request Mindy Benoit [7040522828-05] 3:17 PM 
2026-05-27 15:39:01.2358 INFO Getting message voe@firsthome.com: AAkALgAAAAAAHYQDEapmEc2byACqAC-EWg0A-XGp6OdBg0CxQrF5bBnBPAAHIkGS8QAA 
2026-05-27 15:39:01.3910 INFO Getting message HTML voe@firsthome.com: AAkALgAAAAAAHYQDEapmEc2byACqAC-EWg0A-XGp6OdBg0CxQrF5bBnBPAAHIkGS8QAA 
2026-05-27 15:39:01.4190 INFO Getting message voe@firsthome.com: AAkALgAAAAAAHYQDEapmEc2byACqAC-EWg0A-XGp6OdBg0CxQrF5bBnBPAAHIkGS8QAA 
2026-05-27 15:39:01.7430 INFO Email Logged: RE: URGENT CLOSING THIS WEEK Verification of Employment Request Rabbab Khamis [1009519902-02] 
2026-05-27 15:39:01.7970 INFO Email Logged to Database: AAkALgAAAAAAHYQDEapmEc2byACqAC-EWg0A-XGp6OdBg0CxQrF5bBnBPAAHIkGS8QAA RE: URGENT CLOSING THIS WEEK Verification of Employment Request Rabbab Khamis [1009519902-02] 3:16 PM 
2026-05-27 15:39:01.8220 INFO Getting message voe@firsthome.com: AAkALgAAAAAAHYQDEapmEc2byACqAC-EWg0A-XGp6OdBg0CxQrF5bBnBPAAHIkGSBQAA 
2026-05-27 15:39:02.0174 INFO Getting message HTML voe@firsthome.com: AAkALgAAAAAAHYQDEapmEc2byACqAC-EWg0A-XGp6OdBg0CxQrF5bBnBPAAHIkGSBQAA 
2026-05-27 15:39:02.0460 INFO Getting message voe@firsthome.com: AAkALgAAAAAAHYQDEapmEc2byACqAC-EWg0A-XGp6OdBg0CxQrF5bBnBPAAHIkGSBQAA 
2026-05-27 15:39:06.8791 INFO Email Logged: Cathleen Flynn, First Home Mortgage would like to verify your income and employment 
2026-05-27 15:39:06.9105 INFO Email Logged to Database: AAkALgAAAAAAHYQDEapmEc2byACqAC-EWg0A-XGp6OdBg0CxQrF5bBnBPAAHIkGSBQAA Cathleen Flynn, First Home Mortgage would like to verify your income and employment 3:10 PM 
2026-05-27 15:39:06.9361 INFO Getting message voe@firsthome.com: AAkALgAAAAAAHYQDEapmEc2byACqAC-EWg0A-XGp6OdBg0CxQrF5bBnBPAAHIkGSAgAA 
2026-05-27 15:39:07.0891 INFO Getting message HTML voe@firsthome.com: AAkALgAAAAAAHYQDEapmEc2byACqAC-EWg0A-XGp6OdBg0CxQrF5bBnBPAAHIkGSAgAA 
2026-05-27 15:39:07.1171 INFO Getting message voe@firsthome.com: AAkALgAAAAAAHYQDEapmEc2byACqAC-EWg0A-XGp6OdBg0CxQrF5bBnBPAAHIkGSAgAA 
2026-05-27 15:39:07.6458 INFO Email Logged: RE: Meghana Malepati-Egan VOE - Request for Additional Information [7040522600-03] 
2026-05-27 15:39:07.6808 INFO Email Logged to Database: AAkALgAAAAAAHYQDEapmEc2byACqAC-EWg0A-XGp6OdBg0CxQrF5bBnBPAAHIkGSAgAA RE: Meghana Malepati-Egan VOE - Request for Additional Information [7040522600-03] 3:07 PM 
2026-05-27 15:39:07.7078 INFO Getting message voe@firsthome.com: AAkALgAAAAAAHYQDEapmEc2byACqAC-EWg0A-XGp6OdBg0CxQrF5bBnBPAAHIkGR9QAA 
2026-05-27 15:39:07.8738 INFO Getting message HTML voe@firsthome.com: AAkALgAAAAAAHYQDEapmEc2byACqAC-EWg0A-XGp6OdBg0CxQrF5bBnBPAAHIkGR9QAA 
2026-05-27 15:39:07.9025 INFO Getting message voe@firsthome.com: AAkALgAAAAAAHYQDEapmEc2byACqAC-EWg0A-XGp6OdBg0CxQrF5bBnBPAAHIkGR9QAA 
2026-05-27 15:39:08.1843 INFO Skipping Attachment - DisallowedFileType: image001.png in AAkALgAAAAAAHYQDEapmEc2byACqAC-EWg0A-XGp6OdBg0CxQrF5bBnBPAAHIkGR9QAA 
2026-05-27 15:39:08.2289 INFO Email Logged: RE: URGENT!!!!Assistance Needed - Your Verification of Employment [1081489417-01] 
2026-05-27 15:39:08.2599 INFO Email Logged to Database: AAkALgAAAAAAHYQDEapmEc2byACqAC-EWg0A-XGp6OdBg0CxQrF5bBnBPAAHIkGR9QAA RE: URGENT!!!!Assistance Needed - Your Verification of Employment [1081489417-01] 3:04 PM 
2026-05-27 15:39:08.2849 INFO Getting message voe@firsthome.com: AAkALgAAAAAAHYQDEapmEc2byACqAC-EWg0A-XGp6OdBg0CxQrF5bBnBPAAHIkGR3AAA 
2026-05-27 15:39:08.4499 INFO Getting message HTML voe@firsthome.com: AAkALgAAAAAAHYQDEapmEc2byACqAC-EWg0A-XGp6OdBg0CxQrF5bBnBPAAHIkGR3AAA 
2026-05-27 15:39:08.4789 INFO Getting message voe@firsthome.com: AAkALgAAAAAAHYQDEapmEc2byACqAC-EWg0A-XGp6OdBg0CxQrF5bBnBPAAHIkGR3AAA 
2026-05-27 15:39:08.8023 INFO Skipping Attachment - Possible Signature Image: image001.png(7091K) in AAkALgAAAAAAHYQDEapmEc2byACqAC-EWg0A-XGp6OdBg0CxQrF5bBnBPAAHIkGR3AAA 
2026-05-27 15:39:08.8293 INFO Skipping Attachment - Possible Signature Image: image002.png(7552K) in AAkALgAAAAAAHYQDEapmEc2byACqAC-EWg0A-XGp6OdBg0CxQrF5bBnBPAAHIkGR3AAA 
2026-05-27 15:39:08.8553 INFO Skipping Attachment - Possible Signature Image: image003.jpg(1278K) in AAkALgAAAAAAHYQDEapmEc2byACqAC-EWg0A-XGp6OdBg0CxQrF5bBnBPAAHIkGR3AAA 
2026-05-27 15:39:08.8813 INFO Skipping Attachment - Possible Signature Image: image004.jpg(1296K) in AAkALgAAAAAAHYQDEapmEc2byACqAC-EWg0A-XGp6OdBg0CxQrF5bBnBPAAHIkGR3AAA 
2026-05-27 15:39:08.9253 INFO Email Logged: FW: Final Verification MyBiz Request [1081518749-04] 
2026-05-27 15:39:08.9563 INFO Email Logged to Database: AAkALgAAAAAAHYQDEapmEc2byACqAC-EWg0A-XGp6OdBg0CxQrF5bBnBPAAHIkGR3AAA FW: Final Verification MyBiz Request [1081518749-04] 3:00 PM 
2026-05-27 15:39:08.9813 INFO Getting message voe@firsthome.com: AAkALgAAAAAAHYQDEapmEc2byACqAC-EWg0A-XGp6OdBg0CxQrF5bBnBPAAHIkGR1QAA 
2026-05-27 15:39:09.1479 INFO Getting message HTML voe@firsthome.com: AAkALgAAAAAAHYQDEapmEc2byACqAC-EWg0A-XGp6OdBg0CxQrF5bBnBPAAHIkGR1QAA 
2026-05-27 15:39:09.1729 INFO Getting message voe@firsthome.com: AAkALgAAAAAAHYQDEapmEc2byACqAC-EWg0A-XGp6OdBg0CxQrF5bBnBPAAHIkGR1QAA 
2026-05-27 15:39:09.4999 INFO Skipping Attachment - Possible Signature Image: image001.png(7230K) in AAkALgAAAAAAHYQDEapmEc2byACqAC-EWg0A-XGp6OdBg0CxQrF5bBnBPAAHIkGR1QAA 
2026-05-27 15:39:09.5270 INFO Skipping Attachment - Possible Signature Image: image003.png(4742K) in AAkALgAAAAAAHYQDEapmEc2byACqAC-EWg0A-XGp6OdBg0CxQrF5bBnBPAAHIkGR1QAA 
2026-05-27 15:39:09.5500 INFO Skipping Attachment - Possible Signature Image: image005.png(6205K) in AAkALgAAAAAAHYQDEapmEc2byACqAC-EWg0A-XGp6OdBg0CxQrF5bBnBPAAHIkGR1QAA 
2026-05-27 15:39:09.5750 INFO Skipping Attachment - Possible Signature Image: image006.png(4095K) in AAkALgAAAAAAHYQDEapmEc2byACqAC-EWg0A-XGp6OdBg0CxQrF5bBnBPAAHIkGR1QAA 
2026-05-27 15:39:09.6190 INFO Email Logged: RE: Confirmation of New VOE Order for Patrick Glover [1014480640-02] 
2026-05-27 15:39:09.6510 INFO Email Logged to Database: AAkALgAAAAAAHYQDEapmEc2byACqAC-EWg0A-XGp6OdBg0CxQrF5bBnBPAAHIkGR1QAA RE: Confirmation of New VOE Order for Patrick Glover [1014480640-02] 2:58 PM 
2026-05-27 16:01:09.5207 INFO Getting messages for folder voe@firsthome.com: Inbox 
2026-05-27 16:01:13.1158 INFO Getting message voe@firsthome.com: AAkALgAAAAAAHYQDEapmEc2byACqAC-EWg0A-XGp6OdBg0CxQrF5bBnBPAAHIkGT6QAA 
2026-05-27 16:01:18.3295 INFO Getting message HTML voe@firsthome.com: AAkALgAAAAAAHYQDEapmEc2byACqAC-EWg0A-XGp6OdBg0CxQrF5bBnBPAAHIkGT6QAA 
2026-05-27 16:01:18.3589 INFO Getting message voe@firsthome.com: AAkALgAAAAAAHYQDEapmEc2byACqAC-EWg0A-XGp6OdBg0CxQrF5bBnBPAAHIkGT6QAA 
2026-05-27 16:01:20.5421 INFO Email Logged: Read: Mark Fitzgerald VOE - Request for Additional Information [1024525555-02] 
2026-05-27 16:01:20.6001 INFO Email Logged to Database: AAkALgAAAAAAHYQDEapmEc2byACqAC-EWg0A-XGp6OdBg0CxQrF5bBnBPAAHIkGT6QAA Read: Mark Fitzgerald VOE - Request for Additional Information [1024525555-02] 4:01 PM 
2026-05-27 16:01:20.6267 INFO Getting message voe@firsthome.com: AAkALgAAAAAAHYQDEapmEc2byACqAC-EWg0A-XGp6OdBg0CxQrF5bBnBPAAHIkGT4QAA 
2026-05-27 16:01:21.3733 INFO Getting message HTML voe@firsthome.com: AAkALgAAAAAAHYQDEapmEc2byACqAC-EWg0A-XGp6OdBg0CxQrF5bBnBPAAHIkGT4QAA 
2026-05-27 16:01:21.4018 INFO Getting message voe@firsthome.com: AAkALgAAAAAAHYQDEapmEc2byACqAC-EWg0A-XGp6OdBg0CxQrF5bBnBPAAHIkGT4QAA 
2026-05-27 16:01:47.4594 INFO Email Logged: Robert Garrett, First Home Mortgage would like to verify your income and employment 
2026-05-27 16:01:47.5000 INFO Email Logged to Database: AAkALgAAAAAAHYQDEapmEc2byACqAC-EWg0A-XGp6OdBg0CxQrF5bBnBPAAHIkGT4QAA Robert Garrett, First Home Mortgage would like to verify your income and employment 4:00 PM 
2026-05-27 16:01:47.5270 INFO Getting message voe@firsthome.com: AAkALgAAAAAAHYQDEapmEc2byACqAC-EWg0A-XGp6OdBg0CxQrF5bBnBPAAHIkGT3gAA 
2026-05-27 16:01:47.6795 INFO Getting message HTML voe@firsthome.com: AAkALgAAAAAAHYQDEapmEc2byACqAC-EWg0A-XGp6OdBg0CxQrF5bBnBPAAHIkGT3gAA 
2026-05-27 16:01:47.7065 INFO Getting message voe@firsthome.com: AAkALgAAAAAAHYQDEapmEc2byACqAC-EWg0A-XGp6OdBg0CxQrF5bBnBPAAHIkGT3gAA 
2026-05-27 16:02:00.5118 INFO Email Logged: Paula Barjesteh, First Home Mortgage would like to verify your income and employment 
2026-05-27 16:02:00.5548 INFO Email Logged to Database: AAkALgAAAAAAHYQDEapmEc2byACqAC-EWg0A-XGp6OdBg0CxQrF5bBnBPAAHIkGT3gAA Paula Barjesteh, First Home Mortgage would like to verify your income and employment 4:00 PM 
2026-05-27 16:02:00.5818 INFO Getting message voe@firsthome.com: AAkALgAAAAAAHYQDEapmEc2byACqAC-EWg0A-XGp6OdBg0CxQrF5bBnBPAAHIkGT3AAA 
2026-05-27 16:02:00.7438 INFO Getting message HTML voe@firsthome.com: AAkALgAAAAAAHYQDEapmEc2byACqAC-EWg0A-XGp6OdBg0CxQrF5bBnBPAAHIkGT3AAA 
2026-05-27 16:02:00.7758 INFO Getting message voe@firsthome.com: AAkALgAAAAAAHYQDEapmEc2byACqAC-EWg0A-XGp6OdBg0CxQrF5bBnBPAAHIkGT3AAA 
2026-05-27 16:03:41.0845 ERROR Error making web redirect request: https://url.usb.m.mimecastprotect.com/s/tOs2C4Wr9YfzV2BPSWs7U47zCz?domain=url4970.truv.com 
2026-05-27 16:03:41.1235 ERROR System.Net.WebException: The operation has timed out
   at System.Net.HttpWebRequest.GetResponse()
   at VOESystem.Data.Business.BusinessBase.getWebRequestRedirect(String URL) in C:\Data\FirstMortgage\BitBucket\voesystem\VOEFrontend\VOESystem.Data\Business\BusinessBase.cs:line 607 System.Net.WebException: The operation has timed out
   at System.Net.HttpWebRequest.GetResponse()
   at VOESystem.Data.Business.BusinessBase.getWebRequestRedirect(String URL) in C:\Data\FirstMortgage\BitBucket\voesystem\VOEFrontend\VOESystem.Data\Business\BusinessBase.cs:line 607
2026-05-27 16:03:41.2536 INFO Retrying Redirect URL: The operation has timed out 
2026-05-27 16:05:21.2969 ERROR Error making web redirect request: https://url.usb.m.mimecastprotect.com/s/tOs2C4Wr9YfzV2BPSWs7U47zCz?domain=url4970.truv.com 
2026-05-27 16:05:21.3359 ERROR System.Net.WebException: The operation has timed out
   at System.Net.HttpWebRequest.GetResponse()
   at VOESystem.Data.Business.BusinessBase.getWebRequestRedirect(String URL) in C:\Data\FirstMortgage\BitBucket\voesystem\VOEFrontend\VOESystem.Data\Business\BusinessBase.cs:line 607 System.Net.WebException: The operation has timed out
   at System.Net.HttpWebRequest.GetResponse()
   at VOESystem.Data.Business.BusinessBase.getWebRequestRedirect(String URL) in C:\Data\FirstMortgage\BitBucket\voesystem\VOEFrontend\VOESystem.Data\Business\BusinessBase.cs:line 607
2026-05-27 16:05:21.3759 INFO Retrying Redirect URL: The operation has timed out 
2026-05-27 16:07:01.4165 ERROR Error making web redirect request: https://url.usb.m.mimecastprotect.com/s/tOs2C4Wr9YfzV2BPSWs7U47zCz?domain=url4970.truv.com 
2026-05-27 16:07:01.4575 ERROR System.Net.WebException: The operation has timed out
   at System.Net.HttpWebRequest.GetResponse()
   at VOESystem.Data.Business.BusinessBase.getWebRequestRedirect(String URL) in C:\Data\FirstMortgage\BitBucket\voesystem\VOEFrontend\VOESystem.Data\Business\BusinessBase.cs:line 607 System.Net.WebException: The operation has timed out
   at System.Net.HttpWebRequest.GetResponse()
   at VOESystem.Data.Business.BusinessBase.getWebRequestRedirect(String URL) in C:\Data\FirstMortgage\BitBucket\voesystem\VOEFrontend\VOESystem.Data\Business\BusinessBase.cs:line 607
2026-05-27 16:07:01.4975 INFO Retrying Redirect URL: The operation has timed out 
2026-05-27 16:07:01.5360 ERROR Error Importing Email: AAkALgAAAAAAHYQDEapmEc2byACqAC-EWg0A-XGp6OdBg0CxQrF5bBnBPAAHIkGT3AAA Nader Barjesteh, First Home Mortgage would like to verify your income and employment 4:00 PM 
2026-05-27 16:07:01.5674 ERROR System.Exception: Truv Redirect Order URL Not Found
   at VOEBackend.Email.BaseClass.getOrderRequestFromTruvRedirect(IDbConnection dbConn, String emailBody) in T:\Griffin\SVNDev\VOESystem\VOEBackend\VOEBackend.Email\BaseClass.cs:line 298
   at VOEBackend.Email.EmailOps.insertMail(IMailMessage msg) in T:\Griffin\SVNDev\VOESystem\VOEBackend\VOEBackend.Email\EmailOps.cs:line 73 System.Exception: Truv Redirect Order URL Not Found
   at VOEBackend.Email.BaseClass.getOrderRequestFromTruvRedirect(IDbConnection dbConn, String emailBody) in T:\Griffin\SVNDev\VOESystem\VOEBackend\VOEBackend.Email\BaseClass.cs:line 298
   at VOEBackend.Email.EmailOps.insertMail(IMailMessage msg) in T:\Griffin\SVNDev\VOESystem\VOEBackend\VOEBackend.Email\EmailOps.cs:line 73
2026-05-27 16:07:01.6250 INFO Getting message voe@firsthome.com: AAkALgAAAAAAHYQDEapmEc2byACqAC-EWg0A-XGp6OdBg0CxQrF5bBnBPAAHIkGT2QAA 
2026-05-27 16:07:01.7800 INFO Getting message HTML voe@firsthome.com: AAkALgAAAAAAHYQDEapmEc2byACqAC-EWg0A-XGp6OdBg0CxQrF5bBnBPAAHIkGT2QAA 
2026-05-27 16:07:01.8090 INFO Getting message voe@firsthome.com: AAkALgAAAAAAHYQDEapmEc2byACqAC-EWg0A-XGp6OdBg0CxQrF5bBnBPAAHIkGT2QAA 
2026-05-27 16:08:42.0749 ERROR Error making web redirect request: https://url.usb.m.mimecastprotect.com/s/Kfs_C8Xy9BSXG56oTMsvUy_Ovg?domain=url4970.truv.com 
2026-05-27 16:08:42.1149 ERROR System.Net.WebException: The operation has timed out
   at System.Net.HttpWebRequest.GetResponse()
   at VOESystem.Data.Business.BusinessBase.getWebRequestRedirect(String URL) in C:\Data\FirstMortgage\BitBucket\voesystem\VOEFrontend\VOESystem.Data\Business\BusinessBase.cs:line 607 System.Net.WebException: The operation has timed out
   at System.Net.HttpWebRequest.GetResponse()
   at VOESystem.Data.Business.BusinessBase.getWebRequestRedirect(String URL) in C:\Data\FirstMortgage\BitBucket\voesystem\VOEFrontend\VOESystem.Data\Business\BusinessBase.cs:line 607
2026-05-27 16:08:42.1549 INFO Retrying Redirect URL: The operation has timed out 
2026-05-27 16:10:22.1989 ERROR Error making web redirect request: https://url.usb.m.mimecastprotect.com/s/Kfs_C8Xy9BSXG56oTMsvUy_Ovg?domain=url4970.truv.com 
2026-05-27 16:10:22.2419 ERROR System.Net.WebException: The operation has timed out
   at System.Net.HttpWebRequest.GetResponse()
   at VOESystem.Data.Business.BusinessBase.getWebRequestRedirect(String URL) in C:\Data\FirstMortgage\BitBucket\voesystem\VOEFrontend\VOESystem.Data\Business\BusinessBase.cs:line 607 System.Net.WebException: The operation has timed out
   at System.Net.HttpWebRequest.GetResponse()
   at VOESystem.Data.Business.BusinessBase.getWebRequestRedirect(String URL) in C:\Data\FirstMortgage\BitBucket\voesystem\VOEFrontend\VOESystem.Data\Business\BusinessBase.cs:line 607
2026-05-27 16:10:22.2789 INFO Retrying Redirect URL: The operation has timed out 
2026-05-27 16:12:02.3210 ERROR Error making web redirect request: https://url.usb.m.mimecastprotect.com/s/Kfs_C8Xy9BSXG56oTMsvUy_Ovg?domain=url4970.truv.com 
2026-05-27 16:12:02.3610 ERROR System.Net.WebException: The operation has timed out
   at System.Net.HttpWebRequest.GetResponse()
   at VOESystem.Data.Business.BusinessBase.getWebRequestRedirect(String URL) in C:\Data\FirstMortgage\BitBucket\voesystem\VOEFrontend\VOESystem.Data\Business\BusinessBase.cs:line 607 System.Net.WebException: The operation has timed out
   at System.Net.HttpWebRequest.GetResponse()
   at VOESystem.Data.Business.BusinessBase.getWebRequestRedirect(String URL) in C:\Data\FirstMortgage\BitBucket\voesystem\VOEFrontend\VOESystem.Data\Business\BusinessBase.cs:line 607
2026-05-27 16:12:02.4060 INFO Retrying Redirect URL: The operation has timed out 
2026-05-27 16:12:02.4460 ERROR Error Importing Email: AAkALgAAAAAAHYQDEapmEc2byACqAC-EWg0A-XGp6OdBg0CxQrF5bBnBPAAHIkGT2QAA Cathleen Flynn, First Home Mortgage would like to verify your income and employment 4:00 PM 
2026-05-27 16:12:02.4790 ERROR System.Exception: Truv Redirect Order URL Not Found
   at VOEBackend.Email.BaseClass.getOrderRequestFromTruvRedirect(IDbConnection dbConn, String emailBody) in T:\Griffin\SVNDev\VOESystem\VOEBackend\VOEBackend.Email\BaseClass.cs:line 298
   at VOEBackend.Email.EmailOps.insertMail(IMailMessage msg) in T:\Griffin\SVNDev\VOESystem\VOEBackend\VOEBackend.Email\EmailOps.cs:line 73 System.Exception: Truv Redirect Order URL Not Found
   at VOEBackend.Email.BaseClass.getOrderRequestFromTruvRedirect(IDbConnection dbConn, String emailBody) in T:\Griffin\SVNDev\VOESystem\VOEBackend\VOEBackend.Email\BaseClass.cs:line 298
   at VOEBackend.Email.EmailOps.insertMail(IMailMessage msg) in T:\Griffin\SVNDev\VOESystem\VOEBackend\VOEBackend.Email\EmailOps.cs:line 73
2026-05-27 16:12:02.5220 INFO Getting message voe@firsthome.com: AAkALgAAAAAAHYQDEapmEc2byACqAC-EWg0A-XGp6OdBg0CxQrF5bBnBPAAHIkGTxAAA 
2026-05-27 16:12:02.7721 INFO Getting message HTML voe@firsthome.com: AAkALgAAAAAAHYQDEapmEc2byACqAC-EWg0A-XGp6OdBg0CxQrF5bBnBPAAHIkGTxAAA 
2026-05-27 16:12:02.8141 INFO Getting message voe@firsthome.com: AAkALgAAAAAAHYQDEapmEc2byACqAC-EWg0A-XGp6OdBg0CxQrF5bBnBPAAHIkGTxAAA 
2026-05-27 16:12:03.1111 INFO Email Logged: RE: Order Cancelled- Closing 06/12/2026 [1083522884-14] 
2026-05-27 16:12:03.1511 INFO Email Logged to Database: AAkALgAAAAAAHYQDEapmEc2byACqAC-EWg0A-XGp6OdBg0CxQrF5bBnBPAAHIkGTxAAA RE: Order Cancelled- Closing 06/12/2026 [1083522884-14] 3:55 PM 
2026-05-27 16:12:03.1862 INFO Getting message voe@firsthome.com: AAkALgAAAAAAHYQDEapmEc2byACqAC-EWg0A-XGp6OdBg0CxQrF5bBnBPAAHIkGTtwAA 
2026-05-27 16:12:03.3487 INFO Getting message HTML voe@firsthome.com: AAkALgAAAAAAHYQDEapmEc2byACqAC-EWg0A-XGp6OdBg0CxQrF5bBnBPAAHIkGTtwAA 
2026-05-27 16:12:03.3803 INFO Getting message voe@firsthome.com: AAkALgAAAAAAHYQDEapmEc2byACqAC-EWg0A-XGp6OdBg0CxQrF5bBnBPAAHIkGTtwAA 
2026-05-27 16:12:03.7247 INFO Skipping Attachment - DisallowedFileType: image001.png in AAkALgAAAAAAHYQDEapmEc2byACqAC-EWg0A-XGp6OdBg0CxQrF5bBnBPAAHIkGTtwAA 
2026-05-27 16:12:03.7597 INFO Skipping Attachment - DisallowedFileType: image002.png in AAkALgAAAAAAHYQDEapmEc2byACqAC-EWg0A-XGp6OdBg0CxQrF5bBnBPAAHIkGTtwAA 
2026-05-27 16:12:03.8074 INFO Email Logged: RE: VOE Order for Joany Ramos Erazo [1017526209-04] 
2026-05-27 16:12:03.8454 INFO Email Logged to Database: AAkALgAAAAAAHYQDEapmEc2byACqAC-EWg0A-XGp6OdBg0CxQrF5bBnBPAAHIkGTtwAA RE: VOE Order for Joany Ramos Erazo [1017526209-04] 3:54 PM 
2026-05-27 16:12:03.8764 INFO Getting message voe@firsthome.com: AAkALgAAAAAAHYQDEapmEc2byACqAC-EWg0A-XGp6OdBg0CxQrF5bBnBPAAHIkGTkQAA 
2026-05-27 16:12:04.0359 INFO Getting message HTML voe@firsthome.com: AAkALgAAAAAAHYQDEapmEc2byACqAC-EWg0A-XGp6OdBg0CxQrF5bBnBPAAHIkGTkQAA 
2026-05-27 16:12:04.0707 INFO Getting message voe@firsthome.com: AAkALgAAAAAAHYQDEapmEc2byACqAC-EWg0A-XGp6OdBg0CxQrF5bBnBPAAHIkGTkQAA 
2026-05-27 16:12:04.4032 INFO Email Logged: RE: Order Cancelled- Closing 06/12/2026 [1083522884-14] 
2026-05-27 16:12:04.4392 INFO Email Logged to Database: AAkALgAAAAAAHYQDEapmEc2byACqAC-EWg0A-XGp6OdBg0CxQrF5bBnBPAAHIkGTkQAA RE: Order Cancelled- Closing 06/12/2026 [1083522884-14] 3:47 PM 
2026-05-27 16:12:04.4692 INFO Getting message voe@firsthome.com: AAkALgAAAAAAHYQDEapmEc2byACqAC-EWg0A-XGp6OdBg0CxQrF5bBnBPAAHIkGTfQAA 
2026-05-27 16:12:04.7609 INFO Getting message HTML voe@firsthome.com: AAkALgAAAAAAHYQDEapmEc2byACqAC-EWg0A-XGp6OdBg0CxQrF5bBnBPAAHIkGTfQAA 
2026-05-27 16:12:04.7919 INFO Getting message voe@firsthome.com: AAkALgAAAAAAHYQDEapmEc2byACqAC-EWg0A-XGp6OdBg0CxQrF5bBnBPAAHIkGTfQAA 
2026-05-27 16:12:05.0659 INFO Email Logged: Re: Assistance Needed - Your Verification of Employment [1081523811-02] 
2026-05-27 16:12:05.1089 INFO Email Logged to Database: AAkALgAAAAAAHYQDEapmEc2byACqAC-EWg0A-XGp6OdBg0CxQrF5bBnBPAAHIkGTfQAA Re: Assistance Needed - Your Verification of Employment [1081523811-02] 3:46 PM 
2026-05-27 16:12:05.1439 INFO Getting message voe@firsthome.com: AAkALgAAAAAAHYQDEapmEc2byACqAC-EWg0A-XGp6OdBg0CxQrF5bBnBPAAHIkGTbQAA 
2026-05-27 16:12:05.2989 INFO Getting message HTML voe@firsthome.com: AAkALgAAAAAAHYQDEapmEc2byACqAC-EWg0A-XGp6OdBg0CxQrF5bBnBPAAHIkGTbQAA 
2026-05-27 16:12:05.3344 INFO Getting message voe@firsthome.com: AAkALgAAAAAAHYQDEapmEc2byACqAC-EWg0A-XGp6OdBg0CxQrF5bBnBPAAHIkGTbQAA 
2026-05-27 16:12:05.6511 INFO Email Logged: Re: Assistance Requested - Truv Reverification [1008503422-06] 
2026-05-27 16:12:05.6921 INFO Email Logged to Database: AAkALgAAAAAAHYQDEapmEc2byACqAC-EWg0A-XGp6OdBg0CxQrF5bBnBPAAHIkGTbQAA Re: Assistance Requested - Truv Reverification [1008503422-06] 3:41 PM 
2026-05-27 16:12:05.7211 INFO Getting message voe@firsthome.com: AAkALgAAAAAAHYQDEapmEc2byACqAC-EWg0A-XGp6OdBg0CxQrF5bBnBPAAHIkGTagAA 
2026-05-27 16:12:05.8564 INFO Getting message HTML voe@firsthome.com: AAkALgAAAAAAHYQDEapmEc2byACqAC-EWg0A-XGp6OdBg0CxQrF5bBnBPAAHIkGTagAA 
2026-05-27 16:12:05.8861 INFO Getting message voe@firsthome.com: AAkALgAAAAAAHYQDEapmEc2byACqAC-EWg0A-XGp6OdBg0CxQrF5bBnBPAAHIkGTagAA 
2026-05-27 16:12:06.1747 INFO Email Logged: Automatic reply: URGENT - Dakotah Jones VOE - Request for Additional Information [1010525141-03] 
2026-05-27 16:12:06.2137 INFO Email Logged to Database: AAkALgAAAAAAHYQDEapmEc2byACqAC-EWg0A-XGp6OdBg0CxQrF5bBnBPAAHIkGTagAA Automatic reply: URGENT - Dakotah Jones VOE - Request for Additional Information [1010525141-03] 3:39 PM 
2026-05-27 16:20:33.5768 INFO Getting messages for folder voe@firsthome.com: Inbox 
2026-05-27 16:20:35.2963 INFO Getting message voe@firsthome.com: AAkALgAAAAAAHYQDEapmEc2byACqAC-EWg0A-XGp6OdBg0CxQrF5bBnBPAAHIkGUQQAA 
2026-05-27 16:20:35.5153 INFO Getting message HTML voe@firsthome.com: AAkALgAAAAAAHYQDEapmEc2byACqAC-EWg0A-XGp6OdBg0CxQrF5bBnBPAAHIkGUQQAA 
2026-05-27 16:20:35.5414 INFO Getting message voe@firsthome.com: AAkALgAAAAAAHYQDEapmEc2byACqAC-EWg0A-XGp6OdBg0CxQrF5bBnBPAAHIkGUQQAA 
2026-05-27 16:20:37.2122 INFO Email Logged: Re: Request for Rush Order has been Approved [1083522884-14] 
2026-05-27 16:20:37.2653 INFO Email Logged to Database: AAkALgAAAAAAHYQDEapmEc2byACqAC-EWg0A-XGp6OdBg0CxQrF5bBnBPAAHIkGUQQAA Re: Request for Rush Order has been Approved [1083522884-14] 4:19 PM 
2026-05-27 16:20:37.2912 INFO Getting message voe@firsthome.com: AAkALgAAAAAAHYQDEapmEc2byACqAC-EWg0A-XGp6OdBg0CxQrF5bBnBPAAHIkGUPgAA 
2026-05-27 16:20:37.4243 INFO Getting message HTML voe@firsthome.com: AAkALgAAAAAAHYQDEapmEc2byACqAC-EWg0A-XGp6OdBg0CxQrF5bBnBPAAHIkGUPgAA 
2026-05-27 16:20:37.4513 INFO Getting message voe@firsthome.com: AAkALgAAAAAAHYQDEapmEc2byACqAC-EWg0A-XGp6OdBg0CxQrF5bBnBPAAHIkGUPgAA 
2026-05-27 16:20:37.7094 INFO Email Logged: RE: Request for Rush Order has been Approved [1083522884-14] 
2026-05-27 16:20:37.7417 INFO Email Logged to Database: AAkALgAAAAAAHYQDEapmEc2byACqAC-EWg0A-XGp6OdBg0CxQrF5bBnBPAAHIkGUPgAA RE: Request for Rush Order has been Approved [1083522884-14] 4:16 PM 
2026-05-27 16:20:37.7694 INFO Getting message voe@firsthome.com: AAkALgAAAAAAHYQDEapmEc2byACqAC-EWg0A-XGp6OdBg0CxQrF5bBnBPAAHIkGUOwAA 
2026-05-27 16:20:37.9284 INFO Getting message HTML voe@firsthome.com: AAkALgAAAAAAHYQDEapmEc2byACqAC-EWg0A-XGp6OdBg0CxQrF5bBnBPAAHIkGUOwAA 
2026-05-27 16:20:37.9544 INFO Getting message voe@firsthome.com: AAkALgAAAAAAHYQDEapmEc2byACqAC-EWg0A-XGp6OdBg0CxQrF5bBnBPAAHIkGUOwAA 
2026-05-27 16:20:38.3803 INFO Email Logged: RE: Request for Rush Order has been Approved [1083522884-14] 
2026-05-27 16:20:38.4133 INFO Email Logged to Database: AAkALgAAAAAAHYQDEapmEc2byACqAC-EWg0A-XGp6OdBg0CxQrF5bBnBPAAHIkGUOwAA RE: Request for Rush Order has been Approved [1083522884-14] 4:15 PM 
2026-05-27 16:20:38.4393 INFO Getting message voe@firsthome.com: AAkALgAAAAAAHYQDEapmEc2byACqAC-EWg0A-XGp6OdBg0CxQrF5bBnBPAAHIkGUOAAA 
2026-05-27 16:20:38.5874 INFO Getting message HTML voe@firsthome.com: AAkALgAAAAAAHYQDEapmEc2byACqAC-EWg0A-XGp6OdBg0CxQrF5bBnBPAAHIkGUOAAA 
2026-05-27 16:20:38.6149 INFO Getting message voe@firsthome.com: AAkALgAAAAAAHYQDEapmEc2byACqAC-EWg0A-XGp6OdBg0CxQrF5bBnBPAAHIkGUOAAA 
2026-05-27 16:20:38.8926 INFO Email Logged: RE: Request for Rush Order has been Approved [1083522884-14] 
2026-05-27 16:20:38.9256 INFO Email Logged to Database: AAkALgAAAAAAHYQDEapmEc2byACqAC-EWg0A-XGp6OdBg0CxQrF5bBnBPAAHIkGUOAAA RE: Request for Rush Order has been Approved [1083522884-14] 4:14 PM 
2026-05-27 16:20:38.9506 INFO Getting message voe@firsthome.com: AAkALgAAAAAAHYQDEapmEc2byACqAC-EWg0A-XGp6OdBg0CxQrF5bBnBPAAHIkGUMQAA 
2026-05-27 16:20:39.0806 INFO Getting message HTML voe@firsthome.com: AAkALgAAAAAAHYQDEapmEc2byACqAC-EWg0A-XGp6OdBg0CxQrF5bBnBPAAHIkGUMQAA 
2026-05-27 16:20:39.1091 INFO Getting message voe@firsthome.com: AAkALgAAAAAAHYQDEapmEc2byACqAC-EWg0A-XGp6OdBg0CxQrF5bBnBPAAHIkGUMQAA 
2026-05-27 16:20:39.6253 INFO Skipping Attachment - Possible Signature Image: image001.png(7091K) in AAkALgAAAAAAHYQDEapmEc2byACqAC-EWg0A-XGp6OdBg0CxQrF5bBnBPAAHIkGUMQAA 
2026-05-27 16:20:39.6523 INFO Skipping Attachment - Possible Signature Image: image003.jpg(1278K) in AAkALgAAAAAAHYQDEapmEc2byACqAC-EWg0A-XGp6OdBg0CxQrF5bBnBPAAHIkGUMQAA 
2026-05-27 16:20:39.6793 INFO Skipping Attachment - Possible Signature Image: image004.jpg(1296K) in AAkALgAAAAAAHYQDEapmEc2byACqAC-EWg0A-XGp6OdBg0CxQrF5bBnBPAAHIkGUMQAA 
2026-05-27 16:20:39.7057 INFO Skipping Attachment - Possible Signature Image: image005.png(7552K) in AAkALgAAAAAAHYQDEapmEc2byACqAC-EWg0A-XGp6OdBg0CxQrF5bBnBPAAHIkGUMQAA 
2026-05-27 16:20:39.7523 INFO Email Logged: RE: URGENT - Verification of Employment Request Emily E Woods [5012523068-02] 
2026-05-27 16:20:39.7903 INFO Email Logged to Database: AAkALgAAAAAAHYQDEapmEc2byACqAC-EWg0A-XGp6OdBg0CxQrF5bBnBPAAHIkGUMQAA RE: URGENT - Verification of Employment Request Emily E Woods [5012523068-02] 4:13 PM 
2026-05-27 16:20:39.8203 INFO Getting message voe@firsthome.com: AAkALgAAAAAAHYQDEapmEc2byACqAC-EWg0A-XGp6OdBg0CxQrF5bBnBPAAHIkGUKgAA 
2026-05-27 16:20:39.9823 INFO Getting message HTML voe@firsthome.com: AAkALgAAAAAAHYQDEapmEc2byACqAC-EWg0A-XGp6OdBg0CxQrF5bBnBPAAHIkGUKgAA 
2026-05-27 16:20:40.0153 INFO Getting message voe@firsthome.com: AAkALgAAAAAAHYQDEapmEc2byACqAC-EWg0A-XGp6OdBg0CxQrF5bBnBPAAHIkGUKgAA 
2026-05-27 16:20:40.2985 INFO Email Logged: RE: Request for Rush Order has been Approved [1083522884-14] 
2026-05-27 16:20:40.3355 INFO Email Logged to Database: AAkALgAAAAAAHYQDEapmEc2byACqAC-EWg0A-XGp6OdBg0CxQrF5bBnBPAAHIkGUKgAA RE: Request for Rush Order has been Approved [1083522884-14] 4:13 PM 
2026-05-27 16:20:40.3615 INFO Getting message voe@firsthome.com: AAkALgAAAAAAHYQDEapmEc2byACqAC-EWg0A-XGp6OdBg0CxQrF5bBnBPAAHIkGT9QAA 
2026-05-27 16:20:40.5085 INFO Getting message HTML voe@firsthome.com: AAkALgAAAAAAHYQDEapmEc2byACqAC-EWg0A-XGp6OdBg0CxQrF5bBnBPAAHIkGT9QAA 
2026-05-27 16:20:40.5365 INFO Getting message voe@firsthome.com: AAkALgAAAAAAHYQDEapmEc2byACqAC-EWg0A-XGp6OdBg0CxQrF5bBnBPAAHIkGT9QAA 
2026-05-27 16:20:40.9526 INFO Skipping Attachment - DisallowedFileType: image001.png in AAkALgAAAAAAHYQDEapmEc2byACqAC-EWg0A-XGp6OdBg0CxQrF5bBnBPAAHIkGT9QAA 
2026-05-27 16:20:40.9779 INFO Skipping Attachment - Possible Signature Image: image002.png(1612K) in AAkALgAAAAAAHYQDEapmEc2byACqAC-EWg0A-XGp6OdBg0CxQrF5bBnBPAAHIkGT9QAA 
2026-05-27 16:20:41.0046 INFO Skipping Attachment - Possible Signature Image: image003.png(1739K) in AAkALgAAAAAAHYQDEapmEc2byACqAC-EWg0A-XGp6OdBg0CxQrF5bBnBPAAHIkGT9QAA 
2026-05-27 16:20:41.0296 INFO Skipping Attachment - Possible Signature Image: image004.png(1740K) in AAkALgAAAAAAHYQDEapmEc2byACqAC-EWg0A-XGp6OdBg0CxQrF5bBnBPAAHIkGT9QAA 
2026-05-27 16:20:41.0526 INFO Skipping Attachment - Possible Signature Image: image007.png(421K) in AAkALgAAAAAAHYQDEapmEc2byACqAC-EWg0A-XGp6OdBg0CxQrF5bBnBPAAHIkGT9QAA 
2026-05-27 16:20:41.0786 INFO Skipping Attachment - Possible Signature Image: image008.png(421K) in AAkALgAAAAAAHYQDEapmEc2byACqAC-EWg0A-XGp6OdBg0CxQrF5bBnBPAAHIkGT9QAA 
2026-05-27 16:20:41.1206 INFO Email Logged: RE: Mark Fitzgerald VOE - Request for Additional Information [1024525555-02] 
2026-05-27 16:20:41.1526 INFO Email Logged to Database: AAkALgAAAAAAHYQDEapmEc2byACqAC-EWg0A-XGp6OdBg0CxQrF5bBnBPAAHIkGT9QAA RE: Mark Fitzgerald VOE - Request for Additional Information [1024525555-02] 4:03 PM 
2026-05-27 16:20:41.1787 INFO Getting message voe@firsthome.com: AAkALgAAAAAAHYQDEapmEc2byACqAC-EWg0A-XGp6OdBg0CxQrF5bBnBPAAHIkGT7AAA 
2026-05-27 16:20:41.5972 INFO Getting message HTML voe@firsthome.com: AAkALgAAAAAAHYQDEapmEc2byACqAC-EWg0A-XGp6OdBg0CxQrF5bBnBPAAHIkGT7AAA 
2026-05-27 16:20:41.6242 INFO Getting message voe@firsthome.com: AAkALgAAAAAAHYQDEapmEc2byACqAC-EWg0A-XGp6OdBg0CxQrF5bBnBPAAHIkGT7AAA 
2026-05-27 16:20:41.8865 INFO Skipping Attachment - Possible Signature Image: image001.png(8591K) in AAkALgAAAAAAHYQDEapmEc2byACqAC-EWg0A-XGp6OdBg0CxQrF5bBnBPAAHIkGT7AAA 
2026-05-27 16:20:41.9332 INFO Email Logged: RE: Meghana Malepati-Egan-Voya Financial [7040522600-03] 
2026-05-27 16:20:42.3977 TRACE {"__type":"FHMC.Graph.Email+MailMessage, FHMC.Graph","Subject":"REPLY ERROR - 7040522600-03 RE: Meghana Malepati-Egan-Voya Financial [7040522600-03]","ReceivedDateTime":"\/Date(-62135596800000-0000)\/","Attachments":[],"Body":"This order has been APPROVED and new emails are no longer monitored for this VOE.  \n\nCurrent Employment Status: Current-Active\n\nPlease contact VOE@firsthome with the order number -found in the subject line of this email - in order to address your inquiry/concerns.\r\n\r\nSincerely,\r\nFirst Home Mortgage Verification Team\r\n6211 Greenleigh Avenue, Suite 300, Baltimore MD 21220  \r\n\r\n(For questions or concerns on the status of your VOE please check the VOE pipeline at http://aze-app-1v/voesystem/pipeline)\r\n\r\n\r\n\r\nCONFIDENTIALITY NOTICE\r\nThe information contained in this electronic message is confidential information intended for the use of the individual or entity named above. If the reader of this message is not the intended recipient, or an employee or agent responsible for delivering this electronic message to the intended recipient, you are hereby notified that any dissemination, or copying of this communication is strictly prohibited. If this message contains non-public personal information about any consumer or customer of the sender or intended recipient, you are further prohibited under penalty of law from using or disclosing the information to any third party by provisions of the federal Gramm-Leach-Bliley Act. If you have received this electronic message in error, please immediately notify us by return email destroy the original message to assure that it is not read, copied, or distributed by others.\r\n\r\n\n\n\n\r\n\r\nSincerely,\r\nFirst Home Mortgage Verification Team\r\n6211 Greenleigh Avenue, Suite 300, Baltimore MD 21220  \r\n\r\n(For questions or concerns on the status of your VOE please check the VOE pipeline at http://aze-app-1v/voesystem/pipeline)\n\n---------Original Message----------------------\nFrom: LDeVincent@firsthome.com\nSent: Wed, May 27, 2026 04:01 PM\nTo: VOE@firsthome.com\nCc: \nSubject: RE: Meghana Malepati-Egan-Voya Financial [7040522600-03]\n\nOk will do.  Thank you.  Anything on John?\r\n\r\n\r\n[cid:image001.png@01DCEDF2.1FCDECD0]\r\n\r\nLAURA DEVINCENT\r\nBranch Operational Manager\r\nCELL: 508.641.4809<tel:5086414809> | OFFICE: 508.915.6007 x2007<tel:5089156007x2007>\r\nWEBSITE: www.firsthome.com<http://www.firsthome.com>\r\n183 Central Ave., Seekonk, MA  02771\r\n\r\nCONFIDENTIALITY NOTICE\r\nThe information contained in this electronic message is confidential information intended for the use of the individual or entity named above. If the reader of this message is not the intended recipient, or an employee or agent responsible for delivering this electronic message to the intended recipient, you are hereby notified that any dissemination, or copying of this communication is strictly prohibited. If this message contains non-public personal information about any consumer or customer of the sender or intended recipient, you are further prohibited under penalty of law from using or disclosing the information to any third party by provisions of the federal Gramm-Leach-Bliley Act. If you have received this electronic message in error, please immediately notify us by return email and destroy the original message to assure that it is not read, copied, or distributed by others.\r\n\r\n\r\nFrom: First Home VOE <VOE@firsthome.com>\r\nSent: Wednesday, May 27, 2026 3:58 PM\r\nTo: Laura DeVincent <LDeVincent@firsthome.com>\r\nSubject: Meghana Malepati-Egan-Voya Financial [7040522600-03]\r\n\r\n\r\nHi there\r\n\r\n\r\n\r\nI just got an email back from Sarah she told me it is against company policy for them to provide anything then what is on the work number. Please have the borrower confirm with HR her return to work status. I will be approving the voe\r\n\r\n\r\n\r\nSincerely,\r\n\r\n\r\n\r\nKatie Vogtman\r\n\r\nFirst Home Mortgage Verification Team\r\n\r\nvoe@firsthome.com<mailto:voe@firsthome.com>\r\n\r\nPhone: 443-461-1242\r\n\r\nFax: 443-725-0492\r\n\r\n6211 Greenleigh Avenue, Suite 300, Baltimore MD 21220\r\n\r\n\r\n\r\n(For questions or concerns on the status of your VOE please check the VOE pipeline at http://aze-app-1v/voesystem/pipeline)\r\n\r\n\r\n\r\nCONFIDENTIALITY NOTICE\r\n\r\nThe information contained in this electronic message is confidential information intended for the use of the individual or entity named above. If the reader of this message is not the intended recipient, or an employee or agent responsible for delivering this electronic message to the intended recipient, you are hereby notified that any dissemination, or copying of this communication is strictly prohibited. If this message contains non-public personal information about any consumer or customer of the sender or intended recipient, you are further prohibited under penalty of law from using or disclosing the information to any third party by provisions of the federal Gramm-Leach-Bliley Act. If you have received this electronic message in error, please immediately notify us by return email destroy the original message to assure that it is not read, copied, or distributed by others.\r\n","IsBodyHTML":false,"CustomSendHeaders":{"X-Message-ID":"<2fd1dc4a-210a-4e89-96af-7854833428a2@HQExc4V.firsthomemtg.com>"},"IsReadReceiptRequested":false,"ToRecipients":[{"__type":"FHMC.Graph.Email+MailRecipient, FHMC.Graph","EmailAddress":"LDeVincent@firsthome.com"}],"CcRecipients":[],"BccRecipients":[],"ReplyToList":[]} 
2026-05-27 16:20:43.0468 TRACE {"Id":null,"Subject":"REPLY ERROR - 7040522600-03 RE: Meghana Malepati-Egan-Voya Financial [7040522600-03]","ReceivedDateTime":"0001-01-01T00:00:00","Attachments":[],"Body":"This order has been APPROVED and new emails are no longer monitored for this VOE.  \n\nCurrent Employment Status: Current-Active\n\nPlease contact VOE@firsthome with the order number -found in the subject line of this email - in order to address your inquiry/concerns.\r\n\r\nSincerely,\r\nFirst Home Mortgage Verification Team\r\n6211 Greenleigh Avenue, Suite 300, Baltimore MD 21220  \r\n\r\n(For questions or concerns on the status of your VOE please check the VOE pipeline at http://aze-app-1v/voesystem/pipeline)\r\n\r\n\r\n\r\nCONFIDENTIALITY NOTICE\r\nThe information contained in this electronic message is confidential information intended for the use of the individual or entity named above. If the reader of this message is not the intended recipient, or an employee or agent responsible for delivering this electronic message to the intended recipient, you are hereby notified that any dissemination, or copying of this communication is strictly prohibited. If this message contains non-public personal information about any consumer or customer of the sender or intended recipient, you are further prohibited under penalty of law from using or disclosing the information to any third party by provisions of the federal Gramm-Leach-Bliley Act. If you have received this electronic message in error, please immediately notify us by return email destroy the original message to assure that it is not read, copied, or distributed by others.\r\n\r\n\n\n\n\r\n\r\nSincerely,\r\nFirst Home Mortgage Verification Team\r\n6211 Greenleigh Avenue, Suite 300, Baltimore MD 21220  \r\n\r\n(For questions or concerns on the status of your VOE please check the VOE pipeline at http://aze-app-1v/voesystem/pipeline)\n\n---------Original Message----------------------\nFrom: LDeVincent@firsthome.com\nSent: Wed, May 27, 2026 04:01 PM\nTo: VOE@firsthome.com\nCc: \nSubject: RE: Meghana Malepati-Egan-Voya Financial [7040522600-03]\n\nOk will do.  Thank you.  Anything on John?\r\n\r\n\r\n[cid:image001.png@01DCEDF2.1FCDECD0]\r\n\r\nLAURA DEVINCENT\r\nBranch Operational Manager\r\nCELL: 508.641.4809<tel:5086414809> | OFFICE: 508.915.6007 x2007<tel:5089156007x2007>\r\nWEBSITE: www.firsthome.com<http://www.firsthome.com>\r\n183 Central Ave., Seekonk, MA  02771\r\n\r\nCONFIDENTIALITY NOTICE\r\nThe information contained in this electronic message is confidential information intended for the use of the individual or entity named above. If the reader of this message is not the intended recipient, or an employee or agent responsible for delivering this electronic message to the intended recipient, you are hereby notified that any dissemination, or copying of this communication is strictly prohibited. If this message contains non-public personal information about any consumer or customer of the sender or intended recipient, you are further prohibited under penalty of law from using or disclosing the information to any third party by provisions of the federal Gramm-Leach-Bliley Act. If you have received this electronic message in error, please immediately notify us by return email and destroy the original message to assure that it is not read, copied, or distributed by others.\r\n\r\n\r\nFrom: First Home VOE <VOE@firsthome.com>\r\nSent: Wednesday, May 27, 2026 3:58 PM\r\nTo: Laura DeVincent <LDeVincent@firsthome.com>\r\nSubject: Meghana Malepati-Egan-Voya Financial [7040522600-03]\r\n\r\n\r\nHi there\r\n\r\n\r\n\r\nI just got an email back from Sarah she told me it is against company policy for them to provide anything then what is on the work number. Please have the borrower confirm with HR her return to work status. I will be approving the voe\r\n\r\n\r\n\r\nSincerely,\r\n\r\n\r\n\r\nKatie Vogtman\r\n\r\nFirst Home Mortgage Verification Team\r\n\r\nvoe@firsthome.com<mailto:voe@firsthome.com>\r\n\r\nPhone: 443-461-1242\r\n\r\nFax: 443-725-0492\r\n\r\n6211 Greenleigh Avenue, Suite 300, Baltimore MD 21220\r\n\r\n\r\n\r\n(For questions or concerns on the status of your VOE please check the VOE pipeline at http://aze-app-1v/voesystem/pipeline)\r\n\r\n\r\n\r\nCONFIDENTIALITY NOTICE\r\n\r\nThe information contained in this electronic message is confidential information intended for the use of the individual or entity named above. If the reader of this message is not the intended recipient, or an employee or agent responsible for delivering this electronic message to the intended recipient, you are hereby notified that any dissemination, or copying of this communication is strictly prohibited. If this message contains non-public personal information about any consumer or customer of the sender or intended recipient, you are further prohibited under penalty of law from using or disclosing the information to any third party by provisions of the federal Gramm-Leach-Bliley Act. If you have received this electronic message in error, please immediately notify us by return email destroy the original message to assure that it is not read, copied, or distributed by others.\r\n","IsBodyHTML":false,"BodyHTML":null,"SenderEmailAddress":null,"SenderEmailName":null,"RawReceiptHeaders":null,"CustomSendHeaders":{"X-Message-ID":"<2fd1dc4a-210a-4e89-96af-7854833428a2@HQExc4V.firsthomemtg.com>"},"IsReadReceiptRequested":false,"Importance":null,"ToRecipients":[{"EmailAddress":"LDeVincent@firsthome.com"}],"CcRecipients":[],"BccRecipients":[],"ReplyToList":[]} 
2026-05-27 16:20:43.3390 INFO Sending MIME message for voe@firsthome.com: REPLY ERROR - 7040522600-03 RE: Meghana Malepati-Egan-Voya Financial [7040522600-03] 
2026-05-27 16:20:43.9419 TRACE From: "voe@firsthome.com" <voe@firsthome.com>
Date: Wed, 27 May 2026 16:20:43 -0400
Subject: REPLY ERROR - 7040522600-03 RE: Meghana Malepati-Egan-Voya Financial
 [7040522600-03]
Message-Id: <95AJ9MNKDTU4.JS25HCIL8VUR@aze-dev-1v>
To: "LDeVincent@firsthome.com" <LDeVincent@firsthome.com>
X-Message-ID: <2fd1dc4a-210a-4e89-96af-7854833428a2@HQExc4V.firsthomemtg.com>
MIME-Version: 1.0
Content-Type: multipart/alternative; boundary="=-sbCtekjy6yY5BhURFhQGgQ=="

--=-sbCtekjy6yY5BhURFhQGgQ==
Content-Type: text/plain; charset=utf-8

This order has been APPROVED and new emails are no longer monitored for this VOE.  

Current Employment Status: Current-Active

Please contact VOE@firsthome with the order number -found in the subject line of this email - in order to address your inquiry/concerns.

Sincerely,
First Home Mortgage Verification Team
6211 Greenleigh Avenue, Suite 300, Baltimore MD 21220  

(For questions or concerns on the status of your VOE please check the VOE pipeline at http://aze-app-1v/voesystem/pipeline)



CONFIDENTIALITY NOTICE
The information contained in this electronic message is confidential information intended for the use of the individual or entity named above. If the reader of this message is not the intended recipient, or an employee or agent responsible for delivering this electronic message to the intended recipient, you are hereby notified that any dissemination, or copying of this communication is strictly prohibited. If this message contains non-public personal information about any consumer or customer of the sender or intended recipient, you are further prohibited under penalty of law from using or disclosing the information to any third party by provisions of the federal Gramm-Leach-Bliley Act. If you have received this electronic message in error, please immediately notify us by return email destroy the original message to assure that it is not read, copied, or distributed by others.






Sincerely,
First Home Mortgage Verification Team
6211 Greenleigh Avenue, Suite 300, Baltimore MD 21220  

(For questions or concerns on the status of your VOE please check the VOE pipeline at http://aze-app-1v/voesystem/pipeline)

---------Original Message----------------------
From: LDeVincent@firsthome.com
Sent: Wed, May 27, 2026 04:01 PM
To: VOE@firsthome.com
Cc: 
Subject: RE: Meghana Malepati-Egan-Voya Financial [7040522600-03]

Ok will do.  Thank you.  Anything on John?


[cid:image001.png@01DCEDF2.1FCDECD0]

LAURA DEVINCENT
Branch Operational Manager
CELL: 508.641.4809<tel:5086414809> | OFFICE: 508.915.6007 x2007<tel:5089156007x2007>
WEBSITE: www.firsthome.com<http://www.firsthome.com>
183 Central Ave., Seekonk, MA  02771

CONFIDENTIALITY NOTICE
The information contained in this electronic message is confidential information intended for the use of the individual or entity named above. If the reader of this message is not the intended recipient, or an employee or agent responsible for delivering this electronic message to the intended recipient, you are hereby notified that any dissemination, or copying of this communication is strictly prohibited. If this message contains non-public personal information about any consumer or customer of the sender or intended recipient, you are further prohibited under penalty of law from using or disclosing the information to any third party by provisions of the federal Gramm-Leach-Bliley Act. If you have received this electronic message in error, please immediately notify us by return email and destroy the original message to assure that it is not read, copied, or distributed by others.


From: First Home VOE <VOE@firsthome.com>
Sent: Wednesday, May 27, 2026 3:58 PM
To: Laura DeVincent <LDeVincent@firsthome.com>
Subject: Meghana Malepati-Egan-Voya Financial [7040522600-03]


Hi there



I just got an email back from Sarah she told me it is against company policy for them to provide anything then what is on the work number. Please have the borrower confirm with HR her return to work status. I will be approving the voe



Sincerely,



Katie Vogtman

First Home Mortgage Verification Team

voe@firsthome.com<mailto:voe@firsthome.com>

Phone: 443-461-1242

Fax: 443-725-0492

6211 Greenleigh Avenue, Suite 300, Baltimore MD 21220



(For questions or concerns on the status of your VOE please check the VOE pipeline at http://aze-app-1v/voesystem/pipeline)



CONFIDENTIALITY NOTICE

The information contained in this electronic message is confidential information intended for the use of the individual or entity named above. If the reader of this message is not the intended recipient, or an employee or agent responsible for delivering this electronic message to the intended recipient, you are hereby notified that any dissemination, or copying of this communication is strictly prohibited. If this message contains non-public personal information about any consumer or customer of the sender or intended recipient, you are further prohibited under penalty of law from using or disclosing the information to any third party by provisions of the federal Gramm-Leach-Bliley Act. If you have received this electronic message in error, please immediately notify us by return email destroy the original message to assure that it is not read, copied, or distributed by others.

--=-sbCtekjy6yY5BhURFhQGgQ==--
 
2026-05-27 16:20:44.3146 INFO Email Sent - Subject: REPLY ERROR - 7040522600-03 RE: Meghana Malepati-Egan-Voya Financial [7040522600-03] 
2026-05-27 16:20:44.3446 INFO Email Notification Sent: REPLY ERROR - 7040522600-03 RE: Meghana Malepati-Egan-Voya Financial [7040522600-03] 
2026-05-27 16:20:44.3716 INFO This order has been APPROVED and new emails are no longer monitored for this VOE.  

Current Employment Status: Current-Active

Please contact VOE@firsthome with the order number -found in the subject line of this email - in order to address your inquiry/concerns.

Sincerely,
First Home Mortgage Verification Team
6211 Greenleigh Avenue, Suite 300, Baltimore MD 21220  

(For questions or concerns on the status of your VOE please check the VOE pipeline at http://aze-app-1v/voesystem/pipeline)



CONFIDENTIALITY NOTICE
The information contained in this electronic message is confidential information intended for the use of the individual or entity named above. If the reader of this message is not the intended recipient, or an employee or agent responsible for delivering this electronic message to the intended recipient, you are hereby notified that any dissemination, or copying of this communication is strictly prohibited. If this message contains non-public personal information about any consumer or customer of the sender or intended recipient, you are further prohibited under penalty of law from using or disclosing the information to any third party by provisions of the federal Gramm-Leach-Bliley Act. If you have received this electronic message in error, please immediately notify us by return email destroy the original message to assure that it is not read, copied, or distributed by others.






Sincerely,
First Home Mortgage Verification Team
6211 Greenleigh Avenue, Suite 300, Baltimore MD 21220  

(For questions or concerns on the status of your VOE please check the VOE pipeline at http://aze-app-1v/voesystem/pipeline)

---------Original Message----------------------
From: LDeVincent@firsthome.com
Sent: Wed, May 27, 2026 04:01 PM
To: VOE@firsthome.com
Cc: 
Subject: RE: Meghana Malepati-Egan-Voya Financial [7040522600-03]

Ok will do.  Thank you.  Anything on John?


[cid:image001.png@01DCEDF2.1FCDECD0]

LAURA DEVINCENT
Branch Operational Manager
CELL: 508.641.4809<tel:5086414809> | OFFICE: 508.915.6007 x2007<tel:5089156007x2007>
WEBSITE: www.firsthome.com<http://www.firsthome.com>
183 Central Ave., Seekonk, MA  02771

CONFIDENTIALITY NOTICE
The information contained in this electronic message is confidential information intended for the use of the individual or entity named above. If the reader of this message is not the intended recipient, or an employee or agent responsible for delivering this electronic message to the intended recipient, you are hereby notified that any dissemination, or copying of this communication is strictly prohibited. If this message contains non-public personal information about any consumer or customer of the sender or intended recipient, you are further prohibited under penalty of law from using or disclosing the information to any third party by provisions of the federal Gramm-Leach-Bliley Act. If you have received this electronic message in error, please immediately notify us by return email and destroy the original message to assure that it is not read, copied, or distributed by others.


From: First Home VOE <VOE@firsthome.com>
Sent: Wednesday, May 27, 2026 3:58 PM
To: Laura DeVincent <LDeVincent@firsthome.com>
Subject: Meghana Malepati-Egan-Voya Financial [7040522600-03]


Hi there



I just got an email back from Sarah she told me it is against company policy for them to provide anything then what is on the work number. Please have the borrower confirm with HR her return to work status. I will be approving the voe



Sincerely,



Katie Vogtman

First Home Mortgage Verification Team

voe@firsthome.com<mailto:voe@firsthome.com>

Phone: 443-461-1242

Fax: 443-725-0492

6211 Greenleigh Avenue, Suite 300, Baltimore MD 21220



(For questions or concerns on the status of your VOE please check the VOE pipeline at http://aze-app-1v/voesystem/pipeline)



CONFIDENTIALITY NOTICE

The information contained in this electronic message is confidential information intended for the use of the individual or entity named above. If the reader of this message is not the intended recipient, or an employee or agent responsible for delivering this electronic message to the intended recipient, you are hereby notified that any dissemination, or copying of this communication is strictly prohibited. If this message contains non-public personal information about any consumer or customer of the sender or intended recipient, you are further prohibited under penalty of law from using or disclosing the information to any third party by provisions of the federal Gramm-Leach-Bliley Act. If you have received this electronic message in error, please immediately notify us by return email destroy the original message to assure that it is not read, copied, or distributed by others.
 
2026-05-27 16:20:44.4121 INFO Email Logged: REPLY ERROR - 7040522600-03 RE: Meghana Malepati-Egan-Voya Financial [7040522600-03] 
2026-05-27 16:20:44.4486 INFO Email Logged to Database: AAkALgAAAAAAHYQDEapmEc2byACqAC-EWg0A-XGp6OdBg0CxQrF5bBnBPAAHIkGT7AAA RE: Meghana Malepati-Egan-Voya Financial [7040522600-03] 4:01 PM 
2026-05-27 17:02:59.2133 INFO Getting messages for folder voe@firsthome.com: Inbox 
2026-05-27 17:03:01.1115 INFO Getting message voe@firsthome.com: AAkALgAAAAAAHYQDEapmEc2byACqAC-EWg0A-XGp6OdBg0CxQrF5bBnBPAAHIkGVCwAA 
2026-05-27 17:03:01.3512 INFO Getting message HTML voe@firsthome.com: AAkALgAAAAAAHYQDEapmEc2byACqAC-EWg0A-XGp6OdBg0CxQrF5bBnBPAAHIkGVCwAA 
2026-05-27 17:03:01.3802 INFO Getting message voe@firsthome.com: AAkALgAAAAAAHYQDEapmEc2byACqAC-EWg0A-XGp6OdBg0CxQrF5bBnBPAAHIkGVCwAA 
2026-05-27 17:03:03.0819 INFO Email Logged: Abby Newlon viewed Verification of Employment Request Nishani Kuruppu [1014525354-01] 
2026-05-27 17:03:03.1369 INFO Email Logged to Database: AAkALgAAAAAAHYQDEapmEc2byACqAC-EWg0A-XGp6OdBg0CxQrF5bBnBPAAHIkGVCwAA Abby Newlon viewed Verification of Employment Request Nishani Kuruppu [1014525354-01] 4:55 PM 
2026-05-27 17:03:03.1645 INFO Getting message voe@firsthome.com: AAkALgAAAAAAHYQDEapmEc2byACqAC-EWg0A-XGp6OdBg0CxQrF5bBnBPAAHIkGVCAAA 
2026-05-27 17:03:03.3297 INFO Getting message HTML voe@firsthome.com: AAkALgAAAAAAHYQDEapmEc2byACqAC-EWg0A-XGp6OdBg0CxQrF5bBnBPAAHIkGVCAAA 
2026-05-27 17:03:03.3587 INFO Getting message voe@firsthome.com: AAkALgAAAAAAHYQDEapmEc2byACqAC-EWg0A-XGp6OdBg0CxQrF5bBnBPAAHIkGVCAAA 
2026-05-27 17:03:03.6821 INFO Email Logged: Re: Assistance Needed - Your Verification of Employment [1010523269-06] 
2026-05-27 17:03:03.7181 INFO Email Logged to Database: AAkALgAAAAAAHYQDEapmEc2byACqAC-EWg0A-XGp6OdBg0CxQrF5bBnBPAAHIkGVCAAA Re: Assistance Needed - Your Verification of Employment [1010523269-06] 4:55 PM 
2026-05-27 17:03:03.7441 INFO Getting message voe@firsthome.com: AAkALgAAAAAAHYQDEapmEc2byACqAC-EWg0A-XGp6OdBg0CxQrF5bBnBPAAHIkGVAQAA 
2026-05-27 17:03:03.9173 INFO Getting message HTML voe@firsthome.com: AAkALgAAAAAAHYQDEapmEc2byACqAC-EWg0A-XGp6OdBg0CxQrF5bBnBPAAHIkGVAQAA 
2026-05-27 17:03:03.9453 INFO Getting message voe@firsthome.com: AAkALgAAAAAAHYQDEapmEc2byACqAC-EWg0A-XGp6OdBg0CxQrF5bBnBPAAHIkGVAQAA 
2026-05-27 17:03:04.3005 INFO Skipping Attachment - DisallowedFileType: image001.png in AAkALgAAAAAAHYQDEapmEc2byACqAC-EWg0A-XGp6OdBg0CxQrF5bBnBPAAHIkGVAQAA 
2026-05-27 17:03:04.3275 INFO Skipping Attachment - DisallowedFileType: image002.png in AAkALgAAAAAAHYQDEapmEc2byACqAC-EWg0A-XGp6OdBg0CxQrF5bBnBPAAHIkGVAQAA 
2026-05-27 17:03:04.3525 INFO Skipping Attachment - Possible Signature Image: image003.jpg(1650K) in AAkALgAAAAAAHYQDEapmEc2byACqAC-EWg0A-XGp6OdBg0CxQrF5bBnBPAAHIkGVAQAA 
2026-05-27 17:03:04.3775 INFO Skipping Attachment - Possible Signature Image: image004.jpg(1702K) in AAkALgAAAAAAHYQDEapmEc2byACqAC-EWg0A-XGp6OdBg0CxQrF5bBnBPAAHIkGVAQAA 
2026-05-27 17:03:04.4035 INFO Skipping Attachment - Possible Signature Image: image005.jpg(1546K) in AAkALgAAAAAAHYQDEapmEc2byACqAC-EWg0A-XGp6OdBg0CxQrF5bBnBPAAHIkGVAQAA 
2026-05-27 17:03:04.4275 INFO Skipping Attachment - Possible Signature Image: image006.jpg(1669K) in AAkALgAAAAAAHYQDEapmEc2byACqAC-EWg0A-XGp6OdBg0CxQrF5bBnBPAAHIkGVAQAA 
2026-05-27 17:03:04.4695 INFO Email Logged: RE: Robert Ndong, First Home Mortgage would like to verify your income and employment [1008524784-01] 
2026-05-27 17:03:04.4996 INFO Email Logged to Database: AAkALgAAAAAAHYQDEapmEc2byACqAC-EWg0A-XGp6OdBg0CxQrF5bBnBPAAHIkGVAQAA RE: Robert Ndong, First Home Mortgage would like to verify your income and employment [1008524784-01] 4:54 PM 
2026-05-27 17:03:04.5266 INFO Getting message voe@firsthome.com: AAkALgAAAAAAHYQDEapmEc2byACqAC-EWg0A-XGp6OdBg0CxQrF5bBnBPAAHIkGU6QAA 
2026-05-27 17:03:04.6531 INFO Getting message HTML voe@firsthome.com: AAkALgAAAAAAHYQDEapmEc2byACqAC-EWg0A-XGp6OdBg0CxQrF5bBnBPAAHIkGU6QAA 
2026-05-27 17:03:04.6801 INFO Getting message voe@firsthome.com: AAkALgAAAAAAHYQDEapmEc2byACqAC-EWg0A-XGp6OdBg0CxQrF5bBnBPAAHIkGU6QAA 
2026-05-27 17:03:04.9974 INFO Email Logged: Re: URGENT - Dakotah Jones VOE - Request for Additional Information [1010525141-03] 
2026-05-27 17:03:05.0294 INFO Email Logged to Database: AAkALgAAAAAAHYQDEapmEc2byACqAC-EWg0A-XGp6OdBg0CxQrF5bBnBPAAHIkGU6QAA Re: URGENT - Dakotah Jones VOE - Request for Additional Information [1010525141-03] 4:49 PM 
2026-05-27 17:03:05.0551 INFO Getting message voe@firsthome.com: AAkALgAAAAAAHYQDEapmEc2byACqAC-EWg0A-XGp6OdBg0CxQrF5bBnBPAAHIkGUwQAA 
2026-05-27 17:03:05.1982 INFO Getting message HTML voe@firsthome.com: AAkALgAAAAAAHYQDEapmEc2byACqAC-EWg0A-XGp6OdBg0CxQrF5bBnBPAAHIkGUwQAA 
2026-05-27 17:03:05.2252 INFO Getting message voe@firsthome.com: AAkALgAAAAAAHYQDEapmEc2byACqAC-EWg0A-XGp6OdBg0CxQrF5bBnBPAAHIkGUwQAA 
2026-05-27 17:03:05.5973 INFO Skipping Attachment - Possible Signature Image: image001.png(7514K) in AAkALgAAAAAAHYQDEapmEc2byACqAC-EWg0A-XGp6OdBg0CxQrF5bBnBPAAHIkGUwQAA 
2026-05-27 17:03:05.6253 INFO Skipping Attachment - Possible Signature Image: image002.png(7514K) in AAkALgAAAAAAHYQDEapmEc2byACqAC-EWg0A-XGp6OdBg0CxQrF5bBnBPAAHIkGUwQAA 
2026-05-27 17:03:05.6509 INFO Skipping Attachment - Possible Signature Image: image003.jpg(1650K) in AAkALgAAAAAAHYQDEapmEc2byACqAC-EWg0A-XGp6OdBg0CxQrF5bBnBPAAHIkGUwQAA 
2026-05-27 17:03:05.6743 INFO Skipping Attachment - Possible Signature Image: image004.jpg(1702K) in AAkALgAAAAAAHYQDEapmEc2byACqAC-EWg0A-XGp6OdBg0CxQrF5bBnBPAAHIkGUwQAA 
2026-05-27 17:03:05.6993 INFO Skipping Attachment - Possible Signature Image: image005.jpg(1546K) in AAkALgAAAAAAHYQDEapmEc2byACqAC-EWg0A-XGp6OdBg0CxQrF5bBnBPAAHIkGUwQAA 
2026-05-27 17:03:05.7273 INFO Skipping Attachment - Possible Signature Image: image006.jpg(1669K) in AAkALgAAAAAAHYQDEapmEc2byACqAC-EWg0A-XGp6OdBg0CxQrF5bBnBPAAHIkGUwQAA 
2026-05-27 17:03:05.7703 INFO Email Logged: RE: Salary Key Request Ashley Barr [1014520918-05] 
2026-05-27 17:03:05.8012 INFO Email Logged to Database: AAkALgAAAAAAHYQDEapmEc2byACqAC-EWg0A-XGp6OdBg0CxQrF5bBnBPAAHIkGUwQAA RE: Salary Key Request Ashley Barr [1014520918-05] 4:40 PM 
2026-05-27 17:03:05.8279 INFO Getting message voe@firsthome.com: AAkALgAAAAAAHYQDEapmEc2byACqAC-EWg0A-XGp6OdBg0CxQrF5bBnBPAAHIkGUtwAA 
2026-05-27 17:03:05.9869 INFO Getting message HTML voe@firsthome.com: AAkALgAAAAAAHYQDEapmEc2byACqAC-EWg0A-XGp6OdBg0CxQrF5bBnBPAAHIkGUtwAA 
2026-05-27 17:03:06.0149 INFO Getting message voe@firsthome.com: AAkALgAAAAAAHYQDEapmEc2byACqAC-EWg0A-XGp6OdBg0CxQrF5bBnBPAAHIkGUtwAA 
2026-05-27 17:03:06.5637 INFO Skipping Attachment - Possible Signature Image: image001.png(7230K) in AAkALgAAAAAAHYQDEapmEc2byACqAC-EWg0A-XGp6OdBg0CxQrF5bBnBPAAHIkGUtwAA 
2026-05-27 17:03:06.5907 INFO Skipping Attachment - Possible Signature Image: image003.png(4742K) in AAkALgAAAAAAHYQDEapmEc2byACqAC-EWg0A-XGp6OdBg0CxQrF5bBnBPAAHIkGUtwAA 
2026-05-27 17:03:06.6147 INFO Skipping Attachment - Possible Signature Image: image005.png(6205K) in AAkALgAAAAAAHYQDEapmEc2byACqAC-EWg0A-XGp6OdBg0CxQrF5bBnBPAAHIkGUtwAA 
2026-05-27 17:03:06.6387 INFO Skipping Attachment - Possible Signature Image: image006.png(4095K) in AAkALgAAAAAAHYQDEapmEc2byACqAC-EWg0A-XGp6OdBg0CxQrF5bBnBPAAHIkGUtwAA 
2026-05-27 17:03:06.6827 INFO Email Logged: RE: Confirmation of New VOE Order for Patrick Glover [1014480640-02] 
2026-05-27 17:03:06.7167 INFO Email Logged to Database: AAkALgAAAAAAHYQDEapmEc2byACqAC-EWg0A-XGp6OdBg0CxQrF5bBnBPAAHIkGUtwAA RE: Confirmation of New VOE Order for Patrick Glover [1014480640-02] 4:36 PM 
2026-05-27 17:03:06.7437 INFO Getting message voe@firsthome.com: AAkALgAAAAAAHYQDEapmEc2byACqAC-EWg0A-XGp6OdBg0CxQrF5bBnBPAAHIkGUqQAA 
2026-05-27 17:03:06.8777 INFO Getting message HTML voe@firsthome.com: AAkALgAAAAAAHYQDEapmEc2byACqAC-EWg0A-XGp6OdBg0CxQrF5bBnBPAAHIkGUqQAA 
2026-05-27 17:03:06.9037 INFO Getting message voe@firsthome.com: AAkALgAAAAAAHYQDEapmEc2byACqAC-EWg0A-XGp6OdBg0CxQrF5bBnBPAAHIkGUqQAA 
2026-05-27 17:03:07.2538 INFO Email Logged: Successful transmission to 14107956162. Re: Verification of Employment Request Muyiwa Ayanfemi [1024525898-05] 
2026-05-27 17:03:07.2878 INFO Email Logged to Database: AAkALgAAAAAAHYQDEapmEc2byACqAC-EWg0A-XGp6OdBg0CxQrF5bBnBPAAHIkGUqQAA Successful transmission to 14107956162. Re: Verification of Employment Request Muyiwa Ayanfemi [1024525898-05] 4:35 PM 
2026-05-27 17:03:07.3128 INFO Getting message voe@firsthome.com: AAkALgAAAAAAHYQDEapmEc2byACqAC-EWg0A-XGp6OdBg0CxQrF5bBnBPAAHIkGUigAA 
2026-05-27 17:03:07.4668 INFO Getting message HTML voe@firsthome.com: AAkALgAAAAAAHYQDEapmEc2byACqAC-EWg0A-XGp6OdBg0CxQrF5bBnBPAAHIkGUigAA 
2026-05-27 17:03:07.4958 INFO Getting message voe@firsthome.com: AAkALgAAAAAAHYQDEapmEc2byACqAC-EWg0A-XGp6OdBg0CxQrF5bBnBPAAHIkGUigAA 
2026-05-27 17:03:07.8024 INFO Email Logged: Yasmim Phipps viewed Verification of Employment Request Abdul Roberto Chagerben Armas [1018525170-01] 
2026-05-27 17:03:07.8344 INFO Email Logged to Database: AAkALgAAAAAAHYQDEapmEc2byACqAC-EWg0A-XGp6OdBg0CxQrF5bBnBPAAHIkGUigAA Yasmim Phipps viewed Verification of Employment Request Abdul Roberto Chagerben Armas [1018525170-01] 4:30 PM 
2026-05-27 17:03:07.8601 INFO Getting message voe@firsthome.com: AAkALgAAAAAAHYQDEapmEc2byACqAC-EWg0A-XGp6OdBg0CxQrF5bBnBPAAHIkGUhwAA 
2026-05-27 17:03:08.0084 INFO Getting message HTML voe@firsthome.com: AAkALgAAAAAAHYQDEapmEc2byACqAC-EWg0A-XGp6OdBg0CxQrF5bBnBPAAHIkGUhwAA 
2026-05-27 17:03:08.0421 INFO Getting message voe@firsthome.com: AAkALgAAAAAAHYQDEapmEc2byACqAC-EWg0A-XGp6OdBg0CxQrF5bBnBPAAHIkGUhwAA 
2026-05-27 17:03:08.3016 INFO Email Logged: Re: Robert Ndong, First Home Mortgage would like to verify your income and employment [1008524784-01] 
2026-05-27 17:03:08.3386 INFO Email Logged to Database: AAkALgAAAAAAHYQDEapmEc2byACqAC-EWg0A-XGp6OdBg0CxQrF5bBnBPAAHIkGUhwAA Re: Robert Ndong, First Home Mortgage would like to verify your income and employment [1008524784-01] 4:30 PM 
2026-05-27 17:03:08.3636 INFO Getting message voe@firsthome.com: AAkALgAAAAAAHYQDEapmEc2byACqAC-EWg0A-XGp6OdBg0CxQrF5bBnBPAAHIkGUUwAA 
2026-05-27 17:03:08.5126 INFO Getting message HTML voe@firsthome.com: AAkALgAAAAAAHYQDEapmEc2byACqAC-EWg0A-XGp6OdBg0CxQrF5bBnBPAAHIkGUUwAA 
2026-05-27 17:03:08.5396 INFO Getting message voe@firsthome.com: AAkALgAAAAAAHYQDEapmEc2byACqAC-EWg0A-XGp6OdBg0CxQrF5bBnBPAAHIkGUUwAA 
2026-05-27 17:03:08.8467 INFO Skipping Attachment - DisallowedFileType: image002.png in AAkALgAAAAAAHYQDEapmEc2byACqAC-EWg0A-XGp6OdBg0CxQrF5bBnBPAAHIkGUUwAA 
2026-05-27 17:03:08.8937 INFO Email Logged: Re: Request for Rush Order has been Approved [1083522884-14] 
2026-05-27 17:03:08.9237 INFO Email Logged to Database: AAkALgAAAAAAHYQDEapmEc2byACqAC-EWg0A-XGp6OdBg0CxQrF5bBnBPAAHIkGUUwAA Re: Request for Rush Order has been Approved [1083522884-14] 4:21 PM 
2026-05-27 17:03:08.9497 INFO Getting message voe@firsthome.com: AAkALgAAAAAAHYQDEapmEc2byACqAC-EWg0A-XGp6OdBg0CxQrF5bBnBPAAHIkGUSwAA 
2026-05-27 17:03:09.1443 INFO Getting message HTML voe@firsthome.com: AAkALgAAAAAAHYQDEapmEc2byACqAC-EWg0A-XGp6OdBg0CxQrF5bBnBPAAHIkGUSwAA 
2026-05-27 17:03:09.1723 INFO Getting message voe@firsthome.com: AAkALgAAAAAAHYQDEapmEc2byACqAC-EWg0A-XGp6OdBg0CxQrF5bBnBPAAHIkGUSwAA 
2026-05-27 17:03:09.5359 INFO Skipping Attachment - DisallowedFileType: image001.png in AAkALgAAAAAAHYQDEapmEc2byACqAC-EWg0A-XGp6OdBg0CxQrF5bBnBPAAHIkGUSwAA 
2026-05-27 17:03:09.5605 INFO Skipping Attachment - DisallowedFileType: image002.png in AAkALgAAAAAAHYQDEapmEc2byACqAC-EWg0A-XGp6OdBg0CxQrF5bBnBPAAHIkGUSwAA 
2026-05-27 17:03:09.6025 INFO Email Logged: RE: Request for Rush Order has been Approved [1083522884-14] 
2026-05-27 17:03:09.6335 INFO Email Logged to Database: AAkALgAAAAAAHYQDEapmEc2byACqAC-EWg0A-XGp6OdBg0CxQrF5bBnBPAAHIkGUSwAA RE: Request for Rush Order has been Approved [1083522884-14] 4:20 PM 
2026-05-27 17:22:01.5220 INFO Getting messages for folder voe@firsthome.com: Inbox 
2026-05-27 17:22:03.3023 INFO Getting message voe@firsthome.com: AAkALgAAAAAAHYQDEapmEc2byACqAC-EWg0A-XGp6OdBg0CxQrF5bBnBPAAHIkGVZAAA 
2026-05-27 17:22:03.5704 INFO Getting message HTML voe@firsthome.com: AAkALgAAAAAAHYQDEapmEc2byACqAC-EWg0A-XGp6OdBg0CxQrF5bBnBPAAHIkGVZAAA 
2026-05-27 17:22:03.5971 INFO Getting message voe@firsthome.com: AAkALgAAAAAAHYQDEapmEc2byACqAC-EWg0A-XGp6OdBg0CxQrF5bBnBPAAHIkGVZAAA 
2026-05-27 17:22:05.1111 INFO Email Logged: Unapproved Work Number Order Notification [7040518343-07] 
2026-05-27 17:22:05.5312 ERROR Error Sending Email 
2026-05-27 17:22:05.5582 ERROR System.Exception: No Valid Email Recipients Specified
   at VOESystem.Data.Business.EmailOps.SendEmail(IDbConnection dbConn, List`1 toEmailList, List`1 ccEmailList, List`1 bccEmailList, String Subject, String MessageText, Boolean skipBranchOverrideCC, Nullable`1 OrderRequestId, Nullable`1 EmailTemplateId, Nullable`1 IsAuditing, List`1 Attachments, String BaseURL, Boolean RestrictDomain, Boolean consolidateAttachments, IDbTransaction extTransaction, String loanNumber, Boolean isDraft, MailPriority priority, Boolean IsHTML, Boolean requestReadReceipt, Boolean isSecure, List`1 replyToEmailList, Nullable`1 forwardingEmailId) in C:\Data\FirstMortgage\BitBucket\voesystem\VOEFrontend\VOESystem.Data\Business\EmailOps.cs:line 198 System.Exception: No Valid Email Recipients Specified
   at VOESystem.Data.Business.EmailOps.SendEmail(IDbConnection dbConn, List`1 toEmailList, List`1 ccEmailList, List`1 bccEmailList, String Subject, String MessageText, Boolean skipBranchOverrideCC, Nullable`1 OrderRequestId, Nullable`1 EmailTemplateId, Nullable`1 IsAuditing, List`1 Attachments, String BaseURL, Boolean RestrictDomain, Boolean consolidateAttachments, IDbTransaction extTransaction, String loanNumber, Boolean isDraft, MailPriority priority, Boolean IsHTML, Boolean requestReadReceipt, Boolean isSecure, List`1 replyToEmailList, Nullable`1 forwardingEmailId) in C:\Data\FirstMortgage\BitBucket\voesystem\VOEFrontend\VOESystem.Data\Business\EmailOps.cs:line 198
2026-05-27 17:22:05.6381 INFO This order has been APPROVED and new emails are no longer monitored for this VOE.  

Current Employment Status: Current-Active

Please contact VOE@firsthome with the order number -found in the subject line of this email - in order to address your inquiry/concerns.

Sincerely,
First Home Mortgage Verification Team
6211 Greenleigh Avenue, Suite 300, Baltimore MD 21220  

(For questions or concerns on the status of your VOE please check the VOE pipeline at http://aze-app-1v/voesystem/pipeline)



CONFIDENTIALITY NOTICE
The information contained in this electronic message is confidential information intended for the use of the individual or entity named above. If the reader of this message is not the intended recipient, or an employee or agent responsible for delivering this electronic message to the intended recipient, you are hereby notified that any dissemination, or copying of this communication is strictly prohibited. If this message contains non-public personal information about any consumer or customer of the sender or intended recipient, you are further prohibited under penalty of law from using or disclosing the information to any third party by provisions of the federal Gramm-Leach-Bliley Act. If you have received this electronic message in error, please immediately notify us by return email destroy the original message to assure that it is not read, copied, or distributed by others.






Sincerely,
First Home Mortgage Verification Team
6211 Greenleigh Avenue, Suite 300, Baltimore MD 21220  

(For questions or concerns on the status of your VOE please check the VOE pipeline at http://aze-app-1v/voesystem/pipeline)

---------Original Message----------------------
From: VOE@firsthome.com
Sent: Wed, May 27, 2026 05:20 PM
To: VOE@firsthome.com
Cc: 
Subject: Unapproved Work Number Order Notification [7040518343-07]

This is an automated e-mail notification that is sent 2 business days prior to close...

  7040518343-07 is a FINAL VOE for Guesline Noel employed at Aveanna Healthcare.

The loan is Scheduled to Close 05/29/2026 and this employment has previously been verified using the WorkNumber. 

If you are unable to verify using the WorkNumber, adjust the verification service to " WorkNumber Manual" and reach out the the employer for verification.

Sincerely,
First Home Mortgage Verification Team
6211 Greenleigh Avenue, Suite 300, Baltimore MD 21220  

(For questions or concerns on the status of your VOE please check the VOE pipeline at http://aze-app-1v/voesystem/pipeline)



CONFIDENTIALITY NOTICE
The information contained in this electronic message is confidential information intended for the use of the individual or entity named above. If the reader of this message is not the intended recipient, or an employee or agent responsible for delivering this electronic message to the intended recipient, you are hereby notified that any dissemination, or copying of this communication is strictly prohibited. If this message contains non-public personal information about any consumer or customer of the sender or intended recipient, you are further prohibited under penalty of law from using or disclosing the information to any third party by provisions of the federal Gramm-Leach-Bliley Act. If you have received this electronic message in error, please immediately notify us by return email destroy the original message to assure that it is not read, copied, or distributed by others. 
2026-05-27 17:22:05.6671 ERROR Error Sending Email 
2026-05-27 17:22:05.6935 ERROR System.Exception: No Valid Email Recipients Specified
   at VOESystem.Data.Business.EmailOps.SendEmail(IDbConnection dbConn, List`1 toEmailList, List`1 ccEmailList, List`1 bccEmailList, String Subject, String MessageText, Boolean skipBranchOverrideCC, Nullable`1 OrderRequestId, Nullable`1 EmailTemplateId, Nullable`1 IsAuditing, List`1 Attachments, String BaseURL, Boolean RestrictDomain, Boolean consolidateAttachments, IDbTransaction extTransaction, String loanNumber, Boolean isDraft, MailPriority priority, Boolean IsHTML, Boolean requestReadReceipt, Boolean isSecure, List`1 replyToEmailList, Nullable`1 forwardingEmailId) in C:\Data\FirstMortgage\BitBucket\voesystem\VOEFrontend\VOESystem.Data\Business\EmailOps.cs:line 390
   at VOESystem.Data.Business.EmailOps.sendEmailFromTemplate(IDbConnection dbConn, Email email, Nullable`1 OrderRequestId, String BaseUrl, Boolean RestrictDomain, Nullable`1 IsAuditing, Boolean skipBranchOverrideCC, Boolean consolidateAttachments, IDbTransaction extTransaction, String loanNumber, Boolean IsHTML, Boolean IsVOETeamUser, String UserName) in C:\Data\FirstMortgage\BitBucket\voesystem\VOEFrontend\VOESystem.Data\Business\EmailOps.cs:line 1144 System.Exception: No Valid Email Recipients Specified
   at VOESystem.Data.Business.EmailOps.SendEmail(IDbConnection dbConn, List`1 toEmailList, List`1 ccEmailList, List`1 bccEmailList, String Subject, String MessageText, Boolean skipBranchOverrideCC, Nullable`1 OrderRequestId, Nullable`1 EmailTemplateId, Nullable`1 IsAuditing, List`1 Attachments, String BaseURL, Boolean RestrictDomain, Boolean consolidateAttachments, IDbTransaction extTransaction, String loanNumber, Boolean isDraft, MailPriority priority, Boolean IsHTML, Boolean requestReadReceipt, Boolean isSecure, List`1 replyToEmailList, Nullable`1 forwardingEmailId) in C:\Data\FirstMortgage\BitBucket\voesystem\VOEFrontend\VOESystem.Data\Business\EmailOps.cs:line 390
   at VOESystem.Data.Business.EmailOps.sendEmailFromTemplate(IDbConnection dbConn, Email email, Nullable`1 OrderRequestId, String BaseUrl, Boolean RestrictDomain, Nullable`1 IsAuditing, Boolean skipBranchOverrideCC, Boolean consolidateAttachments, IDbTransaction extTransaction, String loanNumber, Boolean IsHTML, Boolean IsVOETeamUser, String UserName) in C:\Data\FirstMortgage\BitBucket\voesystem\VOEFrontend\VOESystem.Data\Business\EmailOps.cs:line 1144
2026-05-27 17:22:05.7281 INFO This order has been APPROVED and new emails are no longer monitored for this VOE.  

Current Employment Status: Current-Active

Please contact VOE@firsthome with the order number -found in the subject line of this email - in order to address your inquiry/concerns.

Sincerely,
First Home Mortgage Verification Team
6211 Greenleigh Avenue, Suite 300, Baltimore MD 21220  

(For questions or concerns on the status of your VOE please check the VOE pipeline at http://aze-app-1v/voesystem/pipeline)



CONFIDENTIALITY NOTICE
The information contained in this electronic message is confidential information intended for the use of the individual or entity named above. If the reader of this message is not the intended recipient, or an employee or agent responsible for delivering this electronic message to the intended recipient, you are hereby notified that any dissemination, or copying of this communication is strictly prohibited. If this message contains non-public personal information about any consumer or customer of the sender or intended recipient, you are further prohibited under penalty of law from using or disclosing the information to any third party by provisions of the federal Gramm-Leach-Bliley Act. If you have received this electronic message in error, please immediately notify us by return email destroy the original message to assure that it is not read, copied, or distributed by others.






Sincerely,
First Home Mortgage Verification Team
6211 Greenleigh Avenue, Suite 300, Baltimore MD 21220  

(For questions or concerns on the status of your VOE please check the VOE pipeline at http://aze-app-1v/voesystem/pipeline)

---------Original Message----------------------
From: VOE@firsthome.com
Sent: Wed, May 27, 2026 05:20 PM
To: VOE@firsthome.com
Cc: 
Subject: Unapproved Work Number Order Notification [7040518343-07]

This is an automated e-mail notification that is sent 2 business days prior to close...

  7040518343-07 is a FINAL VOE for Guesline Noel employed at Aveanna Healthcare.

The loan is Scheduled to Close 05/29/2026 and this employment has previously been verified using the WorkNumber. 

If you are unable to verify using the WorkNumber, adjust the verification service to " WorkNumber Manual" and reach out the the employer for verification.

Sincerely,
First Home Mortgage Verification Team
6211 Greenleigh Avenue, Suite 300, Baltimore MD 21220  

(For questions or concerns on the status of your VOE please check the VOE pipeline at http://aze-app-1v/voesystem/pipeline)



CONFIDENTIALITY NOTICE
The information contained in this electronic message is confidential information intended for the use of the individual or entity named above. If the reader of this message is not the intended recipient, or an employee or agent responsible for delivering this electronic message to the intended recipient, you are hereby notified that any dissemination, or copying of this communication is strictly prohibited. If this message contains non-public personal information about any consumer or customer of the sender or intended recipient, you are further prohibited under penalty of law from using or disclosing the information to any third party by provisions of the federal Gramm-Leach-Bliley Act. If you have received this electronic message in error, please immediately notify us by return email destroy the original message to assure that it is not read, copied, or distributed by others. 
2026-05-27 17:22:05.7631 INFO Email Logged to Database: AAkALgAAAAAAHYQDEapmEc2byACqAC-EWg0A-XGp6OdBg0CxQrF5bBnBPAAHIkGVZAAA Unapproved Work Number Order Notification [7040518343-07] 5:20 PM 
2026-05-27 17:22:05.7891 INFO Getting message voe@firsthome.com: AAkALgAAAAAAHYQDEapmEc2byACqAC-EWg0A-XGp6OdBg0CxQrF5bBnBPAAHIkGVYgAA 
2026-05-27 17:22:05.9281 INFO Getting message HTML voe@firsthome.com: AAkALgAAAAAAHYQDEapmEc2byACqAC-EWg0A-XGp6OdBg0CxQrF5bBnBPAAHIkGVYgAA 
2026-05-27 17:22:05.9651 INFO Getting message voe@firsthome.com: AAkALgAAAAAAHYQDEapmEc2byACqAC-EWg0A-XGp6OdBg0CxQrF5bBnBPAAHIkGVYgAA 
2026-05-27 17:22:06.2602 INFO Email Logged: Unapproved Work Number Order Notification [7040518343-08] 
2026-05-27 17:22:06.5111 ERROR Error Sending Email 
2026-05-27 17:22:06.5382 ERROR System.Exception: No Valid Email Recipients Specified
   at VOESystem.Data.Business.EmailOps.SendEmail(IDbConnection dbConn, List`1 toEmailList, List`1 ccEmailList, List`1 bccEmailList, String Subject, String MessageText, Boolean skipBranchOverrideCC, Nullable`1 OrderRequestId, Nullable`1 EmailTemplateId, Nullable`1 IsAuditing, List`1 Attachments, String BaseURL, Boolean RestrictDomain, Boolean consolidateAttachments, IDbTransaction extTransaction, String loanNumber, Boolean isDraft, MailPriority priority, Boolean IsHTML, Boolean requestReadReceipt, Boolean isSecure, List`1 replyToEmailList, Nullable`1 forwardingEmailId) in C:\Data\FirstMortgage\BitBucket\voesystem\VOEFrontend\VOESystem.Data\Business\EmailOps.cs:line 198 System.Exception: No Valid Email Recipients Specified
   at VOESystem.Data.Business.EmailOps.SendEmail(IDbConnection dbConn, List`1 toEmailList, List`1 ccEmailList, List`1 bccEmailList, String Subject, String MessageText, Boolean skipBranchOverrideCC, Nullable`1 OrderRequestId, Nullable`1 EmailTemplateId, Nullable`1 IsAuditing, List`1 Attachments, String BaseURL, Boolean RestrictDomain, Boolean consolidateAttachments, IDbTransaction extTransaction, String loanNumber, Boolean isDraft, MailPriority priority, Boolean IsHTML, Boolean requestReadReceipt, Boolean isSecure, List`1 replyToEmailList, Nullable`1 forwardingEmailId) in C:\Data\FirstMortgage\BitBucket\voesystem\VOEFrontend\VOESystem.Data\Business\EmailOps.cs:line 198
2026-05-27 17:22:06.5668 INFO This order has been APPROVED and new emails are no longer monitored for this VOE.  

Current Employment Status: Current-Active

Please contact VOE@firsthome with the order number -found in the subject line of this email - in order to address your inquiry/concerns.

Sincerely,
First Home Mortgage Verification Team
6211 Greenleigh Avenue, Suite 300, Baltimore MD 21220  

(For questions or concerns on the status of your VOE please check the VOE pipeline at http://aze-app-1v/voesystem/pipeline)



CONFIDENTIALITY NOTICE
The information contained in this electronic message is confidential information intended for the use of the individual or entity named above. If the reader of this message is not the intended recipient, or an employee or agent responsible for delivering this electronic message to the intended recipient, you are hereby notified that any dissemination, or copying of this communication is strictly prohibited. If this message contains non-public personal information about any consumer or customer of the sender or intended recipient, you are further prohibited under penalty of law from using or disclosing the information to any third party by provisions of the federal Gramm-Leach-Bliley Act. If you have received this electronic message in error, please immediately notify us by return email destroy the original message to assure that it is not read, copied, or distributed by others.






Sincerely,
First Home Mortgage Verification Team
6211 Greenleigh Avenue, Suite 300, Baltimore MD 21220  

(For questions or concerns on the status of your VOE please check the VOE pipeline at http://aze-app-1v/voesystem/pipeline)

---------Original Message----------------------
From: VOE@firsthome.com
Sent: Wed, May 27, 2026 05:20 PM
To: VOE@firsthome.com
Cc: 
Subject: Unapproved Work Number Order Notification [7040518343-08]

This is an automated e-mail notification that is sent 2 business days prior to close...

  7040518343-08 is a FINAL VOE for Guesline Noel employed at U-SMile P C.

The loan is Scheduled to Close 05/29/2026 and this employment has previously been verified using the WorkNumber. 

If you are unable to verify using the WorkNumber, adjust the verification service to " WorkNumber Manual" and reach out the the employer for verification.

Sincerely,
First Home Mortgage Verification Team
6211 Greenleigh Avenue, Suite 300, Baltimore MD 21220  

(For questions or concerns on the status of your VOE please check the VOE pipeline at http://aze-app-1v/voesystem/pipeline)



CONFIDENTIALITY NOTICE
The information contained in this electronic message is confidential information intended for the use of the individual or entity named above. If the reader of this message is not the intended recipient, or an employee or agent responsible for delivering this electronic message to the intended recipient, you are hereby notified that any dissemination, or copying of this communication is strictly prohibited. If this message contains non-public personal information about any consumer or customer of the sender or intended recipient, you are further prohibited under penalty of law from using or disclosing the information to any third party by provisions of the federal Gramm-Leach-Bliley Act. If you have received this electronic message in error, please immediately notify us by return email destroy the original message to assure that it is not read, copied, or distributed by others. 
2026-05-27 17:22:06.5957 ERROR Error Sending Email 
2026-05-27 17:22:06.6273 ERROR System.Exception: No Valid Email Recipients Specified
   at VOESystem.Data.Business.EmailOps.SendEmail(IDbConnection dbConn, List`1 toEmailList, List`1 ccEmailList, List`1 bccEmailList, String Subject, String MessageText, Boolean skipBranchOverrideCC, Nullable`1 OrderRequestId, Nullable`1 EmailTemplateId, Nullable`1 IsAuditing, List`1 Attachments, String BaseURL, Boolean RestrictDomain, Boolean consolidateAttachments, IDbTransaction extTransaction, String loanNumber, Boolean isDraft, MailPriority priority, Boolean IsHTML, Boolean requestReadReceipt, Boolean isSecure, List`1 replyToEmailList, Nullable`1 forwardingEmailId) in C:\Data\FirstMortgage\BitBucket\voesystem\VOEFrontend\VOESystem.Data\Business\EmailOps.cs:line 390
   at VOESystem.Data.Business.EmailOps.sendEmailFromTemplate(IDbConnection dbConn, Email email, Nullable`1 OrderRequestId, String BaseUrl, Boolean RestrictDomain, Nullable`1 IsAuditing, Boolean skipBranchOverrideCC, Boolean consolidateAttachments, IDbTransaction extTransaction, String loanNumber, Boolean IsHTML, Boolean IsVOETeamUser, String UserName) in C:\Data\FirstMortgage\BitBucket\voesystem\VOEFrontend\VOESystem.Data\Business\EmailOps.cs:line 1144 System.Exception: No Valid Email Recipients Specified
   at VOESystem.Data.Business.EmailOps.SendEmail(IDbConnection dbConn, List`1 toEmailList, List`1 ccEmailList, List`1 bccEmailList, String Subject, String MessageText, Boolean skipBranchOverrideCC, Nullable`1 OrderRequestId, Nullable`1 EmailTemplateId, Nullable`1 IsAuditing, List`1 Attachments, String BaseURL, Boolean RestrictDomain, Boolean consolidateAttachments, IDbTransaction extTransaction, String loanNumber, Boolean isDraft, MailPriority priority, Boolean IsHTML, Boolean requestReadReceipt, Boolean isSecure, List`1 replyToEmailList, Nullable`1 forwardingEmailId) in C:\Data\FirstMortgage\BitBucket\voesystem\VOEFrontend\VOESystem.Data\Business\EmailOps.cs:line 390
   at VOESystem.Data.Business.EmailOps.sendEmailFromTemplate(IDbConnection dbConn, Email email, Nullable`1 OrderRequestId, String BaseUrl, Boolean RestrictDomain, Nullable`1 IsAuditing, Boolean skipBranchOverrideCC, Boolean consolidateAttachments, IDbTransaction extTransaction, String loanNumber, Boolean IsHTML, Boolean IsVOETeamUser, String UserName) in C:\Data\FirstMortgage\BitBucket\voesystem\VOEFrontend\VOESystem.Data\Business\EmailOps.cs:line 1144
2026-05-27 17:22:06.6578 INFO This order has been APPROVED and new emails are no longer monitored for this VOE.  

Current Employment Status: Current-Active

Please contact VOE@firsthome with the order number -found in the subject line of this email - in order to address your inquiry/concerns.

Sincerely,
First Home Mortgage Verification Team
6211 Greenleigh Avenue, Suite 300, Baltimore MD 21220  

(For questions or concerns on the status of your VOE please check the VOE pipeline at http://aze-app-1v/voesystem/pipeline)



CONFIDENTIALITY NOTICE
The information contained in this electronic message is confidential information intended for the use of the individual or entity named above. If the reader of this message is not the intended recipient, or an employee or agent responsible for delivering this electronic message to the intended recipient, you are hereby notified that any dissemination, or copying of this communication is strictly prohibited. If this message contains non-public personal information about any consumer or customer of the sender or intended recipient, you are further prohibited under penalty of law from using or disclosing the information to any third party by provisions of the federal Gramm-Leach-Bliley Act. If you have received this electronic message in error, please immediately notify us by return email destroy the original message to assure that it is not read, copied, or distributed by others.






Sincerely,
First Home Mortgage Verification Team
6211 Greenleigh Avenue, Suite 300, Baltimore MD 21220  

(For questions or concerns on the status of your VOE please check the VOE pipeline at http://aze-app-1v/voesystem/pipeline)

---------Original Message----------------------
From: VOE@firsthome.com
Sent: Wed, May 27, 2026 05:20 PM
To: VOE@firsthome.com
Cc: 
Subject: Unapproved Work Number Order Notification [7040518343-08]

This is an automated e-mail notification that is sent 2 business days prior to close...

  7040518343-08 is a FINAL VOE for Guesline Noel employed at U-SMile P C.

The loan is Scheduled to Close 05/29/2026 and this employment has previously been verified using the WorkNumber. 

If you are unable to verify using the WorkNumber, adjust the verification service to " WorkNumber Manual" and reach out the the employer for verification.

Sincerely,
First Home Mortgage Verification Team
6211 Greenleigh Avenue, Suite 300, Baltimore MD 21220  

(For questions or concerns on the status of your VOE please check the VOE pipeline at http://aze-app-1v/voesystem/pipeline)



CONFIDENTIALITY NOTICE
The information contained in this electronic message is confidential information intended for the use of the individual or entity named above. If the reader of this message is not the intended recipient, or an employee or agent responsible for delivering this electronic message to the intended recipient, you are hereby notified that any dissemination, or copying of this communication is strictly prohibited. If this message contains non-public personal information about any consumer or customer of the sender or intended recipient, you are further prohibited under penalty of law from using or disclosing the information to any third party by provisions of the federal Gramm-Leach-Bliley Act. If you have received this electronic message in error, please immediately notify us by return email destroy the original message to assure that it is not read, copied, or distributed by others. 
2026-05-27 17:22:06.6903 INFO Email Logged to Database: AAkALgAAAAAAHYQDEapmEc2byACqAC-EWg0A-XGp6OdBg0CxQrF5bBnBPAAHIkGVYgAA Unapproved Work Number Order Notification [7040518343-08] 5:20 PM 
2026-05-27 17:22:06.7182 INFO Getting message voe@firsthome.com: AAkALgAAAAAAHYQDEapmEc2byACqAC-EWg0A-XGp6OdBg0CxQrF5bBnBPAAHIkGVTwAA 
2026-05-27 17:22:06.8553 INFO Getting message HTML voe@firsthome.com: AAkALgAAAAAAHYQDEapmEc2byACqAC-EWg0A-XGp6OdBg0CxQrF5bBnBPAAHIkGVTwAA 
2026-05-27 17:22:06.8873 INFO Getting message voe@firsthome.com: AAkALgAAAAAAHYQDEapmEc2byACqAC-EWg0A-XGp6OdBg0CxQrF5bBnBPAAHIkGVTwAA 
2026-05-27 17:22:07.1573 INFO Email Logged: RE: EMPLOYMENT TERMINATED (Non-final VOE) [7040475848-01] 
2026-05-27 17:22:07.4879 TRACE {"__type":"FHMC.Graph.Email+MailMessage, FHMC.Graph","Subject":"REPLY ERROR - 7040475848-01 RE: EMPLOYMENT TERMINATED (Non-final VOE) [7040475848-01]","ReceivedDateTime":"\/Date(-62135596800000-0000)\/","Attachments":[],"Body":"This order has been APPROVED and new emails are no longer monitored for this VOE.  \n\nCurrent Employment Status: Terminated\n\nPlease contact VOE@firsthome with the order number -found in the subject line of this email - in order to address your inquiry/concerns.\r\n\r\nSincerely,\r\nFirst Home Mortgage Verification Team\r\n6211 Greenleigh Avenue, Suite 300, Baltimore MD 21220  \r\n\r\n(For questions or concerns on the status of your VOE please check the VOE pipeline at http://aze-app-1v/voesystem/pipeline)\r\n\r\n\r\n\r\nCONFIDENTIALITY NOTICE\r\nThe information contained in this electronic message is confidential information intended for the use of the individual or entity named above. If the reader of this message is not the intended recipient, or an employee or agent responsible for delivering this electronic message to the intended recipient, you are hereby notified that any dissemination, or copying of this communication is strictly prohibited. If this message contains non-public personal information about any consumer or customer of the sender or intended recipient, you are further prohibited under penalty of law from using or disclosing the information to any third party by provisions of the federal Gramm-Leach-Bliley Act. If you have received this electronic message in error, please immediately notify us by return email destroy the original message to assure that it is not read, copied, or distributed by others.\r\n\r\n\n\n\n\r\n\r\nSincerely,\r\nFirst Home Mortgage Verification Team\r\n6211 Greenleigh Avenue, Suite 300, Baltimore MD 21220  \r\n\r\n(For questions or concerns on the status of your VOE please check the VOE pipeline at http://aze-app-1v/voesystem/pipeline)\n\n---------Original Message----------------------\nFrom: LDeVincent@firsthome.com\nSent: Wed, May 27, 2026 05:18 PM\nTo: VOE@firsthome.com, HOxx@firsthome.com, MNadeau@firsthome.com, LSimone@firsthome.com\nCc: \nSubject: RE: EMPLOYMENT TERMINATED (Non-final VOE) [7040475848-01]\n\nIn case anyone was worried she has a new job. She said she let someone know but had to create another portal and the information was not accurate.  \r\n\r\n\r\nOrdering VOE now and requested docs needed for file. \r\n\r\n\r\n\r\n\r\nLAURA DEVINCENT\r\nBranch Operational Manager\r\nCELL: 508.641.4809 | OFFICE: 508.915.6007 x2007\r\nWEBSITE: www.firsthome.com\r\n183 Central Ave., Seekonk, MA  02771 \r\nCONFIDENTIALITY NOTICE \r\nThe information contained in this electronic message is confidential information intended for the use of the individual or entity named above. If the reader of this message is not the intended recipient, or an employee or agent responsible for delivering this electronic message to the intended recipient, you are hereby notified that any dissemination, or copying of this communication is strictly prohibited. If this message contains non-public personal information about any consumer or customer of the sender or intended recipient, you are further prohibited under penalty of law from using or disclosing the information to any third party by provisions of the federal Gramm-Leach-Bliley Act. If you have received this electronic message in error, please immediately notify us by return email and destroy the original message to assure that it is not read, copied, or distributed by others.\r\n\r\n\r\n-----Original Message-----\r\nFrom: First Home VOE <VOE@firsthome.com> \r\nSent: Wednesday, May 27, 2026 3:01 PM\r\nTo: Harry Oxx <HOxx@firsthome.com>; Michael Nadeau <MNadeau@firsthome.com>; Lori Simone <LSimone@firsthome.com>; Laura DeVincent <LDeVincent@firsthome.com>\r\nSubject: EMPLOYMENT TERMINATED (Non-final VOE) [7040475848-01]\r\nImportance: High\r\n\r\n:::URGENT::: ATTENTION:::\r\n\r\nEdwina Rego IS NO LONGER EMPLOYED WITH Retina Consultants\r\n\r\nOUR SYSTEM OF RECORD REFLECTS THAT THIS WAS THE BORROWER'S CURRENT EMPLOYMENT AND AT THE TIME OF VERIFICATION IT WAS DISCOVERED THAT THE BORROWER HAS RECENTLY BEEN TERMINATED\r\n\r\n--This is an automated e-mail, and reply messages are not monitored. Please contact the VOE Specialist with any questions or concerns.\r\n\r\nSincerely,\r\nFirst Home Mortgage Verification Team\r\n6211 Greenleigh Avenue, Suite 300, Baltimore MD 21220  \r\n\r\n(For questions or concerns on the status of your VOE please check the VOE pipeline at http://aze-app-1v/voesystem/pipeline)\r\n\r\n\r\n\r\nCONFIDENTIALITY NOTICE\r\nThe information contained in this electronic message is confidential information intended for the use of the individual or entity named above. If the reader of this message is not the intended recipient, or an employee or agent responsible for delivering this electronic message to the intended recipient, you are hereby notified that any dissemination, or copying of this communication is strictly prohibited. If this message contains non-public personal information about any consumer or customer of the sender or intended recipient, you are further prohibited under penalty of law from using or disclosing the information to any third party by provisions of the federal Gramm-Leach-Bliley Act. If you have received this electronic message in error, please immediately notify us by return email destroy the original message to assure that it is not read, copied, or distributed by others.\r\n","IsBodyHTML":false,"CustomSendHeaders":{"X-Message-ID":"<c97a7669-69a0-4b04-aabd-db06bacd80d5@HQExc4V.firsthomemtg.com>"},"IsReadReceiptRequested":false,"ToRecipients":[{"__type":"FHMC.Graph.Email+MailRecipient, FHMC.Graph","EmailAddress":"HOxx@firsthome.com"},{"__type":"FHMC.Graph.Email+MailRecipient, FHMC.Graph","EmailAddress":"MNadeau@firsthome.com"},{"__type":"FHMC.Graph.Email+MailRecipient, FHMC.Graph","EmailAddress":"LSimone@firsthome.com"},{"__type":"FHMC.Graph.Email+MailRecipient, FHMC.Graph","EmailAddress":"LDeVincent@firsthome.com"}],"CcRecipients":[],"BccRecipients":[],"ReplyToList":[]} 
2026-05-27 17:22:07.8897 TRACE {"Id":null,"Subject":"REPLY ERROR - 7040475848-01 RE: EMPLOYMENT TERMINATED (Non-final VOE) [7040475848-01]","ReceivedDateTime":"0001-01-01T00:00:00","Attachments":[],"Body":"This order has been APPROVED and new emails are no longer monitored for this VOE.  \n\nCurrent Employment Status: Terminated\n\nPlease contact VOE@firsthome with the order number -found in the subject line of this email - in order to address your inquiry/concerns.\r\n\r\nSincerely,\r\nFirst Home Mortgage Verification Team\r\n6211 Greenleigh Avenue, Suite 300, Baltimore MD 21220  \r\n\r\n(For questions or concerns on the status of your VOE please check the VOE pipeline at http://aze-app-1v/voesystem/pipeline)\r\n\r\n\r\n\r\nCONFIDENTIALITY NOTICE\r\nThe information contained in this electronic message is confidential information intended for the use of the individual or entity named above. If the reader of this message is not the intended recipient, or an employee or agent responsible for delivering this electronic message to the intended recipient, you are hereby notified that any dissemination, or copying of this communication is strictly prohibited. If this message contains non-public personal information about any consumer or customer of the sender or intended recipient, you are further prohibited under penalty of law from using or disclosing the information to any third party by provisions of the federal Gramm-Leach-Bliley Act. If you have received this electronic message in error, please immediately notify us by return email destroy the original message to assure that it is not read, copied, or distributed by others.\r\n\r\n\n\n\n\r\n\r\nSincerely,\r\nFirst Home Mortgage Verification Team\r\n6211 Greenleigh Avenue, Suite 300, Baltimore MD 21220  \r\n\r\n(For questions or concerns on the status of your VOE please check the VOE pipeline at http://aze-app-1v/voesystem/pipeline)\n\n---------Original Message----------------------\nFrom: LDeVincent@firsthome.com\nSent: Wed, May 27, 2026 05:18 PM\nTo: VOE@firsthome.com, HOxx@firsthome.com, MNadeau@firsthome.com, LSimone@firsthome.com\nCc: \nSubject: RE: EMPLOYMENT TERMINATED (Non-final VOE) [7040475848-01]\n\nIn case anyone was worried she has a new job. She said she let someone know but had to create another portal and the information was not accurate.  \r\n\r\n\r\nOrdering VOE now and requested docs needed for file. \r\n\r\n\r\n\r\n\r\nLAURA DEVINCENT\r\nBranch Operational Manager\r\nCELL: 508.641.4809 | OFFICE: 508.915.6007 x2007\r\nWEBSITE: www.firsthome.com\r\n183 Central Ave., Seekonk, MA  02771 \r\nCONFIDENTIALITY NOTICE \r\nThe information contained in this electronic message is confidential information intended for the use of the individual or entity named above. If the reader of this message is not the intended recipient, or an employee or agent responsible for delivering this electronic message to the intended recipient, you are hereby notified that any dissemination, or copying of this communication is strictly prohibited. If this message contains non-public personal information about any consumer or customer of the sender or intended recipient, you are further prohibited under penalty of law from using or disclosing the information to any third party by provisions of the federal Gramm-Leach-Bliley Act. If you have received this electronic message in error, please immediately notify us by return email and destroy the original message to assure that it is not read, copied, or distributed by others.\r\n\r\n\r\n-----Original Message-----\r\nFrom: First Home VOE <VOE@firsthome.com> \r\nSent: Wednesday, May 27, 2026 3:01 PM\r\nTo: Harry Oxx <HOxx@firsthome.com>; Michael Nadeau <MNadeau@firsthome.com>; Lori Simone <LSimone@firsthome.com>; Laura DeVincent <LDeVincent@firsthome.com>\r\nSubject: EMPLOYMENT TERMINATED (Non-final VOE) [7040475848-01]\r\nImportance: High\r\n\r\n:::URGENT::: ATTENTION:::\r\n\r\nEdwina Rego IS NO LONGER EMPLOYED WITH Retina Consultants\r\n\r\nOUR SYSTEM OF RECORD REFLECTS THAT THIS WAS THE BORROWER'S CURRENT EMPLOYMENT AND AT THE TIME OF VERIFICATION IT WAS DISCOVERED THAT THE BORROWER HAS RECENTLY BEEN TERMINATED\r\n\r\n--This is an automated e-mail, and reply messages are not monitored. Please contact the VOE Specialist with any questions or concerns.\r\n\r\nSincerely,\r\nFirst Home Mortgage Verification Team\r\n6211 Greenleigh Avenue, Suite 300, Baltimore MD 21220  \r\n\r\n(For questions or concerns on the status of your VOE please check the VOE pipeline at http://aze-app-1v/voesystem/pipeline)\r\n\r\n\r\n\r\nCONFIDENTIALITY NOTICE\r\nThe information contained in this electronic message is confidential information intended for the use of the individual or entity named above. If the reader of this message is not the intended recipient, or an employee or agent responsible for delivering this electronic message to the intended recipient, you are hereby notified that any dissemination, or copying of this communication is strictly prohibited. If this message contains non-public personal information about any consumer or customer of the sender or intended recipient, you are further prohibited under penalty of law from using or disclosing the information to any third party by provisions of the federal Gramm-Leach-Bliley Act. If you have received this electronic message in error, please immediately notify us by return email destroy the original message to assure that it is not read, copied, or distributed by others.\r\n","IsBodyHTML":false,"BodyHTML":null,"SenderEmailAddress":null,"SenderEmailName":null,"RawReceiptHeaders":null,"CustomSendHeaders":{"X-Message-ID":"<c97a7669-69a0-4b04-aabd-db06bacd80d5@HQExc4V.firsthomemtg.com>"},"IsReadReceiptRequested":false,"Importance":null,"ToRecipients":[{"EmailAddress":"HOxx@firsthome.com"},{"EmailAddress":"MNadeau@firsthome.com"},{"EmailAddress":"LSimone@firsthome.com"},{"EmailAddress":"LDeVincent@firsthome.com"}],"CcRecipients":[],"BccRecipients":[],"ReplyToList":[]} 
2026-05-27 17:22:08.1037 INFO Sending MIME message for voe@firsthome.com: REPLY ERROR - 7040475848-01 RE: EMPLOYMENT TERMINATED (Non-final VOE) [7040475848-01] 
2026-05-27 17:22:08.4793 TRACE From: "voe@firsthome.com" <voe@firsthome.com>
Date: Wed, 27 May 2026 17:22:08 -0400
Subject: REPLY ERROR - 7040475848-01 RE: EMPLOYMENT TERMINATED (Non-final VOE)
 [7040475848-01]
Message-Id: <ZXUCMJ4LDTU4.NGGT3AWL9VQL3@aze-dev-1v>
To: "HOxx@firsthome.com" <HOxx@firsthome.com>, "MNadeau@firsthome.com"
	<MNadeau@firsthome.com>, "LSimone@firsthome.com" <LSimone@firsthome.com>,
 "LDeVincent@firsthome.com" <LDeVincent@firsthome.com>
X-Message-ID: <c97a7669-69a0-4b04-aabd-db06bacd80d5@HQExc4V.firsthomemtg.com>
MIME-Version: 1.0
Content-Type: multipart/alternative; boundary="=-zm/OSiLRPOLBM/cnlfknNw=="

--=-zm/OSiLRPOLBM/cnlfknNw==
Content-Type: text/plain; charset=utf-8

This order has been APPROVED and new emails are no longer monitored for this VOE.  

Current Employment Status: Terminated

Please contact VOE@firsthome with the order number -found in the subject line of this email - in order to address your inquiry/concerns.

Sincerely,
First Home Mortgage Verification Team
6211 Greenleigh Avenue, Suite 300, Baltimore MD 21220  

(For questions or concerns on the status of your VOE please check the VOE pipeline at http://aze-app-1v/voesystem/pipeline)



CONFIDENTIALITY NOTICE
The information contained in this electronic message is confidential information intended for the use of the individual or entity named above. If the reader of this message is not the intended recipient, or an employee or agent responsible for delivering this electronic message to the intended recipient, you are hereby notified that any dissemination, or copying of this communication is strictly prohibited. If this message contains non-public personal information about any consumer or customer of the sender or intended recipient, you are further prohibited under penalty of law from using or disclosing the information to any third party by provisions of the federal Gramm-Leach-Bliley Act. If you have received this electronic message in error, please immediately notify us by return email destroy the original message to assure that it is not read, copied, or distributed by others.






Sincerely,
First Home Mortgage Verification Team
6211 Greenleigh Avenue, Suite 300, Baltimore MD 21220  

(For questions or concerns on the status of your VOE please check the VOE pipeline at http://aze-app-1v/voesystem/pipeline)

---------Original Message----------------------
From: LDeVincent@firsthome.com
Sent: Wed, May 27, 2026 05:18 PM
To: VOE@firsthome.com, HOxx@firsthome.com, MNadeau@firsthome.com, LSimone@firsthome.com
Cc: 
Subject: RE: EMPLOYMENT TERMINATED (Non-final VOE) [7040475848-01]

In case anyone was worried she has a new job. She said she let someone know but had to create another portal and the information was not accurate.  


Ordering VOE now and requested docs needed for file. 




LAURA DEVINCENT
Branch Operational Manager
CELL: 508.641.4809 | OFFICE: 508.915.6007 x2007
WEBSITE: www.firsthome.com
183 Central Ave., Seekonk, MA  02771 
CONFIDENTIALITY NOTICEÂ 
The information contained in this electronic message is confidential information intended for the use of the individual or entity named above. If the reader of this message is not the intended recipient, or an employee or agent responsible for delivering this electronic message to the intended recipient, you are hereby notified that any dissemination, or copying of this communication is strictly prohibited. If this message contains non-public personal information about any consumer or customer of the sender or intended recipient, you are further prohibited under penalty of law from using or disclosing the information to any third party by provisions of the federal Gramm-Leach-Bliley Act. If you have received this electronic message in error, please immediately notify us by return email and destroy the original message to assure that it is not read, copied, or distributed by others.


-----Original Message-----
From: First Home VOE <VOE@firsthome.com> 
Sent: Wednesday, May 27, 2026 3:01 PM
To: Harry Oxx <HOxx@firsthome.com>; Michael Nadeau <MNadeau@firsthome.com>; Lori Simone <LSimone@firsthome.com>; Laura DeVincent <LDeVincent@firsthome.com>
Subject: EMPLOYMENT TERMINATED (Non-final VOE) [7040475848-01]
Importance: High

:::URGENT::: ATTENTION:::

Edwina Rego IS NO LONGER EMPLOYED WITH Retina Consultants

OUR SYSTEM OF RECORD REFLECTS THAT THIS WAS THE BORROWER'S CURRENT EMPLOYMENT AND AT THE TIME OF VERIFICATION IT WAS DISCOVERED THAT THE BORROWER HAS RECENTLY BEEN TERMINATED

--This is an automated e-mail, and reply messages are not monitored. Please contact the VOE Specialist with any questions or concerns.

Sincerely,
First Home Mortgage Verification Team
6211 Greenleigh Avenue, Suite 300, Baltimore MD 21220  

(For questions or concerns on the status of your VOE please check the VOE pipeline at http://aze-app-1v/voesystem/pipeline)



CONFIDENTIALITY NOTICE
The information contained in this electronic message is confidential information intended for the use of the individual or entity named above. If the reader of this message is not the intended recipient, or an employee or agent responsible for delivering this electronic message to the intended recipient, you are hereby notified that any dissemination, or copying of this communication is strictly prohibited. If this message contains non-public personal information about any consumer or customer of the sender or intended recipient, you are further prohibited under penalty of law from using or disclosing the information to any third party by provisions of the federal Gramm-Leach-Bliley Act. If you have received this electronic message in error, please immediately notify us by return email destroy the original message to assure that it is not read, copied, or distributed by others.

--=-zm/OSiLRPOLBM/cnlfknNw==--
 
2026-05-27 17:22:08.7565 INFO Email Sent - Subject: REPLY ERROR - 7040475848-01 RE: EMPLOYMENT TERMINATED (Non-final VOE) [7040475848-01] 
2026-05-27 17:22:08.7905 INFO Email Notification Sent: REPLY ERROR - 7040475848-01 RE: EMPLOYMENT TERMINATED (Non-final VOE) [7040475848-01] 
2026-05-27 17:22:08.8254 INFO This order has been APPROVED and new emails are no longer monitored for this VOE.  

Current Employment Status: Terminated

Please contact VOE@firsthome with the order number -found in the subject line of this email - in order to address your inquiry/concerns.

Sincerely,
First Home Mortgage Verification Team
6211 Greenleigh Avenue, Suite 300, Baltimore MD 21220  

(For questions or concerns on the status of your VOE please check the VOE pipeline at http://aze-app-1v/voesystem/pipeline)



CONFIDENTIALITY NOTICE
The information contained in this electronic message is confidential information intended for the use of the individual or entity named above. If the reader of this message is not the intended recipient, or an employee or agent responsible for delivering this electronic message to the intended recipient, you are hereby notified that any dissemination, or copying of this communication is strictly prohibited. If this message contains non-public personal information about any consumer or customer of the sender or intended recipient, you are further prohibited under penalty of law from using or disclosing the information to any third party by provisions of the federal Gramm-Leach-Bliley Act. If you have received this electronic message in error, please immediately notify us by return email destroy the original message to assure that it is not read, copied, or distributed by others.






Sincerely,
First Home Mortgage Verification Team
6211 Greenleigh Avenue, Suite 300, Baltimore MD 21220  

(For questions or concerns on the status of your VOE please check the VOE pipeline at http://aze-app-1v/voesystem/pipeline)

---------Original Message----------------------
From: LDeVincent@firsthome.com
Sent: Wed, May 27, 2026 05:18 PM
To: VOE@firsthome.com, HOxx@firsthome.com, MNadeau@firsthome.com, LSimone@firsthome.com
Cc: 
Subject: RE: EMPLOYMENT TERMINATED (Non-final VOE) [7040475848-01]

In case anyone was worried she has a new job. She said she let someone know but had to create another portal and the information was not accurate.  


Ordering VOE now and requested docs needed for file. 




LAURA DEVINCENT
Branch Operational Manager
CELL: 508.641.4809 | OFFICE: 508.915.6007 x2007
WEBSITE: www.firsthome.com
183 Central Ave., Seekonk, MA  02771 
CONFIDENTIALITY NOTICE 
The information contained in this electronic message is confidential information intended for the use of the individual or entity named above. If the reader of this message is not the intended recipient, or an employee or agent responsible for delivering this electronic message to the intended recipient, you are hereby notified that any dissemination, or copying of this communication is strictly prohibited. If this message contains non-public personal information about any consumer or customer of the sender or intended recipient, you are further prohibited under penalty of law from using or disclosing the information to any third party by provisions of the federal Gramm-Leach-Bliley Act. If you have received this electronic message in error, please immediately notify us by return email and destroy the original message to assure that it is not read, copied, or distributed by others.


-----Original Message-----
From: First Home VOE <VOE@firsthome.com> 
Sent: Wednesday, May 27, 2026 3:01 PM
To: Harry Oxx <HOxx@firsthome.com>; Michael Nadeau <MNadeau@firsthome.com>; Lori Simone <LSimone@firsthome.com>; Laura DeVincent <LDeVincent@firsthome.com>
Subject: EMPLOYMENT TERMINATED (Non-final VOE) [7040475848-01]
Importance: High

:::URGENT::: ATTENTION:::

Edwina Rego IS NO LONGER EMPLOYED WITH Retina Consultants

OUR SYSTEM OF RECORD REFLECTS THAT THIS WAS THE BORROWER'S CURRENT EMPLOYMENT AND AT THE TIME OF VERIFICATION IT WAS DISCOVERED THAT THE BORROWER HAS RECENTLY BEEN TERMINATED

--This is an automated e-mail, and reply messages are not monitored. Please contact the VOE Specialist with any questions or concerns.

Sincerely,
First Home Mortgage Verification Team
6211 Greenleigh Avenue, Suite 300, Baltimore MD 21220  

(For questions or concerns on the status of your VOE please check the VOE pipeline at http://aze-app-1v/voesystem/pipeline)



CONFIDENTIALITY NOTICE
The information contained in this electronic message is confidential information intended for the use of the individual or entity named above. If the reader of this message is not the intended recipient, or an employee or agent responsible for delivering this electronic message to the intended recipient, you are hereby notified that any dissemination, or copying of this communication is strictly prohibited. If this message contains non-public personal information about any consumer or customer of the sender or intended recipient, you are further prohibited under penalty of law from using or disclosing the information to any third party by provisions of the federal Gramm-Leach-Bliley Act. If you have received this electronic message in error, please immediately notify us by return email destroy the original message to assure that it is not read, copied, or distributed by others.
 
2026-05-27 17:22:08.8709 INFO Email Logged: REPLY ERROR - 7040475848-01 RE: EMPLOYMENT TERMINATED (Non-final VOE) [7040475848-01] 
2026-05-27 17:22:08.9164 INFO Email Logged to Database: AAkALgAAAAAAHYQDEapmEc2byACqAC-EWg0A-XGp6OdBg0CxQrF5bBnBPAAHIkGVTwAA RE: EMPLOYMENT TERMINATED (Non-final VOE) [7040475848-01] 5:18 PM 
2026-05-27 17:22:08.9554 INFO Getting message voe@firsthome.com: AAkALgAAAAAAHYQDEapmEc2byACqAC-EWg0A-XGp6OdBg0CxQrF5bBnBPAAHIkGVSwAA 
2026-05-27 17:22:09.0944 INFO Getting message HTML voe@firsthome.com: AAkALgAAAAAAHYQDEapmEc2byACqAC-EWg0A-XGp6OdBg0CxQrF5bBnBPAAHIkGVSwAA 
2026-05-27 17:22:09.1254 INFO Getting message voe@firsthome.com: AAkALgAAAAAAHYQDEapmEc2byACqAC-EWg0A-XGp6OdBg0CxQrF5bBnBPAAHIkGVSwAA 
2026-05-27 17:22:09.4360 INFO Email Logged: Re: Verification of Employment Request Nishani Kuruppu [1014525354-01] 
2026-05-27 17:22:09.4800 INFO Email Logged to Database: AAkALgAAAAAAHYQDEapmEc2byACqAC-EWg0A-XGp6OdBg0CxQrF5bBnBPAAHIkGVSwAA Re: Verification of Employment Request Nishani Kuruppu [1014525354-01] 5:09 PM 
2026-05-27 17:22:09.5080 INFO Getting message voe@firsthome.com: AAkALgAAAAAAHYQDEapmEc2byACqAC-EWg0A-XGp6OdBg0CxQrF5bBnBPAAHIkGVPgAA 
2026-05-27 17:22:09.9141 INFO Getting message HTML voe@firsthome.com: AAkALgAAAAAAHYQDEapmEc2byACqAC-EWg0A-XGp6OdBg0CxQrF5bBnBPAAHIkGVPgAA 
2026-05-27 17:22:09.9431 INFO Getting message voe@firsthome.com: AAkALgAAAAAAHYQDEapmEc2byACqAC-EWg0A-XGp6OdBg0CxQrF5bBnBPAAHIkGVPgAA 
2026-05-27 17:22:10.6498 ERROR Error Uploading File 1014525354;C:\Temp\VOERepository\Documents\Upload\20260527172210648_1014525354_20260518101612831-1014525354-Nishani Kuruppu-BCA.pdf;20260518101612831_1014525354_Nishani Kuruppu-BCA.pdf 
2026-05-27 17:22:10.7068 ERROR System.IO.DirectoryNotFoundException: Could not find a part of the path 'C:\Temp\VOERepository\Documents\Upload\20260527172210648_1014525354_20260518101612831-1014525354-Nishani Kuruppu-BCA.pdf'.
   at System.IO.__Error.WinIOError(Int32 errorCode, String maybeFullPath)
   at System.IO.FileStream.Init(String path, FileMode mode, FileAccess access, Int32 rights, Boolean useRights, FileShare share, Int32 bufferSize, FileOptions options, SECURITY_ATTRIBUTES secAttrs, String msgPath, Boolean bFromProxy, Boolean useLongPath, Boolean checkHost)
   at System.IO.FileStream..ctor(String path, FileMode mode, FileAccess access, FileShare share, Int32 bufferSize, FileOptions options, String msgPath, Boolean bFromProxy, Boolean useLongPath, Boolean checkHost)
   at System.IO.StreamWriter.CreateFile(String path, Boolean append, Boolean checkHost)
   at System.IO.StreamWriter..ctor(String path, Boolean append, Encoding encoding, Int32 bufferSize, Boolean checkHost)
   at System.IO.StreamWriter..ctor(String path, Boolean append)
   at ServiceStack.ServiceHost.FileExtensions.SaveTo(IFile file, String filePath)
   at VOESystem.Data.Business.DocumentOps.uploadFile(IDbConnection dbConn, IFile file, String userName, Nullable`1 OrderRequestId, Nullable`1 EmployerId, DocumentType doctype, Boolean UploadToEncompass, String LoanNumber, String filePathName, Nullable`1 DocumentContentTypeId, String baseUrl) in C:\Data\FirstMortgage\BitBucket\voesystem\VOEFrontend\VOESystem.Data\Business\DocumentOps.cs:line 265 System.IO.DirectoryNotFoundException: Could not find a part of the path 'C:\Temp\VOERepository\Documents\Upload\20260527172210648_1014525354_20260518101612831-1014525354-Nishani Kuruppu-BCA.pdf'.
   at System.IO.__Error.WinIOError(Int32 errorCode, String maybeFullPath)
   at System.IO.FileStream.Init(String path, FileMode mode, FileAccess access, Int32 rights, Boolean useRights, FileShare share, Int32 bufferSize, FileOptions options, SECURITY_ATTRIBUTES secAttrs, String msgPath, Boolean bFromProxy, Boolean useLongPath, Boolean checkHost)
   at System.IO.FileStream..ctor(String path, FileMode mode, FileAccess access, FileShare share, Int32 bufferSize, FileOptions options, String msgPath, Boolean bFromProxy, Boolean useLongPath, Boolean checkHost)
   at System.IO.StreamWriter.CreateFile(String path, Boolean append, Boolean checkHost)
   at System.IO.StreamWriter..ctor(String path, Boolean append, Encoding encoding, Int32 bufferSize, Boolean checkHost)
   at System.IO.StreamWriter..ctor(String path, Boolean append)
   at ServiceStack.ServiceHost.FileExtensions.SaveTo(IFile file, String filePath)
   at VOESystem.Data.Business.DocumentOps.uploadFile(IDbConnection dbConn, IFile file, String userName, Nullable`1 OrderRequestId, Nullable`1 EmployerId, DocumentType doctype, Boolean UploadToEncompass, String LoanNumber, String filePathName, Nullable`1 DocumentContentTypeId, String baseUrl) in C:\Data\FirstMortgage\BitBucket\voesystem\VOEFrontend\VOESystem.Data\Business\DocumentOps.cs:line 265
2026-05-27 17:22:10.7724 ERROR Error Uploading Attachment to VOE System: C:\Temp\MailAttachments\AAkALgAAAAAAHYQDEapmEc2byACqACEWg0AXGp6OdBg0CxQrF5bBnBPAAHIkGVPgAA202605181016128311014525354Nishani KuruppuBCApdf 
2026-05-27 17:22:10.8048 ERROR System.Exception: Exception of type 'System.Exception' was thrown. System.Exception: Exception of type 'System.Exception' was thrown.
2026-05-27 17:22:10.8648 ERROR Error Uploading File 1014525354;C:\Temp\VOERepository\Documents\Upload\20260527172210864_1014525354_ELMAVOERequest-1014525354-01-20260526104919819.pdf;ELMAVOERequest_1014525354-01_20260526104919819.pdf 
2026-05-27 17:22:10.8968 ERROR System.IO.DirectoryNotFoundException: Could not find a part of the path 'C:\Temp\VOERepository\Documents\Upload\20260527172210864_1014525354_ELMAVOERequest-1014525354-01-20260526104919819.pdf'.
   at System.IO.__Error.WinIOError(Int32 errorCode, String maybeFullPath)
   at System.IO.FileStream.Init(String path, FileMode mode, FileAccess access, Int32 rights, Boolean useRights, FileShare share, Int32 bufferSize, FileOptions options, SECURITY_ATTRIBUTES secAttrs, String msgPath, Boolean bFromProxy, Boolean useLongPath, Boolean checkHost)
   at System.IO.FileStream..ctor(String path, FileMode mode, FileAccess access, FileShare share, Int32 bufferSize, FileOptions options, String msgPath, Boolean bFromProxy, Boolean useLongPath, Boolean checkHost)
   at System.IO.StreamWriter.CreateFile(String path, Boolean append, Boolean checkHost)
   at System.IO.StreamWriter..ctor(String path, Boolean append, Encoding encoding, Int32 bufferSize, Boolean checkHost)
   at System.IO.StreamWriter..ctor(String path, Boolean append)
   at ServiceStack.ServiceHost.FileExtensions.SaveTo(IFile file, String filePath)
   at VOESystem.Data.Business.DocumentOps.uploadFile(IDbConnection dbConn, IFile file, String userName, Nullable`1 OrderRequestId, Nullable`1 EmployerId, DocumentType doctype, Boolean UploadToEncompass, String LoanNumber, String filePathName, Nullable`1 DocumentContentTypeId, String baseUrl) in C:\Data\FirstMortgage\BitBucket\voesystem\VOEFrontend\VOESystem.Data\Business\DocumentOps.cs:line 265 System.IO.DirectoryNotFoundException: Could not find a part of the path 'C:\Temp\VOERepository\Documents\Upload\20260527172210864_1014525354_ELMAVOERequest-1014525354-01-20260526104919819.pdf'.
   at System.IO.__Error.WinIOError(Int32 errorCode, String maybeFullPath)
   at System.IO.FileStream.Init(String path, FileMode mode, FileAccess access, Int32 rights, Boolean useRights, FileShare share, Int32 bufferSize, FileOptions options, SECURITY_ATTRIBUTES secAttrs, String msgPath, Boolean bFromProxy, Boolean useLongPath, Boolean checkHost)
   at System.IO.FileStream..ctor(String path, FileMode mode, FileAccess access, FileShare share, Int32 bufferSize, FileOptions options, String msgPath, Boolean bFromProxy, Boolean useLongPath, Boolean checkHost)
   at System.IO.StreamWriter.CreateFile(String path, Boolean append, Boolean checkHost)
   at System.IO.StreamWriter..ctor(String path, Boolean append, Encoding encoding, Int32 bufferSize, Boolean checkHost)
   at System.IO.StreamWriter..ctor(String path, Boolean append)
   at ServiceStack.ServiceHost.FileExtensions.SaveTo(IFile file, String filePath)
   at VOESystem.Data.Business.DocumentOps.uploadFile(IDbConnection dbConn, IFile file, String userName, Nullable`1 OrderRequestId, Nullable`1 EmployerId, DocumentType doctype, Boolean UploadToEncompass, String LoanNumber, String filePathName, Nullable`1 DocumentContentTypeId, String baseUrl) in C:\Data\FirstMortgage\BitBucket\voesystem\VOEFrontend\VOESystem.Data\Business\DocumentOps.cs:line 265
2026-05-27 17:22:10.9248 ERROR Error Uploading Attachment to VOE System: C:\Temp\MailAttachments\AAkALgAAAAAAHYQDEapmEc2byACqACEWg0AXGp6OdBg0CxQrF5bBnBPAAHIkGVPgAAELMAVOERequest10145253540120260526104919819pdf 
2026-05-27 17:22:10.9498 ERROR System.Exception: Exception of type 'System.Exception' was thrown. System.Exception: Exception of type 'System.Exception' was thrown.
2026-05-27 17:22:11.0068 ERROR Error Uploading File 1014525354;C:\Temp\VOERepository\Documents\Upload\20260527172211006_1014525354_DSWrittenVOEFaxCover-1014525354-01-20260526104919944.pdf;DSWrittenVOEFaxCover_1014525354-01_20260526104919944.pdf 
2026-05-27 17:22:11.0408 ERROR System.IO.DirectoryNotFoundException: Could not find a part of the path 'C:\Temp\VOERepository\Documents\Upload\20260527172211006_1014525354_DSWrittenVOEFaxCover-1014525354-01-20260526104919944.pdf'.
   at System.IO.__Error.WinIOError(Int32 errorCode, String maybeFullPath)
   at System.IO.FileStream.Init(String path, FileMode mode, FileAccess access, Int32 rights, Boolean useRights, FileShare share, Int32 bufferSize, FileOptions options, SECURITY_ATTRIBUTES secAttrs, String msgPath, Boolean bFromProxy, Boolean useLongPath, Boolean checkHost)
   at System.IO.FileStream..ctor(String path, FileMode mode, FileAccess access, FileShare share, Int32 bufferSize, FileOptions options, String msgPath, Boolean bFromProxy, Boolean useLongPath, Boolean checkHost)
   at System.IO.StreamWriter.CreateFile(String path, Boolean append, Boolean checkHost)
   at System.IO.StreamWriter..ctor(String path, Boolean append, Encoding encoding, Int32 bufferSize, Boolean checkHost)
   at System.IO.StreamWriter..ctor(String path, Boolean append)
   at ServiceStack.ServiceHost.FileExtensions.SaveTo(IFile file, String filePath)
   at VOESystem.Data.Business.DocumentOps.uploadFile(IDbConnection dbConn, IFile file, String userName, Nullable`1 OrderRequestId, Nullable`1 EmployerId, DocumentType doctype, Boolean UploadToEncompass, String LoanNumber, String filePathName, Nullable`1 DocumentContentTypeId, String baseUrl) in C:\Data\FirstMortgage\BitBucket\voesystem\VOEFrontend\VOESystem.Data\Business\DocumentOps.cs:line 265 System.IO.DirectoryNotFoundException: Could not find a part of the path 'C:\Temp\VOERepository\Documents\Upload\20260527172211006_1014525354_DSWrittenVOEFaxCover-1014525354-01-20260526104919944.pdf'.
   at System.IO.__Error.WinIOError(Int32 errorCode, String maybeFullPath)
   at System.IO.FileStream.Init(String path, FileMode mode, FileAccess access, Int32 rights, Boolean useRights, FileShare share, Int32 bufferSize, FileOptions options, SECURITY_ATTRIBUTES secAttrs, String msgPath, Boolean bFromProxy, Boolean useLongPath, Boolean checkHost)
   at System.IO.FileStream..ctor(String path, FileMode mode, FileAccess access, FileShare share, Int32 bufferSize, FileOptions options, String msgPath, Boolean bFromProxy, Boolean useLongPath, Boolean checkHost)
   at System.IO.StreamWriter.CreateFile(String path, Boolean append, Boolean checkHost)
   at System.IO.StreamWriter..ctor(String path, Boolean append, Encoding encoding, Int32 bufferSize, Boolean checkHost)
   at System.IO.StreamWriter..ctor(String path, Boolean append)
   at ServiceStack.ServiceHost.FileExtensions.SaveTo(IFile file, String filePath)
   at VOESystem.Data.Business.DocumentOps.uploadFile(IDbConnection dbConn, IFile file, String userName, Nullable`1 OrderRequestId, Nullable`1 EmployerId, DocumentType doctype, Boolean UploadToEncompass, String LoanNumber, String filePathName, Nullable`1 DocumentContentTypeId, String baseUrl) in C:\Data\FirstMortgage\BitBucket\voesystem\VOEFrontend\VOESystem.Data\Business\DocumentOps.cs:line 265
2026-05-27 17:22:11.0678 ERROR Error Uploading Attachment to VOE System: C:\Temp\MailAttachments\AAkALgAAAAAAHYQDEapmEc2byACqACEWg0AXGp6OdBg0CxQrF5bBnBPAAHIkGVPgAADSWrittenVOEFaxCover10145253540120260526104919944pdf 
2026-05-27 17:22:11.0948 ERROR System.Exception: Exception of type 'System.Exception' was thrown. System.Exception: Exception of type 'System.Exception' was thrown.
2026-05-27 17:22:11.1498 ERROR Error Uploading File 1014525354;C:\Temp\VOERepository\Documents\Upload\20260527172211148_1014525354_Summary.pdf;Summary.pdf 
2026-05-27 17:22:11.1758 ERROR System.IO.DirectoryNotFoundException: Could not find a part of the path 'C:\Temp\VOERepository\Documents\Upload\20260527172211148_1014525354_Summary.pdf'.
   at System.IO.__Error.WinIOError(Int32 errorCode, String maybeFullPath)
   at System.IO.FileStream.Init(String path, FileMode mode, FileAccess access, Int32 rights, Boolean useRights, FileShare share, Int32 bufferSize, FileOptions options, SECURITY_ATTRIBUTES secAttrs, String msgPath, Boolean bFromProxy, Boolean useLongPath, Boolean checkHost)
   at System.IO.FileStream..ctor(String path, FileMode mode, FileAccess access, FileShare share, Int32 bufferSize, FileOptions options, String msgPath, Boolean bFromProxy, Boolean useLongPath, Boolean checkHost)
   at System.IO.StreamWriter.CreateFile(String path, Boolean append, Boolean checkHost)
   at System.IO.StreamWriter..ctor(String path, Boolean append, Encoding encoding, Int32 bufferSize, Boolean checkHost)
   at System.IO.StreamWriter..ctor(String path, Boolean append)
   at ServiceStack.ServiceHost.FileExtensions.SaveTo(IFile file, String filePath)
   at VOESystem.Data.Business.DocumentOps.uploadFile(IDbConnection dbConn, IFile file, String userName, Nullable`1 OrderRequestId, Nullable`1 EmployerId, DocumentType doctype, Boolean UploadToEncompass, String LoanNumber, String filePathName, Nullable`1 DocumentContentTypeId, String baseUrl) in C:\Data\FirstMortgage\BitBucket\voesystem\VOEFrontend\VOESystem.Data\Business\DocumentOps.cs:line 265 System.IO.DirectoryNotFoundException: Could not find a part of the path 'C:\Temp\VOERepository\Documents\Upload\20260527172211148_1014525354_Summary.pdf'.
   at System.IO.__Error.WinIOError(Int32 errorCode, String maybeFullPath)
   at System.IO.FileStream.Init(String path, FileMode mode, FileAccess access, Int32 rights, Boolean useRights, FileShare share, Int32 bufferSize, FileOptions options, SECURITY_ATTRIBUTES secAttrs, String msgPath, Boolean bFromProxy, Boolean useLongPath, Boolean checkHost)
   at System.IO.FileStream..ctor(String path, FileMode mode, FileAccess access, FileShare share, Int32 bufferSize, FileOptions options, String msgPath, Boolean bFromProxy, Boolean useLongPath, Boolean checkHost)
   at System.IO.StreamWriter.CreateFile(String path, Boolean append, Boolean checkHost)
   at System.IO.StreamWriter..ctor(String path, Boolean append, Encoding encoding, Int32 bufferSize, Boolean checkHost)
   at System.IO.StreamWriter..ctor(String path, Boolean append)
   at ServiceStack.ServiceHost.FileExtensions.SaveTo(IFile file, String filePath)
   at VOESystem.Data.Business.DocumentOps.uploadFile(IDbConnection dbConn, IFile file, String userName, Nullable`1 OrderRequestId, Nullable`1 EmployerId, DocumentType doctype, Boolean UploadToEncompass, String LoanNumber, String filePathName, Nullable`1 DocumentContentTypeId, String baseUrl) in C:\Data\FirstMortgage\BitBucket\voesystem\VOEFrontend\VOESystem.Data\Business\DocumentOps.cs:line 265
2026-05-27 17:22:11.2014 ERROR Error Uploading Attachment to VOE System: C:\Temp\MailAttachments\AAkALgAAAAAAHYQDEapmEc2byACqACEWg0AXGp6OdBg0CxQrF5bBnBPAAHIkGVPgAASummarypdf 
2026-05-27 17:22:11.2274 ERROR System.Exception: Exception of type 'System.Exception' was thrown. System.Exception: Exception of type 'System.Exception' was thrown.
2026-05-27 17:22:11.2694 INFO Email Logged: Completed: Verification of Employment Request Nishani Kuruppu [1014525354-01] 
2026-05-27 17:22:11.3004 INFO Email Logged to Database: AAkALgAAAAAAHYQDEapmEc2byACqAC-EWg0A-XGp6OdBg0CxQrF5bBnBPAAHIkGVPgAA Completed: Verification of Employment Request Nishani Kuruppu [1014525354-01] 5:06 PM 
2026-05-27 17:22:11.3314 INFO Getting message voe@firsthome.com: AAkALgAAAAAAHYQDEapmEc2byACqAC-EWg0A-XGp6OdBg0CxQrF5bBnBPAAHIkGVOAAA 
2026-05-27 17:22:11.4894 INFO Getting message HTML voe@firsthome.com: AAkALgAAAAAAHYQDEapmEc2byACqAC-EWg0A-XGp6OdBg0CxQrF5bBnBPAAHIkGVOAAA 
2026-05-27 17:22:11.5217 INFO Getting message voe@firsthome.com: AAkALgAAAAAAHYQDEapmEc2byACqAC-EWg0A-XGp6OdBg0CxQrF5bBnBPAAHIkGVOAAA 
2026-05-27 17:22:11.8200 INFO Email Logged: Undeliverable: Verification of Employment Request James D. DePhillip II [1083517368-06] 
2026-05-27 17:22:11.8550 INFO Email Logged to Database: AAkALgAAAAAAHYQDEapmEc2byACqAC-EWg0A-XGp6OdBg0CxQrF5bBnBPAAHIkGVOAAA Undeliverable: Verification of Employment Request James D. DePhillip II [1083517368-06] 5:06 PM 
2026-05-27 17:22:11.8840 INFO Getting message voe@firsthome.com: AAkALgAAAAAAHYQDEapmEc2byACqAC-EWg0A-XGp6OdBg0CxQrF5bBnBPAAHIkGVJwAA 
2026-05-27 17:22:12.0400 INFO Getting message HTML voe@firsthome.com: AAkALgAAAAAAHYQDEapmEc2byACqAC-EWg0A-XGp6OdBg0CxQrF5bBnBPAAHIkGVJwAA 
2026-05-27 17:22:12.0920 INFO Getting message voe@firsthome.com: AAkALgAAAAAAHYQDEapmEc2byACqAC-EWg0A-XGp6OdBg0CxQrF5bBnBPAAHIkGVJwAA 
2026-05-27 17:22:13.0602 ERROR Error Uploading File 1031517356;C:\Temp\VOERepository\Documents\Upload\20260527172213059_1031517356_Xerox Scan-05272026170742.pdf;Xerox Scan_05272026170742.pdf 
2026-05-27 17:22:13.0982 ERROR System.IO.DirectoryNotFoundException: Could not find a part of the path 'C:\Temp\VOERepository\Documents\Upload\20260527172213059_1031517356_Xerox Scan-05272026170742.pdf'.
   at System.IO.__Error.WinIOError(Int32 errorCode, String maybeFullPath)
   at System.IO.FileStream.Init(String path, FileMode mode, FileAccess access, Int32 rights, Boolean useRights, FileShare share, Int32 bufferSize, FileOptions options, SECURITY_ATTRIBUTES secAttrs, String msgPath, Boolean bFromProxy, Boolean useLongPath, Boolean checkHost)
   at System.IO.FileStream..ctor(String path, FileMode mode, FileAccess access, FileShare share, Int32 bufferSize, FileOptions options, String msgPath, Boolean bFromProxy, Boolean useLongPath, Boolean checkHost)
   at System.IO.StreamWriter.CreateFile(String path, Boolean append, Boolean checkHost)
   at System.IO.StreamWriter..ctor(String path, Boolean append, Encoding encoding, Int32 bufferSize, Boolean checkHost)
   at System.IO.StreamWriter..ctor(String path, Boolean append)
   at ServiceStack.ServiceHost.FileExtensions.SaveTo(IFile file, String filePath)
   at VOESystem.Data.Business.DocumentOps.uploadFile(IDbConnection dbConn, IFile file, String userName, Nullable`1 OrderRequestId, Nullable`1 EmployerId, DocumentType doctype, Boolean UploadToEncompass, String LoanNumber, String filePathName, Nullable`1 DocumentContentTypeId, String baseUrl) in C:\Data\FirstMortgage\BitBucket\voesystem\VOEFrontend\VOESystem.Data\Business\DocumentOps.cs:line 265 System.IO.DirectoryNotFoundException: Could not find a part of the path 'C:\Temp\VOERepository\Documents\Upload\20260527172213059_1031517356_Xerox Scan-05272026170742.pdf'.
   at System.IO.__Error.WinIOError(Int32 errorCode, String maybeFullPath)
   at System.IO.FileStream.Init(String path, FileMode mode, FileAccess access, Int32 rights, Boolean useRights, FileShare share, Int32 bufferSize, FileOptions options, SECURITY_ATTRIBUTES secAttrs, String msgPath, Boolean bFromProxy, Boolean useLongPath, Boolean checkHost)
   at System.IO.FileStream..ctor(String path, FileMode mode, FileAccess access, FileShare share, Int32 bufferSize, FileOptions options, String msgPath, Boolean bFromProxy, Boolean useLongPath, Boolean checkHost)
   at System.IO.StreamWriter.CreateFile(String path, Boolean append, Boolean checkHost)
   at System.IO.StreamWriter..ctor(String path, Boolean append, Encoding encoding, Int32 bufferSize, Boolean checkHost)
   at System.IO.StreamWriter..ctor(String path, Boolean append)
   at ServiceStack.ServiceHost.FileExtensions.SaveTo(IFile file, String filePath)
   at VOESystem.Data.Business.DocumentOps.uploadFile(IDbConnection dbConn, IFile file, String userName, Nullable`1 OrderRequestId, Nullable`1 EmployerId, DocumentType doctype, Boolean UploadToEncompass, String LoanNumber, String filePathName, Nullable`1 DocumentContentTypeId, String baseUrl) in C:\Data\FirstMortgage\BitBucket\voesystem\VOEFrontend\VOESystem.Data\Business\DocumentOps.cs:line 265
2026-05-27 17:22:13.1282 ERROR Error Uploading Attachment to VOE System: C:\Temp\MailAttachments\AAkALgAAAAAAHYQDEapmEc2byACqACEWg0AXGp6OdBg0CxQrF5bBnBPAAHIkGVJwAAXerox Scan05272026170742pdf 
2026-05-27 17:22:13.1602 ERROR System.Exception: Exception of type 'System.Exception' was thrown. System.Exception: Exception of type 'System.Exception' was thrown.
2026-05-27 17:22:13.2073 INFO Email Logged: RE: Verification of Employment Request Harold C Brown [1031517356-01] 
2026-05-27 17:22:13.2443 INFO Email Logged to Database: AAkALgAAAAAAHYQDEapmEc2byACqAC-EWg0A-XGp6OdBg0CxQrF5bBnBPAAHIkGVJwAA RE: Verification of Employment Request Harold C Brown [1031517356-01] 5:03 PM 
2026-05-27 17:22:13.2703 INFO Getting message voe@firsthome.com: AAkALgAAAAAAHYQDEapmEc2byACqAC-EWg0A-XGp6OdBg0CxQrF5bBnBPAAHIkGVJAAA 
2026-05-27 17:22:13.4103 INFO Getting message HTML voe@firsthome.com: AAkALgAAAAAAHYQDEapmEc2byACqAC-EWg0A-XGp6OdBg0CxQrF5bBnBPAAHIkGVJAAA 
2026-05-27 17:22:13.4397 INFO Getting message voe@firsthome.com: AAkALgAAAAAAHYQDEapmEc2byACqAC-EWg0A-XGp6OdBg0CxQrF5bBnBPAAHIkGVJAAA 
2026-05-27 17:22:13.7228 INFO Email Logged: Read: Verification of Employment Request Harold C Brown [1031517356-01] 
2026-05-27 17:22:13.7618 INFO Email Logged to Database: AAkALgAAAAAAHYQDEapmEc2byACqAC-EWg0A-XGp6OdBg0CxQrF5bBnBPAAHIkGVJAAA Read: Verification of Employment Request Harold C Brown [1031517356-01] 5:03 PM 
2026-05-27 18:54:51.3707 INFO Getting messages for folder voe@firsthome.com: Inbox 
2026-05-27 18:54:53.5534 INFO Getting message voe@firsthome.com: AAkALgAAAAAAHYQDEapmEc2byACqAC-EWg0A-XGp6OdBg0CxQrF5bBnBPAAHIkGW_gAA 
2026-05-27 18:54:53.7649 INFO Getting message HTML voe@firsthome.com: AAkALgAAAAAAHYQDEapmEc2byACqAC-EWg0A-XGp6OdBg0CxQrF5bBnBPAAHIkGW_gAA 
2026-05-27 18:54:53.7925 INFO Getting message voe@firsthome.com: AAkALgAAAAAAHYQDEapmEc2byACqAC-EWg0A-XGp6OdBg0CxQrF5bBnBPAAHIkGW_gAA 
2026-05-27 18:54:55.4975 INFO Email Logged: Re: MyBiz Verification of Employment and Income [1017520067-01] 
2026-05-27 18:54:55.5599 INFO Email Logged to Database: AAkALgAAAAAAHYQDEapmEc2byACqAC-EWg0A-XGp6OdBg0CxQrF5bBnBPAAHIkGW_gAA Re: MyBiz Verification of Employment and Income [1017520067-01] 6:49 PM 
2026-05-27 18:54:55.5865 INFO Getting message voe@firsthome.com: AAkALgAAAAAAHYQDEapmEc2byACqAC-EWg0A-XGp6OdBg0CxQrF5bBnBPAAHIkGW9QAA 
2026-05-27 18:54:55.7340 INFO Getting message HTML voe@firsthome.com: AAkALgAAAAAAHYQDEapmEc2byACqAC-EWg0A-XGp6OdBg0CxQrF5bBnBPAAHIkGW9QAA 
2026-05-27 18:54:55.7626 INFO Getting message voe@firsthome.com: AAkALgAAAAAAHYQDEapmEc2byACqAC-EWg0A-XGp6OdBg0CxQrF5bBnBPAAHIkGW9QAA 
2026-05-27 18:54:56.1026 INFO Email Not Matched: AAkALgAAAAAAHYQDEapmEc2byACqAC-EWg0A-XGp6OdBg0CxQrF5bBnBPAAHIkGW9QAA Employment Verification for Jeremy S Smith 6:47 PM 
2026-05-27 18:54:56.1476 INFO Getting message voe@firsthome.com: AAkALgAAAAAAHYQDEapmEc2byACqAC-EWg0A-XGp6OdBg0CxQrF5bBnBPAAHIkGW7wAA 
2026-05-27 18:54:56.2921 INFO Getting message HTML voe@firsthome.com: AAkALgAAAAAAHYQDEapmEc2byACqAC-EWg0A-XGp6OdBg0CxQrF5bBnBPAAHIkGW7wAA 
2026-05-27 18:54:56.3268 INFO Getting message voe@firsthome.com: AAkALgAAAAAAHYQDEapmEc2byACqAC-EWg0A-XGp6OdBg0CxQrF5bBnBPAAHIkGW7wAA 
2026-05-27 18:55:03.9716 INFO Email Logged: Patrick A Little, First Home Mortgage would like to verify your income and employment 
2026-05-27 18:55:04.0136 INFO Email Logged to Database: AAkALgAAAAAAHYQDEapmEc2byACqAC-EWg0A-XGp6OdBg0CxQrF5bBnBPAAHIkGW7wAA Patrick A Little, First Home Mortgage would like to verify your income and employment 6:30 PM 
2026-05-27 18:55:04.0389 INFO Getting message voe@firsthome.com: AAkALgAAAAAAHYQDEapmEc2byACqAC-EWg0A-XGp6OdBg0CxQrF5bBnBPAAHIkGW6wAA 
2026-05-27 18:55:04.1929 INFO Getting message HTML voe@firsthome.com: AAkALgAAAAAAHYQDEapmEc2byACqAC-EWg0A-XGp6OdBg0CxQrF5bBnBPAAHIkGW6wAA 
2026-05-27 18:55:04.2229 INFO Getting message voe@firsthome.com: AAkALgAAAAAAHYQDEapmEc2byACqAC-EWg0A-XGp6OdBg0CxQrF5bBnBPAAHIkGW6wAA 
2026-05-27 18:55:11.0255 INFO Email Logged: Tanisha Gill, First Home Mortgage would like to verify your income and employment 
2026-05-27 18:55:11.0595 INFO Email Logged to Database: AAkALgAAAAAAHYQDEapmEc2byACqAC-EWg0A-XGp6OdBg0CxQrF5bBnBPAAHIkGW6wAA Tanisha Gill, First Home Mortgage would like to verify your income and employment 6:30 PM 
2026-05-27 18:55:11.0855 INFO Getting message voe@firsthome.com: AAkALgAAAAAAHYQDEapmEc2byACqAC-EWg0A-XGp6OdBg0CxQrF5bBnBPAAHIkGW5wAA 
2026-05-27 18:55:11.2480 INFO Getting message HTML voe@firsthome.com: AAkALgAAAAAAHYQDEapmEc2byACqAC-EWg0A-XGp6OdBg0CxQrF5bBnBPAAHIkGW5wAA 
2026-05-27 18:55:11.2756 INFO Getting message voe@firsthome.com: AAkALgAAAAAAHYQDEapmEc2byACqAC-EWg0A-XGp6OdBg0CxQrF5bBnBPAAHIkGW5wAA 
2026-05-27 18:56:51.5571 ERROR Error making web redirect request: https://url.usb.m.mimecastprotect.com/s/2ZfQCjAwnOcYrKD9i7s8UmkV4Y?domain=url4970.truv.com 
2026-05-27 18:56:51.5971 ERROR System.Net.WebException: The operation has timed out
   at System.Net.HttpWebRequest.GetResponse()
   at VOESystem.Data.Business.BusinessBase.getWebRequestRedirect(String URL) in C:\Data\FirstMortgage\BitBucket\voesystem\VOEFrontend\VOESystem.Data\Business\BusinessBase.cs:line 607 System.Net.WebException: The operation has timed out
   at System.Net.HttpWebRequest.GetResponse()
   at VOESystem.Data.Business.BusinessBase.getWebRequestRedirect(String URL) in C:\Data\FirstMortgage\BitBucket\voesystem\VOEFrontend\VOESystem.Data\Business\BusinessBase.cs:line 607
2026-05-27 18:56:51.7022 INFO Retrying Redirect URL: The operation has timed out 
2026-05-27 18:58:31.7460 ERROR Error making web redirect request: https://url.usb.m.mimecastprotect.com/s/2ZfQCjAwnOcYrKD9i7s8UmkV4Y?domain=url4970.truv.com 
2026-05-27 18:58:31.7840 ERROR System.Net.WebException: The operation has timed out
   at System.Net.HttpWebRequest.GetResponse()
   at VOESystem.Data.Business.BusinessBase.getWebRequestRedirect(String URL) in C:\Data\FirstMortgage\BitBucket\voesystem\VOEFrontend\VOESystem.Data\Business\BusinessBase.cs:line 607 System.Net.WebException: The operation has timed out
   at System.Net.HttpWebRequest.GetResponse()
   at VOESystem.Data.Business.BusinessBase.getWebRequestRedirect(String URL) in C:\Data\FirstMortgage\BitBucket\voesystem\VOEFrontend\VOESystem.Data\Business\BusinessBase.cs:line 607
2026-05-27 18:58:31.8210 INFO Retrying Redirect URL: The operation has timed out 
2026-05-27 19:00:11.8645 ERROR Error making web redirect request: https://url.usb.m.mimecastprotect.com/s/2ZfQCjAwnOcYrKD9i7s8UmkV4Y?domain=url4970.truv.com 
2026-05-27 19:00:11.9035 ERROR System.Net.WebException: The operation has timed out
   at System.Net.HttpWebRequest.GetResponse()
   at VOESystem.Data.Business.BusinessBase.getWebRequestRedirect(String URL) in C:\Data\FirstMortgage\BitBucket\voesystem\VOEFrontend\VOESystem.Data\Business\BusinessBase.cs:line 607 System.Net.WebException: The operation has timed out
   at System.Net.HttpWebRequest.GetResponse()
   at VOESystem.Data.Business.BusinessBase.getWebRequestRedirect(String URL) in C:\Data\FirstMortgage\BitBucket\voesystem\VOEFrontend\VOESystem.Data\Business\BusinessBase.cs:line 607
2026-05-27 19:00:11.9405 INFO Retrying Redirect URL: The operation has timed out 
2026-05-27 19:00:11.9765 ERROR Error Importing Email: AAkALgAAAAAAHYQDEapmEc2byACqAC-EWg0A-XGp6OdBg0CxQrF5bBnBPAAHIkGW5wAA Marina Khalid, First Home Mortgage would like to verify your income and employment 6:25 PM 
2026-05-27 19:00:12.0035 ERROR System.Exception: Truv Redirect Order URL Not Found
   at VOEBackend.Email.BaseClass.getOrderRequestFromTruvRedirect(IDbConnection dbConn, String emailBody) in T:\Griffin\SVNDev\VOESystem\VOEBackend\VOEBackend.Email\BaseClass.cs:line 298
   at VOEBackend.Email.EmailOps.insertMail(IMailMessage msg) in T:\Griffin\SVNDev\VOESystem\VOEBackend\VOEBackend.Email\EmailOps.cs:line 73 System.Exception: Truv Redirect Order URL Not Found
   at VOEBackend.Email.BaseClass.getOrderRequestFromTruvRedirect(IDbConnection dbConn, String emailBody) in T:\Griffin\SVNDev\VOESystem\VOEBackend\VOEBackend.Email\BaseClass.cs:line 298
   at VOEBackend.Email.EmailOps.insertMail(IMailMessage msg) in T:\Griffin\SVNDev\VOESystem\VOEBackend\VOEBackend.Email\EmailOps.cs:line 73
2026-05-27 19:00:12.0595 INFO Getting message voe@firsthome.com: AAkALgAAAAAAHYQDEapmEc2byACqAC-EWg0A-XGp6OdBg0CxQrF5bBnBPAAHIkGW4gAA 
2026-05-27 19:00:12.2289 INFO Getting message HTML voe@firsthome.com: AAkALgAAAAAAHYQDEapmEc2byACqAC-EWg0A-XGp6OdBg0CxQrF5bBnBPAAHIkGW4gAA 
2026-05-27 19:00:12.2576 INFO Getting message voe@firsthome.com: AAkALgAAAAAAHYQDEapmEc2byACqAC-EWg0A-XGp6OdBg0CxQrF5bBnBPAAHIkGW4gAA 
2026-05-27 19:01:52.5553 ERROR Error making web redirect request: https://url.usb.m.mimecastprotect.com/s/Xf7KC0An9XckxqQZfWsBU9TRrE?domain=url4970.truv.com 
2026-05-27 19:01:52.5953 ERROR System.Net.WebException: The operation has timed out
   at System.Net.HttpWebRequest.GetResponse()
   at VOESystem.Data.Business.BusinessBase.getWebRequestRedirect(String URL) in C:\Data\FirstMortgage\BitBucket\voesystem\VOEFrontend\VOESystem.Data\Business\BusinessBase.cs:line 607 System.Net.WebException: The operation has timed out
   at System.Net.HttpWebRequest.GetResponse()
   at VOESystem.Data.Business.BusinessBase.getWebRequestRedirect(String URL) in C:\Data\FirstMortgage\BitBucket\voesystem\VOEFrontend\VOESystem.Data\Business\BusinessBase.cs:line 607
2026-05-27 19:01:52.6327 INFO Retrying Redirect URL: The operation has timed out 
2026-05-27 19:03:32.6777 ERROR Error making web redirect request: https://url.usb.m.mimecastprotect.com/s/Xf7KC0An9XckxqQZfWsBU9TRrE?domain=url4970.truv.com 
2026-05-27 19:03:32.7177 ERROR System.Net.WebException: The operation has timed out
   at System.Net.HttpWebRequest.GetResponse()
   at VOESystem.Data.Business.BusinessBase.getWebRequestRedirect(String URL) in C:\Data\FirstMortgage\BitBucket\voesystem\VOEFrontend\VOESystem.Data\Business\BusinessBase.cs:line 607 System.Net.WebException: The operation has timed out
   at System.Net.HttpWebRequest.GetResponse()
   at VOESystem.Data.Business.BusinessBase.getWebRequestRedirect(String URL) in C:\Data\FirstMortgage\BitBucket\voesystem\VOEFrontend\VOESystem.Data\Business\BusinessBase.cs:line 607
2026-05-27 19:03:32.7537 INFO Retrying Redirect URL: The operation has timed out 
2026-05-27 19:05:12.8012 ERROR Error making web redirect request: https://url.usb.m.mimecastprotect.com/s/Xf7KC0An9XckxqQZfWsBU9TRrE?domain=url4970.truv.com 
2026-05-27 19:05:12.8412 ERROR System.Net.WebException: The operation has timed out
   at System.Net.HttpWebRequest.GetResponse()
   at VOESystem.Data.Business.BusinessBase.getWebRequestRedirect(String URL) in C:\Data\FirstMortgage\BitBucket\voesystem\VOEFrontend\VOESystem.Data\Business\BusinessBase.cs:line 607 System.Net.WebException: The operation has timed out
   at System.Net.HttpWebRequest.GetResponse()
   at VOESystem.Data.Business.BusinessBase.getWebRequestRedirect(String URL) in C:\Data\FirstMortgage\BitBucket\voesystem\VOEFrontend\VOESystem.Data\Business\BusinessBase.cs:line 607
2026-05-27 19:05:12.8875 INFO Retrying Redirect URL: The operation has timed out 
2026-05-27 19:05:12.9272 ERROR Error Importing Email: AAkALgAAAAAAHYQDEapmEc2byACqAC-EWg0A-XGp6OdBg0CxQrF5bBnBPAAHIkGW4gAA Charlotte Hamilton, First Home Mortgage would like to verify your income and employment 6:25 PM 
2026-05-27 19:05:12.9612 ERROR System.Exception: Truv Redirect Order URL Not Found
   at VOEBackend.Email.BaseClass.getOrderRequestFromTruvRedirect(IDbConnection dbConn, String emailBody) in T:\Griffin\SVNDev\VOESystem\VOEBackend\VOEBackend.Email\BaseClass.cs:line 298
   at VOEBackend.Email.EmailOps.insertMail(IMailMessage msg) in T:\Griffin\SVNDev\VOESystem\VOEBackend\VOEBackend.Email\EmailOps.cs:line 73 System.Exception: Truv Redirect Order URL Not Found
   at VOEBackend.Email.BaseClass.getOrderRequestFromTruvRedirect(IDbConnection dbConn, String emailBody) in T:\Griffin\SVNDev\VOESystem\VOEBackend\VOEBackend.Email\BaseClass.cs:line 298
   at VOEBackend.Email.EmailOps.insertMail(IMailMessage msg) in T:\Griffin\SVNDev\VOESystem\VOEBackend\VOEBackend.Email\EmailOps.cs:line 73
2026-05-27 19:05:13.0012 INFO Getting message voe@firsthome.com: AAkALgAAAAAAHYQDEapmEc2byACqAC-EWg0A-XGp6OdBg0CxQrF5bBnBPAAHIkGW3wAA 
2026-05-27 19:05:13.2303 INFO Getting message HTML voe@firsthome.com: AAkALgAAAAAAHYQDEapmEc2byACqAC-EWg0A-XGp6OdBg0CxQrF5bBnBPAAHIkGW3wAA 
2026-05-27 19:05:13.2643 INFO Getting message voe@firsthome.com: AAkALgAAAAAAHYQDEapmEc2byACqAC-EWg0A-XGp6OdBg0CxQrF5bBnBPAAHIkGW3wAA 
2026-05-27 19:06:53.5833 ERROR Error making web redirect request: https://url.usb.m.mimecastprotect.com/s/xNTcC8Xy9BSXGDWJTMsvUy8clE?domain=url4970.truv.com 
2026-05-27 19:06:53.6219 ERROR System.Net.WebException: The operation has timed out
   at System.Net.HttpWebRequest.GetResponse()
   at VOESystem.Data.Business.BusinessBase.getWebRequestRedirect(String URL) in C:\Data\FirstMortgage\BitBucket\voesystem\VOEFrontend\VOESystem.Data\Business\BusinessBase.cs:line 607 System.Net.WebException: The operation has timed out
   at System.Net.HttpWebRequest.GetResponse()
   at VOESystem.Data.Business.BusinessBase.getWebRequestRedirect(String URL) in C:\Data\FirstMortgage\BitBucket\voesystem\VOEFrontend\VOESystem.Data\Business\BusinessBase.cs:line 607
2026-05-27 19:06:53.6809 INFO Retrying Redirect URL: The operation has timed out 
2026-05-27 19:08:33.7288 ERROR Error making web redirect request: https://url.usb.m.mimecastprotect.com/s/xNTcC8Xy9BSXGDWJTMsvUy8clE?domain=url4970.truv.com 
2026-05-27 19:08:33.7776 ERROR System.Net.WebException: The operation has timed out
   at System.Net.HttpWebRequest.GetResponse()
   at VOESystem.Data.Business.BusinessBase.getWebRequestRedirect(String URL) in C:\Data\FirstMortgage\BitBucket\voesystem\VOEFrontend\VOESystem.Data\Business\BusinessBase.cs:line 607 System.Net.WebException: The operation has timed out
   at System.Net.HttpWebRequest.GetResponse()
   at VOESystem.Data.Business.BusinessBase.getWebRequestRedirect(String URL) in C:\Data\FirstMortgage\BitBucket\voesystem\VOEFrontend\VOESystem.Data\Business\BusinessBase.cs:line 607
2026-05-27 19:08:33.8321 INFO Retrying Redirect URL: The operation has timed out 
2026-05-27 19:10:13.8993 ERROR Error making web redirect request: https://url.usb.m.mimecastprotect.com/s/xNTcC8Xy9BSXGDWJTMsvUy8clE?domain=url4970.truv.com 
2026-05-27 19:10:13.9433 ERROR System.Net.WebException: The operation has timed out
   at System.Net.HttpWebRequest.GetResponse()
   at VOESystem.Data.Business.BusinessBase.getWebRequestRedirect(String URL) in C:\Data\FirstMortgage\BitBucket\voesystem\VOEFrontend\VOESystem.Data\Business\BusinessBase.cs:line 607 System.Net.WebException: The operation has timed out
   at System.Net.HttpWebRequest.GetResponse()
   at VOESystem.Data.Business.BusinessBase.getWebRequestRedirect(String URL) in C:\Data\FirstMortgage\BitBucket\voesystem\VOEFrontend\VOESystem.Data\Business\BusinessBase.cs:line 607
2026-05-27 19:10:13.9823 INFO Retrying Redirect URL: The operation has timed out 
2026-05-27 19:10:14.0223 ERROR Error Importing Email: AAkALgAAAAAAHYQDEapmEc2byACqAC-EWg0A-XGp6OdBg0CxQrF5bBnBPAAHIkGW3wAA Christine M Micheel, First Home Mortgage would like to verify your income and employment 6:25 PM 
2026-05-27 19:10:14.0553 ERROR System.Exception: Truv Redirect Order URL Not Found
   at VOEBackend.Email.BaseClass.getOrderRequestFromTruvRedirect(IDbConnection dbConn, String emailBody) in T:\Griffin\SVNDev\VOESystem\VOEBackend\VOEBackend.Email\BaseClass.cs:line 298
   at VOEBackend.Email.EmailOps.insertMail(IMailMessage msg) in T:\Griffin\SVNDev\VOESystem\VOEBackend\VOEBackend.Email\EmailOps.cs:line 73 System.Exception: Truv Redirect Order URL Not Found
   at VOEBackend.Email.BaseClass.getOrderRequestFromTruvRedirect(IDbConnection dbConn, String emailBody) in T:\Griffin\SVNDev\VOESystem\VOEBackend\VOEBackend.Email\BaseClass.cs:line 298
   at VOEBackend.Email.EmailOps.insertMail(IMailMessage msg) in T:\Griffin\SVNDev\VOESystem\VOEBackend\VOEBackend.Email\EmailOps.cs:line 73
2026-05-27 19:10:14.0963 INFO Getting message voe@firsthome.com: AAkALgAAAAAAHYQDEapmEc2byACqAC-EWg0A-XGp6OdBg0CxQrF5bBnBPAAHIkGW2QAA 
2026-05-27 19:10:14.2646 INFO Getting message HTML voe@firsthome.com: AAkALgAAAAAAHYQDEapmEc2byACqAC-EWg0A-XGp6OdBg0CxQrF5bBnBPAAHIkGW2QAA 
2026-05-27 19:10:14.2986 INFO Getting message voe@firsthome.com: AAkALgAAAAAAHYQDEapmEc2byACqAC-EWg0A-XGp6OdBg0CxQrF5bBnBPAAHIkGW2QAA 
2026-05-27 19:11:54.6357 ERROR Error making web redirect request: https://url.usb.m.mimecastprotect.com/s/4pweCKAo65cDoz9niAs4U5p_aK?domain=url4970.truv.com 
2026-05-27 19:11:54.6757 ERROR System.Net.WebException: The operation has timed out
   at System.Net.HttpWebRequest.GetResponse()
   at VOESystem.Data.Business.BusinessBase.getWebRequestRedirect(String URL) in C:\Data\FirstMortgage\BitBucket\voesystem\VOEFrontend\VOESystem.Data\Business\BusinessBase.cs:line 607 System.Net.WebException: The operation has timed out
   at System.Net.HttpWebRequest.GetResponse()
   at VOESystem.Data.Business.BusinessBase.getWebRequestRedirect(String URL) in C:\Data\FirstMortgage\BitBucket\voesystem\VOEFrontend\VOESystem.Data\Business\BusinessBase.cs:line 607
2026-05-27 19:11:54.7177 INFO Retrying Redirect URL: The operation has timed out 
2026-05-27 19:13:34.7648 ERROR Error making web redirect request: https://url.usb.m.mimecastprotect.com/s/4pweCKAo65cDoz9niAs4U5p_aK?domain=url4970.truv.com 
2026-05-27 19:13:34.8878 ERROR System.Net.WebException: The operation has timed out
   at System.Net.HttpWebRequest.GetResponse()
   at VOESystem.Data.Business.BusinessBase.getWebRequestRedirect(String URL) in C:\Data\FirstMortgage\BitBucket\voesystem\VOEFrontend\VOESystem.Data\Business\BusinessBase.cs:line 607 System.Net.WebException: The operation has timed out
   at System.Net.HttpWebRequest.GetResponse()
   at VOESystem.Data.Business.BusinessBase.getWebRequestRedirect(String URL) in C:\Data\FirstMortgage\BitBucket\voesystem\VOEFrontend\VOESystem.Data\Business\BusinessBase.cs:line 607
2026-05-27 19:13:34.9528 INFO Retrying Redirect URL: The operation has timed out 
2026-05-27 19:15:15.0138 ERROR Error making web redirect request: https://url.usb.m.mimecastprotect.com/s/4pweCKAo65cDoz9niAs4U5p_aK?domain=url4970.truv.com 
2026-05-27 19:15:15.0558 ERROR System.Net.WebException: The operation has timed out
   at System.Net.HttpWebRequest.GetResponse()
   at VOESystem.Data.Business.BusinessBase.getWebRequestRedirect(String URL) in C:\Data\FirstMortgage\BitBucket\voesystem\VOEFrontend\VOESystem.Data\Business\BusinessBase.cs:line 607 System.Net.WebException: The operation has timed out
   at System.Net.HttpWebRequest.GetResponse()
   at VOESystem.Data.Business.BusinessBase.getWebRequestRedirect(String URL) in C:\Data\FirstMortgage\BitBucket\voesystem\VOEFrontend\VOESystem.Data\Business\BusinessBase.cs:line 607
2026-05-27 19:15:15.1088 INFO Retrying Redirect URL: The operation has timed out 
2026-05-27 19:15:15.1588 ERROR Error Importing Email: AAkALgAAAAAAHYQDEapmEc2byACqAC-EWg0A-XGp6OdBg0CxQrF5bBnBPAAHIkGW2QAA Arik Dashevsky, First Home Mortgage would like to verify your income and employment 6:20 PM 
2026-05-27 19:15:15.1958 ERROR System.Exception: Truv Redirect Order URL Not Found
   at VOEBackend.Email.BaseClass.getOrderRequestFromTruvRedirect(IDbConnection dbConn, String emailBody) in T:\Griffin\SVNDev\VOESystem\VOEBackend\VOEBackend.Email\BaseClass.cs:line 298
   at VOEBackend.Email.EmailOps.insertMail(IMailMessage msg) in T:\Griffin\SVNDev\VOESystem\VOEBackend\VOEBackend.Email\EmailOps.cs:line 73 System.Exception: Truv Redirect Order URL Not Found
   at VOEBackend.Email.BaseClass.getOrderRequestFromTruvRedirect(IDbConnection dbConn, String emailBody) in T:\Griffin\SVNDev\VOESystem\VOEBackend\VOEBackend.Email\BaseClass.cs:line 298
   at VOEBackend.Email.EmailOps.insertMail(IMailMessage msg) in T:\Griffin\SVNDev\VOESystem\VOEBackend\VOEBackend.Email\EmailOps.cs:line 73
2026-05-27 19:15:15.2408 INFO Getting message voe@firsthome.com: AAkALgAAAAAAHYQDEapmEc2byACqAC-EWg0A-XGp6OdBg0CxQrF5bBnBPAAHIkGVlAAA 
2026-05-27 19:15:15.4613 INFO Getting message HTML voe@firsthome.com: AAkALgAAAAAAHYQDEapmEc2byACqAC-EWg0A-XGp6OdBg0CxQrF5bBnBPAAHIkGVlAAA 
2026-05-27 19:15:15.5043 INFO Getting message voe@firsthome.com: AAkALgAAAAAAHYQDEapmEc2byACqAC-EWg0A-XGp6OdBg0CxQrF5bBnBPAAHIkGVlAAA 
2026-05-27 19:15:15.7979 INFO Email Logged: Read: Assistance Needed - Your Verification of Employment [1081523811-02] 
2026-05-27 19:15:15.8514 INFO Email Logged to Database: AAkALgAAAAAAHYQDEapmEc2byACqAC-EWg0A-XGp6OdBg0CxQrF5bBnBPAAHIkGVlAAA Read: Assistance Needed - Your Verification of Employment [1081523811-02] 5:45 PM 
2026-05-27 19:15:15.8844 INFO Getting message voe@firsthome.com: AAkALgAAAAAAHYQDEapmEc2byACqAC-EWg0A-XGp6OdBg0CxQrF5bBnBPAAHIkGVkAAA 
2026-05-27 19:15:16.0874 INFO Getting message HTML voe@firsthome.com: AAkALgAAAAAAHYQDEapmEc2byACqAC-EWg0A-XGp6OdBg0CxQrF5bBnBPAAHIkGVkAAA 
2026-05-27 19:15:16.1314 INFO Getting message voe@firsthome.com: AAkALgAAAAAAHYQDEapmEc2byACqAC-EWg0A-XGp6OdBg0CxQrF5bBnBPAAHIkGVkAAA 
2026-05-27 19:15:16.5384 INFO Skipping Attachment - DisallowedFileType: image002.png in AAkALgAAAAAAHYQDEapmEc2byACqAC-EWg0A-XGp6OdBg0CxQrF5bBnBPAAHIkGVkAAA 
2026-05-27 19:15:16.5744 INFO Skipping Attachment - Possible Signature Image: image003.png(503K) in AAkALgAAAAAAHYQDEapmEc2byACqAC-EWg0A-XGp6OdBg0CxQrF5bBnBPAAHIkGVkAAA 
2026-05-27 19:15:16.6090 INFO Skipping Attachment - Possible Signature Image: image004.jpg(1650K) in AAkALgAAAAAAHYQDEapmEc2byACqAC-EWg0A-XGp6OdBg0CxQrF5bBnBPAAHIkGVkAAA 
2026-05-27 19:15:16.6445 INFO Skipping Attachment - Possible Signature Image: image005.jpg(1702K) in AAkALgAAAAAAHYQDEapmEc2byACqAC-EWg0A-XGp6OdBg0CxQrF5bBnBPAAHIkGVkAAA 
2026-05-27 19:15:16.6745 INFO Skipping Attachment - Possible Signature Image: image006.jpg(1546K) in AAkALgAAAAAAHYQDEapmEc2byACqAC-EWg0A-XGp6OdBg0CxQrF5bBnBPAAHIkGVkAAA 
2026-05-27 19:15:16.7095 INFO Skipping Attachment - Possible Signature Image: image007.jpg(1669K) in AAkALgAAAAAAHYQDEapmEc2byACqAC-EWg0A-XGp6OdBg0CxQrF5bBnBPAAHIkGVkAAA 
2026-05-27 19:15:16.7795 INFO Skipping Attachment - DisallowedFileType: image008.png in AAkALgAAAAAAHYQDEapmEc2byACqAC-EWg0A-XGp6OdBg0CxQrF5bBnBPAAHIkGVkAAA 
2026-05-27 19:15:16.8445 INFO Email Logged: RE: URGENT!!!!Assistance Needed - Your Verification of Employment [1081489417-01] 
2026-05-27 19:15:16.8935 INFO Email Logged to Database: AAkALgAAAAAAHYQDEapmEc2byACqAC-EWg0A-XGp6OdBg0CxQrF5bBnBPAAHIkGVkAAA RE: URGENT!!!!Assistance Needed - Your Verification of Employment [1081489417-01] 5:36 PM 
2026-05-27 19:15:16.9935 INFO Getting message voe@firsthome.com: AAkALgAAAAAAHYQDEapmEc2byACqAC-EWg0A-XGp6OdBg0CxQrF5bBnBPAAHIkGVhgAA 
2026-05-27 19:15:17.1815 INFO Getting message HTML voe@firsthome.com: AAkALgAAAAAAHYQDEapmEc2byACqAC-EWg0A-XGp6OdBg0CxQrF5bBnBPAAHIkGVhgAA 
2026-05-27 19:15:17.2255 INFO Getting message voe@firsthome.com: AAkALgAAAAAAHYQDEapmEc2byACqAC-EWg0A-XGp6OdBg0CxQrF5bBnBPAAHIkGVhgAA 
2026-05-27 19:15:17.5945 INFO Skipping Attachment - Possible Signature Image: Image.jpeg(3966K) in AAkALgAAAAAAHYQDEapmEc2byACqAC-EWg0A-XGp6OdBg0CxQrF5bBnBPAAHIkGVhgAA 
2026-05-27 19:15:17.6255 INFO Skipping Attachment - Possible Signature Image: Image.jpeg(3742K) in AAkALgAAAAAAHYQDEapmEc2byACqAC-EWg0A-XGp6OdBg0CxQrF5bBnBPAAHIkGVhgAA 
2026-05-27 19:15:17.6605 INFO Skipping Attachment - DisallowedFileType: Image.png in AAkALgAAAAAAHYQDEapmEc2byACqAC-EWg0A-XGp6OdBg0CxQrF5bBnBPAAHIkGVhgAA 
2026-05-27 19:15:17.6935 INFO Skipping Attachment - Possible Signature Image: Image.jpeg(5617K) in AAkALgAAAAAAHYQDEapmEc2byACqAC-EWg0A-XGp6OdBg0CxQrF5bBnBPAAHIkGVhgAA 
2026-05-27 19:15:17.7195 INFO Skipping Attachment - Possible Signature Image: Image.jpeg(8800K) in AAkALgAAAAAAHYQDEapmEc2byACqAC-EWg0A-XGp6OdBg0CxQrF5bBnBPAAHIkGVhgAA 
2026-05-27 19:15:17.7470 INFO Skipping Attachment - Possible Signature Image: Image.png(1837K) in AAkALgAAAAAAHYQDEapmEc2byACqAC-EWg0A-XGp6OdBg0CxQrF5bBnBPAAHIkGVhgAA 
2026-05-27 19:15:17.7759 INFO Skipping Attachment - Possible Signature Image: Image.jpeg(2570K) in AAkALgAAAAAAHYQDEapmEc2byACqAC-EWg0A-XGp6OdBg0CxQrF5bBnBPAAHIkGVhgAA 
2026-05-27 19:15:17.8029 INFO Skipping Attachment - Possible Signature Image: Image.jpeg(2609K) in AAkALgAAAAAAHYQDEapmEc2byACqAC-EWg0A-XGp6OdBg0CxQrF5bBnBPAAHIkGVhgAA 
2026-05-27 19:15:17.8599 INFO Email Logged: Re: [External] Re: [External] Re: [External] Re: [External] URGENT - Verification of Employment Request Emily E Woods [5012523068-02] 
2026-05-27 19:15:17.8949 INFO Email Logged to Database: AAkALgAAAAAAHYQDEapmEc2byACqAC-EWg0A-XGp6OdBg0CxQrF5bBnBPAAHIkGVhgAA Re: [External] Re: [External] Re: [External] Re: [External] URGENT - Verification of Employment Request Emily E Woods [5012523068-02] 5:33 PM 
2026-05-27 19:15:17.9249 INFO Getting message voe@firsthome.com: AAkALgAAAAAAHYQDEapmEc2byACqAC-EWg0A-XGp6OdBg0CxQrF5bBnBPAAHIkGVewAA 
2026-05-27 19:15:18.0619 INFO Getting message HTML voe@firsthome.com: AAkALgAAAAAAHYQDEapmEc2byACqAC-EWg0A-XGp6OdBg0CxQrF5bBnBPAAHIkGVewAA 
2026-05-27 19:15:18.0979 INFO Getting message voe@firsthome.com: AAkALgAAAAAAHYQDEapmEc2byACqAC-EWg0A-XGp6OdBg0CxQrF5bBnBPAAHIkGVewAA 
2026-05-27 19:15:18.4657 INFO Skipping Attachment - Possible Signature Image: image001.png(9166K) in AAkALgAAAAAAHYQDEapmEc2byACqAC-EWg0A-XGp6OdBg0CxQrF5bBnBPAAHIkGVewAA 
2026-05-27 19:15:18.5132 INFO Email Logged: RE: Confirmation of New VOE Order for Zackary Krawczyk [1017521858-02] 
2026-05-27 19:15:18.5522 INFO Email Logged to Database: AAkALgAAAAAAHYQDEapmEc2byACqAC-EWg0A-XGp6OdBg0CxQrF5bBnBPAAHIkGVewAA RE: Confirmation of New VOE Order for Zackary Krawczyk [1017521858-02] 5:32 PM 
2026-05-27 19:15:18.5893 INFO Getting message voe@firsthome.com: AAkALgAAAAAAHYQDEapmEc2byACqAC-EWg0A-XGp6OdBg0CxQrF5bBnBPAAHIkGVdwAA 
2026-05-27 19:15:18.7449 INFO Getting message HTML voe@firsthome.com: AAkALgAAAAAAHYQDEapmEc2byACqAC-EWg0A-XGp6OdBg0CxQrF5bBnBPAAHIkGVdwAA 
2026-05-27 19:15:18.7819 INFO Getting message voe@firsthome.com: AAkALgAAAAAAHYQDEapmEc2byACqAC-EWg0A-XGp6OdBg0CxQrF5bBnBPAAHIkGVdwAA 
2026-05-27 19:15:19.0749 INFO Skipping Attachment - Possible Signature Image: image001.png(3075K) in AAkALgAAAAAAHYQDEapmEc2byACqAC-EWg0A-XGp6OdBg0CxQrF5bBnBPAAHIkGVdwAA 
2026-05-27 19:15:19.1211 INFO Email Logged: RE: HR/Payroll Contact – HELP – Verification of Employment [1081489417-01] 
2026-05-27 19:15:19.1566 INFO Email Logged to Database: AAkALgAAAAAAHYQDEapmEc2byACqAC-EWg0A-XGp6OdBg0CxQrF5bBnBPAAHIkGVdwAA RE: HR/Payroll Contact – HELP – Verification of Employment [1081489417-01] 5:25 PM 
2026-05-27 19:15:19.1851 INFO Getting message voe@firsthome.com: AAkALgAAAAAAHYQDEapmEc2byACqAC-EWg0A-XGp6OdBg0CxQrF5bBnBPAAHIkGVbwAA 
2026-05-27 19:15:19.3347 INFO Getting message HTML voe@firsthome.com: AAkALgAAAAAAHYQDEapmEc2byACqAC-EWg0A-XGp6OdBg0CxQrF5bBnBPAAHIkGVbwAA 
2026-05-27 19:15:19.3677 INFO Getting message voe@firsthome.com: AAkALgAAAAAAHYQDEapmEc2byACqAC-EWg0A-XGp6OdBg0CxQrF5bBnBPAAHIkGVbwAA 
2026-05-27 19:15:19.7057 INFO Email Logged: Read: HR/Payroll Contact – HELP – Verification of Employment [1081489417-01] 
2026-05-27 19:15:19.7407 INFO Email Logged to Database: AAkALgAAAAAAHYQDEapmEc2byACqAC-EWg0A-XGp6OdBg0CxQrF5bBnBPAAHIkGVbwAA Read: HR/Payroll Contact – HELP – Verification of Employment [1081489417-01] 5:23 PM 
2026-05-27 19:55:17.7539 INFO Getting messages for folder voe@firsthome.com: Inbox 
2026-05-27 19:55:19.4548 INFO Getting message voe@firsthome.com: AAkALgAAAAAAHYQDEapmEc2byACqAC-EWg0A-XGp6OdBg0CxQrF5bBnBPAAHIkGXTgAA 
2026-05-27 19:55:19.6603 INFO Getting message HTML voe@firsthome.com: AAkALgAAAAAAHYQDEapmEc2byACqAC-EWg0A-XGp6OdBg0CxQrF5bBnBPAAHIkGXTgAA 
2026-05-27 19:55:19.6883 INFO Getting message voe@firsthome.com: AAkALgAAAAAAHYQDEapmEc2byACqAC-EWg0A-XGp6OdBg0CxQrF5bBnBPAAHIkGXTgAA 
2026-05-27 19:55:26.4291 INFO Email Logged: Robert Ndong, First Home Mortgage would like to verify your income and employment 
2026-05-27 19:55:26.4771 INFO Email Logged to Database: AAkALgAAAAAAHYQDEapmEc2byACqAC-EWg0A-XGp6OdBg0CxQrF5bBnBPAAHIkGXTgAA Robert Ndong, First Home Mortgage would like to verify your income and employment 7:50 PM 
2026-05-27 21:50:43.6546 INFO Getting messages for folder voe@firsthome.com: Inbox 
2026-05-27 21:50:45.5041 INFO Getting message voe@firsthome.com: AAkALgAAAAAAHYQDEapmEc2byACqAC-EWg0A-XGp6OdBg0CxQrF5bBnBPAAHIq2bPQAA 
2026-05-27 21:50:45.6511 INFO Getting message HTML voe@firsthome.com: AAkALgAAAAAAHYQDEapmEc2byACqAC-EWg0A-XGp6OdBg0CxQrF5bBnBPAAHIq2bPQAA 
2026-05-27 21:50:45.6771 INFO Getting message voe@firsthome.com: AAkALgAAAAAAHYQDEapmEc2byACqAC-EWg0A-XGp6OdBg0CxQrF5bBnBPAAHIq2bPQAA 
2026-05-27 21:50:47.1310 INFO Email Logged: Re: Assistance Needed - Your Verification of Employment [1024512992-02] 
2026-05-27 21:50:47.1910 INFO Email Logged to Database: AAkALgAAAAAAHYQDEapmEc2byACqAC-EWg0A-XGp6OdBg0CxQrF5bBnBPAAHIq2bPQAA Re: Assistance Needed - Your Verification of Employment [1024512992-02] 8:54 PM 
2026-05-27 21:50:47.2190 INFO Getting message voe@firsthome.com: AAkALgAAAAAAHYQDEapmEc2byACqAC-EWg0A-XGp6OdBg0CxQrF5bBnBPAAHIq2LmAAA 
2026-05-27 21:50:47.3410 INFO Getting message HTML voe@firsthome.com: AAkALgAAAAAAHYQDEapmEc2byACqAC-EWg0A-XGp6OdBg0CxQrF5bBnBPAAHIq2LmAAA 
2026-05-27 21:50:47.3720 INFO Getting message voe@firsthome.com: AAkALgAAAAAAHYQDEapmEc2byACqAC-EWg0A-XGp6OdBg0CxQrF5bBnBPAAHIq2LmAAA 
2026-05-27 21:50:47.7676 INFO Email Not Matched: AAkALgAAAAAAHYQDEapmEc2byACqAC-EWg0A-XGp6OdBg0CxQrF5bBnBPAAHIq2LmAAA Employment Verification for James F Berry 8:51 PM 
2026-05-27 21:50:47.8066 INFO Getting message voe@firsthome.com: AAkALgAAAAAAHYQDEapmEc2byACqAC-EWg0A-XGp6OdBg0CxQrF5bBnBPAAHIkGY2AAA 
2026-05-27 21:50:47.8667 INFO Getting message HTML voe@firsthome.com: AAkALgAAAAAAHYQDEapmEc2byACqAC-EWg0A-XGp6OdBg0CxQrF5bBnBPAAHIkGY2AAA 
2026-05-27 21:50:47.8967 INFO Getting message voe@firsthome.com: AAkALgAAAAAAHYQDEapmEc2byACqAC-EWg0A-XGp6OdBg0CxQrF5bBnBPAAHIkGY2AAA 
2026-05-27 21:50:48.0387 INFO Email Logged: Re: Verification of Employment Request Jenna Guzman [1081523856-03] 
2026-05-27 21:50:48.0747 INFO Email Logged to Database: AAkALgAAAAAAHYQDEapmEc2byACqAC-EWg0A-XGp6OdBg0CxQrF5bBnBPAAHIkGY2AAA Re: Verification of Employment Request Jenna Guzman [1081523856-03] 8:38 PM 
2026-05-27 21:50:48.0997 INFO Getting message voe@firsthome.com: AAkALgAAAAAAHYQDEapmEc2byACqAC-EWg0A-XGp6OdBg0CxQrF5bBnBPAAHIkGY1AAA 
2026-05-27 21:50:48.1987 INFO Getting message HTML voe@firsthome.com: AAkALgAAAAAAHYQDEapmEc2byACqAC-EWg0A-XGp6OdBg0CxQrF5bBnBPAAHIkGY1AAA 
2026-05-27 21:50:48.2257 INFO Getting message voe@firsthome.com: AAkALgAAAAAAHYQDEapmEc2byACqAC-EWg0A-XGp6OdBg0CxQrF5bBnBPAAHIkGY1AAA 
2026-05-27 21:50:48.5348 INFO Email Not Matched: AAkALgAAAAAAHYQDEapmEc2byACqAC-EWg0A-XGp6OdBg0CxQrF5bBnBPAAHIkGY1AAA Prospect VOEs - Gaskill/Jones 1029523007 8:33 PM 
2026-05-27 21:50:48.5728 INFO Getting message voe@firsthome.com: AAkALgAAAAAAHYQDEapmEc2byACqAC-EWg0A-XGp6OdBg0CxQrF5bBnBPAAHIkGYzgAA 
2026-05-27 21:50:48.6498 INFO Getting message HTML voe@firsthome.com: AAkALgAAAAAAHYQDEapmEc2byACqAC-EWg0A-XGp6OdBg0CxQrF5bBnBPAAHIkGYzgAA 
2026-05-27 21:50:48.6768 INFO Getting message voe@firsthome.com: AAkALgAAAAAAHYQDEapmEc2byACqAC-EWg0A-XGp6OdBg0CxQrF5bBnBPAAHIkGYzgAA 
2026-05-27 21:50:55.8195 INFO Email Logged: Rachel L Green, First Home Mortgage would like to verify your income and employment 
2026-05-27 21:50:55.8585 INFO Email Logged to Database: AAkALgAAAAAAHYQDEapmEc2byACqAC-EWg0A-XGp6OdBg0CxQrF5bBnBPAAHIkGYzgAA Rachel L Green, First Home Mortgage would like to verify your income and employment 8:30 PM 
